Order_ID,Company,City,Customer_Age,Product_Category,Discount_Applied,Order_Value,Delivery_Time_Min,Distance_Km,Items_Count,Customer_Rating,Delivery_Partner_Rating
ORD000001,BigBasket Now,Bangalore,45.0,Baby Care,Yes,476.37,14.8,6.97,13.0,2.0,5.0
ORD000002,Dunzo,Bangalore,41.0,Baby Care,Yes,1121.29,20.6,8.85,6.0,2.0,4.0
ORD000003,Swiggy Instamart,Ahmedabad,22.0,Fruits & Vegetables,No,267.17,10.6,0.79,19.0,5.0,4.0
ORD000004,Dunzo,Mumbai,54.0,Beverages,Yes,217.97,16.6,8.78,13.0,4.0,4.0
ORD000005,Dunzo,Hyderabad,29.0,Baby Care,No,377.98,18.1,7.13,9.0,4.0,4.0
ORD000006,Zepto,Mumbai,52.0,Snacks & Munchies,No,749.23,19.3,2.12,11.0,3.0,5.0
ORD000007,Swiggy Instamart,Delhi,57.0,Fruits & Vegetables,No,169.33,18.0,0.74,10.0,5.0,5.0
ORD000008,Swiggy Instamart,Kolkata,19.0,Groceries,Yes,965.05,20.2,2.97,3.0,5.0,1.0
ORD000009,Swiggy Instamart,Bangalore,58.0,Baby Care,No,363.86,13.1,9.2,19.0,1.0,5.0
ORD000010,Dunzo,Ahmedabad,62.0,Personal Care,Yes,259.67,11.3,6.85,7.0,4.0,5.0
ORD000011,BigBasket Now,Hyderabad,56.0,Bakery,No,154.45,43.9,9.23,5.0,3.0,2.0
ORD000012,Swiggy Instamart,Delhi,59.0,Baby Care,No,616.41,14.6,4.74,15.0,5.0,3.0
ORD000013,JioMart Express,Delhi,26.0,Dairy & Eggs,Yes,364.05,15.3,9.4,2.0,3.0,5.0
ORD000014,Dunzo,Delhi,39.0,Beverages,No,446.94,21.6,4.9,11.0,5.0,4.0
ORD000015,Zepto,Delhi,64.0,Dairy & Eggs,No,234.98,31.1,2.44,6.0,4.0,5.0
ORD000016,BigBasket Now,Mumbai,22.0,Household Essentials,No,333.13,13.2,1.94,5.0,,3.0
ORD000017,JioMart Express,Delhi,29.0,Baby Care,Yes,301.28,11.0,9.94,7.0,5.0,1.0
ORD000018,JioMart Express,Bangalore,18.0,Groceries,No,379.8,10.0,3.67,4.0,4.0,3.0
ORD000019,Zepto,Chennai,61.0,Dairy & Eggs,No,269.96,31.1,2.02,5.0,5.0,4.0
ORD000020,BigBasket Now,Hyderabad,39.0,Dairy & Eggs,Yes,160.69,10.9,0.58,5.0,4.0,4.0
ORD000021,Dunzo,Chennai,55.0,Beverages,No,2073.72,16.3,3.21,10.0,3.0,5.0
ORD000022,Blinkit,Mumbai,36.0,Fruits & Vegetables,Yes,178.03,11.1,8.95,18.0,4.0,5.0
ORD000023,BigBasket Now,Delhi,33.0,Groceries,Yes,449.83,9.2,5.57,2.0,4.0,5.0
ORD000024,Zepto,Hyderabad,48.0,Dairy & Eggs,No,139.32,14.6,6.51,15.0,4.0,
ORD000025,JioMart Express,Bangalore,20.0,Meat & Seafood,No,121.73,11.3,9.26,9.0,5.0,3.0
ORD000026,Dunzo,Mumbai,40.0,Groceries,No,427.82,12.5,5.37,2.0,4.0,2.0
ORD000027,BigBasket Now,Kolkata,59.0,Meat & Seafood,No,447.92,36.7,8.46,3.0,5.0,4.0
ORD000028,Blinkit,Kolkata,35.0,Baby Care,Yes,859.97,19.5,3.58,2.0,4.0,
ORD000029,Blinkit,Bangalore,43.0,Dairy & Eggs,Yes,512.72,23.9,9.78,2.0,3.0,4.0
ORD000030,Swiggy Instamart,Mumbai,30.0,Dairy & Eggs,No,368.75,22.9,1.25,19.0,2.0,3.0
ORD000031,Swiggy Instamart,Chennai,35.0,Snacks & Munchies,Yes,228.2,15.8,7.39,14.0,5.0,2.0
ORD000032,Zepto,Hyderabad,20.0,Snacks & Munchies,No,991.69,13.8,6.78,18.0,2.0,4.0
ORD000033,BigBasket Now,Kolkata,40.0,Beverages,No,704.37,18.2,2.32,1.0,2.0,4.0
ORD000034,BigBasket Now,Chennai,20.0,Bakery,Yes,190.99,17.6,4.19,7.0,2.0,5.0
ORD000035,JioMart Express,Kolkata,42.0,Bakery,Yes,412.72,13.1,3.47,8.0,4.0,5.0
ORD000036,JioMart Express,Bangalore,44.0,Fruits & Vegetables,No,439.85,17.3,1.4,,4.0,2.0
ORD000037,JioMart Express,Mumbai,61.0,Beverages,No,327.87,12.4,6.06,4.0,1.0,5.0
ORD000038,Swiggy Instamart,Chennai,44.0,Bakery,No,641.05,15.4,9.94,7.0,4.0,
ORD000039,BigBasket Now,Hyderabad,56.0,Beverages,No,664.5,14.4,5.82,18.0,4.0,4.0
ORD000040,BigBasket Now,Chennai,42.0,Dairy & Eggs,No,359.86,9.9,5.68,18.0,5.0,2.0
ORD000041,Blinkit,Mumbai,41.0,Snacks & Munchies,Yes,340.86,6.4,0.88,10.0,5.0,
ORD000042,Swiggy Instamart,Mumbai,25.0,Snacks & Munchies,Yes,991.65,11.3,1.82,10.0,4.0,2.0
ORD000043,Dunzo,Pune,26.0,Snacks & Munchies,Yes,706.06,33.8,5.38,6.0,4.0,3.0
ORD000044,Swiggy Instamart,Chennai,63.0,Bakery,Yes,421.33,14.5,9.86,12.0,3.0,2.0
ORD000045,Dunzo,Pune,54.0,Groceries,Yes,151.79,22.4,8.83,10.0,5.0,4.0
ORD000046,Blinkit,Chennai,47.0,Personal Care,Yes,495.91,7.0,3.73,13.0,3.0,4.0
ORD000047,Zepto,Hyderabad,36.0,Dairy & Eggs,Yes,613.3,11.0,5.66,12.0,4.0,5.0
ORD000048,BigBasket Now,Hyderabad,33.0,Baby Care,Yes,100.0,9.6,5.75,19.0,5.0,5.0
ORD000049,Blinkit,Pune,41.0,Beverages,No,469.24,15.2,7.01,1.0,5.0,5.0
ORD000050,BigBasket Now,Hyderabad,61.0,Snacks & Munchies,No,314.19,43.3,7.03,1.0,5.0,5.0
ORD000051,JioMart Express,Hyderabad,38.0,Snacks & Munchies,Yes,353.36,19.8,8.0,11.0,5.0,3.0
ORD000052,Zepto,Mumbai,53.0,Snacks & Munchies,No,234.06,32.4,0.74,18.0,5.0,4.0
ORD000053,Zepto,Bangalore,57.0,Dairy & Eggs,Yes,369.11,14.9,9.46,2.0,5.0,4.0
ORD000054,Blinkit,Chennai,56.0,Snacks & Munchies,No,930.01,28.4,1.17,6.0,3.0,4.0
ORD000055,Zepto,Delhi,64.0,Fruits & Vegetables,Yes,308.64,37.7,5.02,16.0,5.0,4.0
ORD000056,Dunzo,Delhi,23.0,Beverages,No,720.07,15.7,9.24,1.0,5.0,5.0
ORD000057,Zepto,Delhi,22.0,Dairy & Eggs,Yes,248.69,13.3,5.13,9.0,3.0,
ORD000058,BigBasket Now,Delhi,31.0,Beverages,No,636.04,9.7,1.1,15.0,4.0,5.0
ORD000059,BigBasket Now,Delhi,62.0,Meat & Seafood,Yes,403.83,14.5,2.68,16.0,2.0,3.0
ORD000060,BigBasket Now,Bangalore,59.0,Household Essentials,No,498.31,17.0,6.0,14.0,5.0,1.0
ORD000061,BigBasket Now,Pune,21.0,Fruits & Vegetables,Yes,405.16,37.1,1.33,7.0,4.0,4.0
ORD000062,Dunzo,Bangalore,25.0,Groceries,Yes,592.87,9.8,4.52,1.0,,4.0
ORD000063,Swiggy Instamart,Mumbai,41.0,Groceries,No,100.0,16.8,3.63,16.0,3.0,1.0
ORD000064,JioMart Express,Mumbai,28.0,Personal Care,Yes,172.11,8.0,8.24,9.0,5.0,4.0
ORD000065,Blinkit,Chennai,34.0,Fruits & Vegetables,No,518.14,13.9,1.55,11.0,4.0,4.0
ORD000066,BigBasket Now,Bangalore,38.0,Beverages,Yes,118.38,18.6,6.99,10.0,4.0,2.0
ORD000067,Zepto,Kolkata,43.0,Groceries,No,293.43,20.2,4.36,11.0,4.0,5.0
ORD000068,BigBasket Now,,60.0,Household Essentials,No,390.49,20.8,6.08,6.0,2.0,3.0
ORD000069,Zepto,Kolkata,61.0,Groceries,Yes,245.46,19.3,2.45,2.0,2.0,5.0
ORD000070,JioMart Express,Delhi,62.0,Snacks & Munchies,Yes,266.42,20.7,6.29,18.0,4.0,3.0
ORD000071,JioMart Express,Chennai,44.0,Personal Care,No,474.83,16.7,6.9,,4.0,4.0
ORD000072,JioMart Express,,33.0,Dairy & Eggs,No,739.21,10.8,1.17,14.0,4.0,5.0
ORD000073,Zepto,Pune,43.0,Baby Care,No,227.0,7.8,8.33,8.0,4.0,5.0
ORD000074,BigBasket Now,Hyderabad,50.0,Baby Care,Yes,285.71,13.2,8.68,4.0,2.0,5.0
ORD000075,JioMart Express,Delhi,48.0,Groceries,No,260.15,15.6,1.1,18.0,5.0,3.0
ORD000076,Dunzo,Delhi,64.0,Beverages,Yes,100.0,27.2,6.23,13.0,3.0,1.0
ORD000077,Zepto,Mumbai,23.0,Beverages,Yes,439.23,15.8,6.14,14.0,2.0,4.0
ORD000078,Zepto,Chennai,61.0,Snacks & Munchies,No,706.86,15.2,0.62,15.0,3.0,4.0
ORD000079,BigBasket Now,Delhi,25.0,Groceries,Yes,742.47,19.2,3.75,19.0,2.0,5.0
ORD000080,Zepto,,24.0,Groceries,Yes,239.26,14.8,9.7,14.0,3.0,4.0
ORD000081,Zepto,Delhi,51.0,Baby Care,Yes,190.37,22.7,5.78,12.0,4.0,
ORD000082,JioMart Express,Hyderabad,61.0,Meat & Seafood,No,408.69,36.3,9.37,15.0,5.0,4.0
ORD000083,BigBasket Now,Kolkata,31.0,Groceries,No,663.52,39.5,6.92,6.0,3.0,5.0
ORD000084,JioMart Express,Kolkata,33.0,Dairy & Eggs,No,442.71,17.1,0.77,19.0,4.0,3.0
ORD000085,JioMart Express,Chennai,60.0,Personal Care,No,479.9,18.8,1.24,2.0,5.0,5.0
ORD000086,BigBasket Now,Mumbai,26.0,Personal Care,No,800.39,30.9,7.36,6.0,3.0,4.0
ORD000087,Blinkit,Mumbai,27.0,Dairy & Eggs,No,258.92,15.5,5.77,11.0,5.0,5.0
ORD000088,JioMart Express,Chennai,34.0,Meat & Seafood,Yes,353.55,21.6,1.71,,3.0,
ORD000089,Dunzo,Delhi,29.0,Beverages,Yes,1075.74,10.4,6.33,9.0,3.0,5.0
ORD000090,Dunzo,Bangalore,23.0,Baby Care,Yes,358.49,14.5,8.2,13.0,4.0,2.0
ORD000091,Zepto,Mumbai,36.0,Personal Care,No,188.59,26.1,7.65,9.0,3.0,5.0
ORD000092,Dunzo,Delhi,60.0,Fruits & Vegetables,No,269.99,12.3,2.84,15.0,5.0,4.0
ORD000093,Zepto,Mumbai,58.0,Household Essentials,Yes,229.77,15.6,2.95,18.0,2.0,4.0
ORD000094,Blinkit,Pune,46.0,Baby Care,Yes,499.84,8.8,9.69,4.0,4.0,2.0
ORD000095,BigBasket Now,Delhi,23.0,Meat & Seafood,No,235.67,36.7,8.93,4.0,4.0,5.0
ORD000096,BigBasket Now,Hyderabad,42.0,Fruits & Vegetables,No,474.67,27.3,3.52,12.0,2.0,3.0
ORD000097,BigBasket Now,Mumbai,41.0,Groceries,No,259.4,17.7,8.33,9.0,5.0,3.0
ORD000098,Dunzo,Hyderabad,42.0,Dairy & Eggs,Yes,112.84,20.1,2.04,,4.0,2.0
ORD000099,Blinkit,Delhi,33.0,Groceries,Yes,484.91,19.3,2.37,6.0,5.0,1.0
ORD000100,Dunzo,Pune,33.0,Snacks & Munchies,Yes,441.01,28.6,2.22,17.0,5.0,4.0
ORD000101,Dunzo,Pune,23.0,Bakery,Yes,550.41,13.4,1.33,17.0,3.0,3.0
ORD000102,Blinkit,Delhi,54.0,Dairy & Eggs,Yes,269.4,22.0,8.62,13.0,4.0,
ORD000103,Blinkit,Pune,38.0,Fruits & Vegetables,No,252.72,25.3,6.0,12.0,,3.0
ORD000104,Blinkit,Ahmedabad,21.0,Household Essentials,Yes,513.31,26.7,2.96,14.0,3.0,4.0
ORD000105,Blinkit,Kolkata,51.0,Bakery,Yes,1003.66,6.7,8.56,8.0,1.0,4.0
ORD000106,BigBasket Now,Kolkata,45.0,Snacks & Munchies,Yes,406.14,12.9,8.13,15.0,5.0,4.0
ORD000107,Swiggy Instamart,Delhi,55.0,Beverages,No,520.48,10.9,1.46,9.0,4.0,4.0
ORD000108,Swiggy Instamart,Hyderabad,58.0,Snacks & Munchies,No,332.64,17.5,6.62,1.0,1.0,4.0
ORD000109,Blinkit,Mumbai,45.0,Bakery,No,159.78,7.3,7.36,17.0,1.0,5.0
ORD000110,Swiggy Instamart,Mumbai,34.0,Personal Care,Yes,720.87,7.3,7.3,10.0,3.0,1.0
ORD000111,Swiggy Instamart,Ahmedabad,31.0,Baby Care,Yes,695.79,39.2,7.37,5.0,1.0,5.0
ORD000112,Blinkit,Delhi,24.0,Meat & Seafood,Yes,617.99,21.1,2.11,11.0,4.0,3.0
ORD000113,Swiggy Instamart,Chennai,39.0,Groceries,Yes,361.71,17.3,3.49,3.0,2.0,5.0
ORD000114,Dunzo,Kolkata,18.0,Beverages,No,577.23,19.0,8.52,2.0,1.0,4.0
ORD000115,Zepto,Pune,46.0,Meat & Seafood,No,689.7,17.4,9.03,4.0,4.0,3.0
ORD000116,Zepto,Ahmedabad,48.0,Snacks & Munchies,No,1066.45,24.5,3.15,2.0,5.0,4.0
ORD000117,Blinkit,Delhi,47.0,Household Essentials,No,730.05,12.8,0.72,1.0,,5.0
ORD000118,BigBasket Now,Mumbai,32.0,Groceries,No,419.18,17.7,8.67,9.0,5.0,4.0
ORD000119,Blinkit,Bangalore,35.0,Beverages,Yes,184.02,18.0,4.08,3.0,1.0,
ORD000120,BigBasket Now,Mumbai,52.0,Meat & Seafood,No,442.92,10.8,3.63,6.0,5.0,2.0
ORD000121,Zepto,Mumbai,47.0,Groceries,Yes,470.57,27.4,3.8,14.0,2.0,5.0
ORD000122,Blinkit,Delhi,51.0,Groceries,No,617.34,13.8,4.45,1.0,5.0,5.0
ORD000123,JioMart Express,Kolkata,59.0,Beverages,Yes,908.99,24.7,4.09,12.0,,4.0
ORD000124,Dunzo,Hyderabad,28.0,Fruits & Vegetables,Yes,381.04,17.2,5.88,16.0,5.0,5.0
ORD000125,Swiggy Instamart,Delhi,44.0,Baby Care,No,1423.1,31.6,1.25,19.0,5.0,3.0
ORD000126,BigBasket Now,Hyderabad,41.0,Fruits & Vegetables,Yes,140.39,10.8,9.73,18.0,4.0,5.0
ORD000127,JioMart Express,Delhi,52.0,Groceries,Yes,518.84,10.7,9.4,14.0,3.0,4.0
ORD000128,Swiggy Instamart,Mumbai,56.0,Bakery,Yes,249.86,11.4,9.38,3.0,4.0,4.0
ORD000129,Swiggy Instamart,Chennai,25.0,Dairy & Eggs,Yes,128.47,17.3,8.85,14.0,4.0,2.0
ORD000130,Blinkit,Hyderabad,35.0,Bakery,No,357.43,30.5,6.77,17.0,1.0,5.0
ORD000131,Swiggy Instamart,Chennai,30.0,Beverages,No,168.29,31.1,2.6,13.0,,5.0
ORD000132,Dunzo,Mumbai,62.0,Groceries,No,366.19,6.5,0.97,1.0,4.0,5.0
ORD000133,JioMart Express,Kolkata,41.0,Groceries,Yes,411.93,18.2,1.44,8.0,1.0,3.0
ORD000134,Swiggy Instamart,Hyderabad,40.0,Household Essentials,No,789.28,5.0,3.58,2.0,4.0,3.0
ORD000135,Blinkit,Hyderabad,29.0,Baby Care,Yes,163.28,22.6,5.29,19.0,4.0,4.0
ORD000136,Dunzo,Hyderabad,47.0,Household Essentials,Yes,695.8,25.7,9.94,15.0,3.0,5.0
ORD000137,Zepto,Pune,48.0,Beverages,Yes,427.88,16.2,4.64,,4.0,5.0
ORD000138,JioMart Express,Hyderabad,45.0,Personal Care,No,747.93,17.0,5.48,14.0,5.0,3.0
ORD000139,Swiggy Instamart,Hyderabad,39.0,Fruits & Vegetables,Yes,311.36,16.9,7.1,18.0,5.0,4.0
ORD000140,Blinkit,Ahmedabad,61.0,Household Essentials,Yes,181.39,12.0,2.22,15.0,4.0,5.0
ORD000141,Zepto,Chennai,45.0,Beverages,No,194.32,19.5,9.36,10.0,3.0,3.0
ORD000142,Zepto,Bangalore,30.0,Fruits & Vegetables,Yes,185.85,15.0,5.53,18.0,,4.0
ORD000143,BigBasket Now,Chennai,42.0,Beverages,No,537.37,23.9,3.12,4.0,1.0,3.0
ORD000144,Dunzo,Bangalore,61.0,Personal Care,No,978.63,15.7,9.38,,3.0,4.0
ORD000145,Swiggy Instamart,Delhi,63.0,Baby Care,Yes,287.44,11.7,6.44,2.0,5.0,5.0
ORD000146,Blinkit,Hyderabad,24.0,Baby Care,Yes,588.44,8.9,5.1,9.0,5.0,5.0
ORD000147,BigBasket Now,Pune,62.0,Beverages,Yes,161.73,7.8,6.01,4.0,5.0,4.0
ORD000148,Dunzo,Pune,23.0,Household Essentials,No,449.53,27.8,7.61,12.0,4.0,4.0
ORD000149,BigBasket Now,Delhi,41.0,Baby Care,No,602.53,13.7,1.97,10.0,2.0,4.0
ORD000150,JioMart Express,Bangalore,36.0,Dairy & Eggs,Yes,169.21,18.8,8.72,11.0,4.0,5.0
ORD000151,Dunzo,Delhi,36.0,Household Essentials,Yes,356.98,33.6,9.62,1.0,4.0,4.0
ORD000152,Dunzo,Ahmedabad,53.0,Meat & Seafood,Yes,619.9,13.1,5.89,13.0,4.0,4.0
ORD000153,Swiggy Instamart,Ahmedabad,26.0,Snacks & Munchies,No,100.0,12.8,6.98,7.0,4.0,5.0
ORD000154,Dunzo,Hyderabad,53.0,Beverages,No,898.99,15.6,8.67,6.0,5.0,5.0
ORD000155,BigBasket Now,Kolkata,55.0,Beverages,Yes,498.8,16.6,4.06,9.0,5.0,5.0
ORD000156,Dunzo,Chennai,57.0,Beverages,No,620.2,35.0,9.93,18.0,4.0,5.0
ORD000157,Swiggy Instamart,Hyderabad,46.0,Personal Care,No,314.94,30.8,6.96,3.0,5.0,4.0
ORD000158,Swiggy Instamart,Mumbai,41.0,Beverages,No,143.5,21.1,4.53,13.0,,5.0
ORD000159,JioMart Express,Bangalore,22.0,Baby Care,Yes,555.82,29.4,6.93,3.0,4.0,4.0
ORD000160,BigBasket Now,Chennai,59.0,Baby Care,Yes,383.92,15.3,5.46,13.0,3.0,1.0
ORD000161,Zepto,Chennai,62.0,Snacks & Munchies,Yes,411.28,18.5,1.56,6.0,3.0,4.0
ORD000162,Zepto,Delhi,43.0,Snacks & Munchies,No,774.77,14.6,8.06,18.0,2.0,4.0
ORD000163,Dunzo,Ahmedabad,31.0,Bakery,No,637.3,9.8,5.86,2.0,3.0,3.0
ORD000164,JioMart Express,Mumbai,56.0,Household Essentials,No,1277.6,26.6,8.06,17.0,5.0,5.0
ORD000165,Blinkit,Bangalore,46.0,Baby Care,Yes,442.44,20.3,1.97,1.0,4.0,
ORD000166,Dunzo,Chennai,23.0,Baby Care,Yes,266.47,16.6,5.61,17.0,5.0,5.0
ORD000167,JioMart Express,Chennai,24.0,Personal Care,Yes,360.3,16.4,7.78,5.0,3.0,
ORD000168,BigBasket Now,Hyderabad,54.0,Baby Care,No,517.7,9.0,9.89,9.0,3.0,4.0
ORD000169,BigBasket Now,Delhi,35.0,Baby Care,Yes,742.12,11.1,8.9,4.0,4.0,4.0
ORD000170,BigBasket Now,Mumbai,40.0,Bakery,Yes,167.3,18.8,8.71,14.0,3.0,5.0
ORD000171,BigBasket Now,Hyderabad,61.0,Dairy & Eggs,No,405.5,13.3,2.85,8.0,4.0,3.0
ORD000172,BigBasket Now,Hyderabad,55.0,Bakery,Yes,1059.68,15.1,8.46,13.0,4.0,5.0
ORD000173,JioMart Express,Mumbai,18.0,Dairy & Eggs,No,349.28,15.8,2.11,6.0,5.0,5.0
ORD000174,JioMart Express,Chennai,21.0,Bakery,Yes,705.29,12.5,2.38,14.0,4.0,5.0
ORD000175,Swiggy Instamart,Bangalore,61.0,Baby Care,No,542.33,11.2,1.55,9.0,4.0,2.0
ORD000176,Zepto,Hyderabad,64.0,Bakery,No,715.88,8.6,8.65,17.0,3.0,4.0
ORD000177,BigBasket Now,Kolkata,52.0,Baby Care,No,248.18,15.5,1.53,7.0,5.0,5.0
ORD000178,Blinkit,Mumbai,40.0,Baby Care,No,248.83,21.1,1.81,9.0,4.0,3.0
ORD000179,JioMart Express,Mumbai,44.0,Snacks & Munchies,No,408.37,8.5,2.84,15.0,4.0,3.0
ORD000180,Blinkit,Kolkata,43.0,Groceries,No,160.88,16.3,5.94,,3.0,4.0
ORD000181,Blinkit,Hyderabad,25.0,Dairy & Eggs,No,343.15,18.4,8.86,14.0,4.0,5.0
ORD000182,Blinkit,Chennai,60.0,Meat & Seafood,No,469.53,11.1,4.47,16.0,5.0,4.0
ORD000183,Swiggy Instamart,Kolkata,33.0,Household Essentials,Yes,1177.07,29.0,5.69,2.0,2.0,4.0
ORD000184,JioMart Express,Kolkata,58.0,Household Essentials,Yes,513.7,14.1,2.08,4.0,5.0,4.0
ORD000185,Blinkit,Ahmedabad,20.0,Bakery,Yes,587.07,15.8,3.03,15.0,4.0,5.0
ORD000186,BigBasket Now,Bangalore,49.0,Groceries,No,811.34,15.4,1.77,11.0,4.0,1.0
ORD000187,Dunzo,Bangalore,22.0,Personal Care,No,226.15,8.1,4.39,11.0,5.0,3.0
ORD000188,Blinkit,Bangalore,37.0,Meat & Seafood,No,365.38,24.6,6.11,13.0,4.0,3.0
ORD000189,Swiggy Instamart,Mumbai,31.0,Household Essentials,Yes,1728.91,11.2,3.2,16.0,,2.0
ORD000190,JioMart Express,Hyderabad,49.0,Fruits & Vegetables,Yes,384.72,15.0,8.54,9.0,4.0,3.0
ORD000191,Swiggy Instamart,Delhi,43.0,Beverages,Yes,788.28,20.9,9.82,2.0,3.0,3.0
ORD000192,Blinkit,Pune,64.0,Fruits & Vegetables,No,719.27,29.5,1.64,2.0,4.0,
ORD000193,JioMart Express,Hyderabad,23.0,Personal Care,Yes,166.19,10.7,0.67,5.0,5.0,3.0
ORD000194,Dunzo,,53.0,Meat & Seafood,No,486.04,13.8,8.0,5.0,5.0,4.0
ORD000195,Blinkit,Delhi,57.0,Household Essentials,Yes,440.56,28.6,2.31,5.0,3.0,5.0
ORD000196,Swiggy Instamart,Mumbai,22.0,Bakery,Yes,491.75,19.8,3.85,14.0,3.0,3.0
ORD000197,Zepto,Mumbai,30.0,Beverages,No,256.6,21.5,4.25,6.0,4.0,4.0
ORD000198,BigBasket Now,Bangalore,49.0,Dairy & Eggs,No,206.41,10.8,9.21,16.0,4.0,3.0
ORD000199,Swiggy Instamart,Mumbai,33.0,Household Essentials,Yes,303.2,14.1,6.76,16.0,3.0,4.0
ORD000200,JioMart Express,Hyderabad,18.0,Household Essentials,No,380.44,15.4,0.89,8.0,3.0,5.0
ORD000201,Blinkit,Pune,30.0,Personal Care,Yes,821.38,11.7,0.64,5.0,5.0,5.0
ORD000202,BigBasket Now,Pune,28.0,Household Essentials,No,1200.37,8.4,2.4,13.0,5.0,4.0
ORD000203,Blinkit,Hyderabad,25.0,Meat & Seafood,No,932.58,13.4,3.52,3.0,5.0,5.0
ORD000204,JioMart Express,Delhi,42.0,Groceries,Yes,675.94,28.3,5.1,9.0,5.0,5.0
ORD000205,Blinkit,Pune,57.0,Meat & Seafood,No,220.83,16.8,8.46,4.0,3.0,3.0
ORD000206,Zepto,Pune,49.0,Dairy & Eggs,Yes,315.66,28.5,3.49,8.0,5.0,3.0
ORD000207,BigBasket Now,Mumbai,41.0,Groceries,No,457.58,17.7,4.08,16.0,4.0,
ORD000208,BigBasket Now,Chennai,45.0,Household Essentials,No,276.04,12.1,3.63,11.0,5.0,5.0
ORD000209,JioMart Express,Delhi,31.0,Household Essentials,No,570.39,27.4,0.59,19.0,3.0,4.0
ORD000210,Zepto,Kolkata,62.0,Beverages,Yes,621.6,17.9,9.57,10.0,3.0,3.0
ORD000211,Swiggy Instamart,Ahmedabad,20.0,Household Essentials,Yes,556.56,24.2,1.82,7.0,5.0,5.0
ORD000212,Blinkit,Mumbai,53.0,Baby Care,Yes,746.26,10.7,3.23,12.0,5.0,3.0
ORD000213,Dunzo,Pune,44.0,Dairy & Eggs,No,234.45,24.9,1.73,8.0,5.0,4.0
ORD000214,Blinkit,Hyderabad,37.0,Snacks & Munchies,No,706.06,25.2,5.16,10.0,5.0,1.0
ORD000215,Blinkit,Ahmedabad,64.0,Bakery,No,265.77,18.5,9.36,5.0,4.0,1.0
ORD000216,Swiggy Instamart,Bangalore,32.0,Beverages,No,229.39,11.9,1.46,5.0,5.0,4.0
ORD000217,Blinkit,Kolkata,44.0,Fruits & Vegetables,Yes,555.17,16.1,4.69,13.0,5.0,4.0
ORD000218,Zepto,Mumbai,62.0,Groceries,Yes,836.75,21.0,0.71,2.0,5.0,3.0
ORD000219,Zepto,Delhi,58.0,Snacks & Munchies,Yes,540.67,18.1,7.82,12.0,4.0,5.0
ORD000220,BigBasket Now,Mumbai,45.0,Bakery,Yes,408.5,20.9,6.59,11.0,1.0,2.0
ORD000221,JioMart Express,Ahmedabad,42.0,Household Essentials,Yes,485.94,24.7,7.15,2.0,4.0,4.0
ORD000222,Dunzo,Kolkata,59.0,Meat & Seafood,No,437.84,12.7,4.99,15.0,4.0,3.0
ORD000223,Blinkit,Pune,61.0,Baby Care,Yes,205.29,10.4,9.12,7.0,5.0,5.0
ORD000224,Blinkit,Pune,63.0,Groceries,Yes,191.41,16.2,4.39,8.0,4.0,5.0
ORD000225,Swiggy Instamart,Mumbai,50.0,Groceries,No,384.79,14.4,5.38,3.0,4.0,2.0
ORD000226,JioMart Express,Bangalore,63.0,Groceries,Yes,423.23,22.5,7.11,17.0,5.0,3.0
ORD000227,Zepto,Mumbai,31.0,Dairy & Eggs,No,406.18,10.7,5.45,6.0,2.0,5.0
ORD000228,Dunzo,Delhi,25.0,Groceries,Yes,605.26,24.7,2.3,15.0,3.0,4.0
ORD000229,BigBasket Now,Delhi,31.0,Beverages,No,354.5,28.3,3.51,13.0,4.0,4.0
ORD000230,Zepto,Bangalore,18.0,Bakery,No,565.54,16.4,1.38,13.0,3.0,3.0
ORD000231,JioMart Express,Delhi,33.0,Meat & Seafood,Yes,369.91,16.8,4.61,12.0,3.0,5.0
ORD000232,BigBasket Now,Mumbai,35.0,Beverages,No,1204.74,12.1,6.29,14.0,5.0,5.0
ORD000233,Swiggy Instamart,Mumbai,24.0,Beverages,No,423.45,13.2,1.63,9.0,4.0,1.0
ORD000234,Swiggy Instamart,Mumbai,32.0,Baby Care,No,1643.25,14.0,6.49,10.0,2.0,4.0
ORD000235,Blinkit,Ahmedabad,41.0,Meat & Seafood,Yes,498.3,29.3,8.98,5.0,3.0,5.0
ORD000236,JioMart Express,Chennai,30.0,Baby Care,Yes,354.88,16.0,3.71,5.0,,4.0
ORD000237,Dunzo,Ahmedabad,26.0,Groceries,No,235.18,9.7,2.61,6.0,4.0,4.0
ORD000238,BigBasket Now,Bangalore,32.0,Groceries,No,169.74,18.2,8.98,12.0,3.0,4.0
ORD000239,Zepto,Delhi,52.0,Beverages,Yes,222.55,22.9,7.07,17.0,5.0,1.0
ORD000240,JioMart Express,Kolkata,41.0,Beverages,Yes,237.99,16.3,1.5,16.0,4.0,5.0
ORD000241,JioMart Express,,50.0,Groceries,Yes,511.27,29.6,4.38,18.0,2.0,4.0
ORD000242,Swiggy Instamart,Delhi,33.0,Personal Care,Yes,294.21,22.4,6.9,6.0,3.0,4.0
ORD000243,Blinkit,Delhi,25.0,Bakery,Yes,451.31,10.8,5.96,10.0,4.0,3.0
ORD000244,Blinkit,Mumbai,46.0,Dairy & Eggs,Yes,870.6,13.2,6.38,9.0,3.0,5.0
ORD000245,BigBasket Now,Delhi,40.0,Snacks & Munchies,Yes,382.72,18.0,5.89,2.0,4.0,5.0
ORD000246,Swiggy Instamart,Delhi,62.0,Household Essentials,Yes,1404.58,8.4,8.08,3.0,5.0,4.0
ORD000247,JioMart Express,Chennai,48.0,Fruits & Vegetables,No,199.24,18.8,3.54,10.0,4.0,5.0
ORD000248,Dunzo,Mumbai,57.0,Meat & Seafood,Yes,368.58,8.1,7.23,8.0,3.0,2.0
ORD000249,Swiggy Instamart,Delhi,31.0,Baby Care,Yes,291.9,24.8,9.92,9.0,5.0,
ORD000250,BigBasket Now,Kolkata,47.0,Meat & Seafood,Yes,707.62,23.6,4.2,19.0,3.0,4.0
ORD000251,BigBasket Now,Mumbai,56.0,Groceries,No,105.23,20.1,8.01,1.0,2.0,3.0
ORD000252,Swiggy Instamart,Delhi,44.0,Snacks & Munchies,No,169.72,12.5,2.84,2.0,3.0,3.0
ORD000253,BigBasket Now,Pune,64.0,Fruits & Vegetables,No,378.26,17.6,3.18,4.0,5.0,3.0
ORD000254,Swiggy Instamart,Mumbai,33.0,Beverages,Yes,1023.34,13.4,9.38,16.0,5.0,5.0
ORD000255,Zepto,Mumbai,23.0,Beverages,No,461.97,10.9,0.75,12.0,3.0,5.0
ORD000256,Swiggy Instamart,Bangalore,50.0,Baby Care,Yes,179.3,14.4,2.57,2.0,,4.0
ORD000257,Swiggy Instamart,Delhi,61.0,Bakery,Yes,196.7,21.7,5.09,15.0,,2.0
ORD000258,BigBasket Now,Hyderabad,35.0,Household Essentials,No,1100.8,16.7,4.32,18.0,4.0,5.0
ORD000259,BigBasket Now,Kolkata,33.0,Bakery,No,277.92,29.4,6.48,16.0,3.0,3.0
ORD000260,Blinkit,Mumbai,29.0,Snacks & Munchies,No,229.11,22.3,2.33,12.0,1.0,4.0
ORD000261,Blinkit,Hyderabad,37.0,Bakery,No,978.89,21.4,1.17,18.0,5.0,5.0
ORD000262,Zepto,Bangalore,62.0,Baby Care,No,740.01,8.6,4.01,14.0,3.0,3.0
ORD000263,Blinkit,Mumbai,57.0,Fruits & Vegetables,Yes,866.48,14.7,5.48,12.0,2.0,4.0
ORD000264,Swiggy Instamart,Hyderabad,46.0,Fruits & Vegetables,Yes,228.14,10.7,5.84,5.0,5.0,1.0
ORD000265,BigBasket Now,Delhi,47.0,Fruits & Vegetables,Yes,161.57,15.3,6.21,4.0,5.0,2.0
ORD000266,Blinkit,Bangalore,43.0,Beverages,No,436.99,12.5,5.71,18.0,4.0,5.0
ORD000267,Blinkit,Mumbai,39.0,Personal Care,Yes,493.28,14.1,2.83,17.0,5.0,3.0
ORD000268,Zepto,Bangalore,50.0,Snacks & Munchies,No,502.08,25.1,7.76,16.0,4.0,4.0
ORD000269,JioMart Express,Delhi,56.0,Household Essentials,Yes,979.37,19.9,1.33,10.0,2.0,3.0
ORD000270,Zepto,Kolkata,64.0,Snacks & Munchies,Yes,142.56,24.6,2.38,17.0,2.0,4.0
ORD000271,Swiggy Instamart,Mumbai,46.0,Snacks & Munchies,Yes,675.75,8.7,7.52,12.0,3.0,2.0
ORD000272,BigBasket Now,Bangalore,39.0,Bakery,Yes,208.94,16.8,3.16,12.0,,5.0
ORD000273,Zepto,Bangalore,62.0,Dairy & Eggs,No,674.14,24.2,5.19,4.0,4.0,2.0
ORD000274,Blinkit,Chennai,30.0,Snacks & Munchies,Yes,303.39,30.0,3.61,3.0,1.0,5.0
ORD000275,BigBasket Now,Hyderabad,26.0,Baby Care,Yes,247.55,8.9,5.32,1.0,4.0,4.0
ORD000276,BigBasket Now,Hyderabad,41.0,Dairy & Eggs,Yes,279.8,14.3,3.79,12.0,3.0,4.0
ORD000277,Blinkit,Kolkata,32.0,Personal Care,Yes,169.46,24.9,9.94,8.0,4.0,5.0
ORD000278,Zepto,Pune,53.0,Baby Care,Yes,413.33,15.2,3.9,8.0,4.0,3.0
ORD000279,Blinkit,Delhi,30.0,Snacks & Munchies,Yes,253.76,11.4,6.46,12.0,4.0,3.0
ORD000280,JioMart Express,Bangalore,44.0,Meat & Seafood,No,646.63,8.8,8.94,4.0,3.0,3.0
ORD000281,BigBasket Now,Kolkata,61.0,Beverages,Yes,592.31,11.3,6.56,16.0,5.0,4.0
ORD000282,Dunzo,Ahmedabad,54.0,Bakery,Yes,1110.86,8.4,5.88,2.0,5.0,5.0
ORD000283,Dunzo,Pune,24.0,Groceries,No,502.6,16.8,5.91,4.0,4.0,3.0
ORD000284,Swiggy Instamart,Delhi,25.0,Household Essentials,Yes,551.37,23.5,5.22,4.0,4.0,5.0
ORD000285,Blinkit,Mumbai,54.0,Household Essentials,Yes,934.55,9.9,8.17,11.0,4.0,4.0
ORD000286,Blinkit,Bangalore,58.0,Baby Care,No,276.83,18.2,0.98,3.0,1.0,1.0
ORD000287,Swiggy Instamart,Chennai,31.0,Household Essentials,Yes,165.18,23.1,8.91,10.0,2.0,5.0
ORD000288,Swiggy Instamart,Bangalore,29.0,Dairy & Eggs,No,454.89,16.4,6.07,12.0,4.0,5.0
ORD000289,Swiggy Instamart,Bangalore,53.0,Fruits & Vegetables,No,171.82,8.6,8.56,17.0,4.0,5.0
ORD000290,BigBasket Now,Kolkata,57.0,Meat & Seafood,No,1758.76,19.2,0.6,9.0,2.0,4.0
ORD000291,JioMart Express,Delhi,34.0,Groceries,No,966.13,16.1,8.76,,,3.0
ORD000292,Blinkit,Pune,57.0,Household Essentials,Yes,1477.91,15.4,1.64,18.0,2.0,
ORD000293,BigBasket Now,Bangalore,46.0,Household Essentials,Yes,418.83,13.2,7.35,12.0,5.0,4.0
ORD000294,Swiggy Instamart,Delhi,44.0,Baby Care,Yes,561.35,17.0,4.46,6.0,3.0,4.0
ORD000295,Blinkit,,18.0,Snacks & Munchies,Yes,306.22,20.2,6.97,18.0,2.0,5.0
ORD000296,BigBasket Now,Chennai,51.0,Beverages,No,685.23,42.8,6.47,13.0,4.0,5.0
ORD000297,JioMart Express,Mumbai,21.0,Bakery,No,194.55,17.2,2.05,15.0,,3.0
ORD000298,BigBasket Now,Mumbai,41.0,Bakery,No,100.0,30.1,5.39,1.0,4.0,4.0
ORD000299,JioMart Express,Ahmedabad,38.0,Bakery,No,251.03,19.0,3.13,8.0,4.0,5.0
ORD000300,Swiggy Instamart,Mumbai,50.0,Bakery,Yes,168.46,15.8,5.82,18.0,4.0,3.0
ORD000301,JioMart Express,Hyderabad,24.0,Personal Care,No,979.22,17.5,7.51,12.0,5.0,4.0
ORD000302,Blinkit,Hyderabad,18.0,Groceries,No,1199.2,10.1,1.27,12.0,3.0,1.0
ORD000303,Swiggy Instamart,Bangalore,58.0,Snacks & Munchies,No,173.86,18.6,5.4,1.0,4.0,4.0
ORD000304,Blinkit,Hyderabad,20.0,Beverages,Yes,875.71,7.4,6.37,10.0,5.0,4.0
ORD000305,Dunzo,Delhi,61.0,Beverages,No,713.96,11.6,3.31,19.0,3.0,2.0
ORD000306,Zepto,Hyderabad,32.0,Baby Care,Yes,157.3,17.2,9.55,19.0,3.0,1.0
ORD000307,JioMart Express,Delhi,48.0,Meat & Seafood,No,319.21,26.5,5.44,11.0,3.0,4.0
ORD000308,Zepto,Hyderabad,33.0,Household Essentials,No,284.83,29.1,2.23,3.0,1.0,3.0
ORD000309,Zepto,Mumbai,27.0,Household Essentials,Yes,631.94,15.0,1.52,14.0,,1.0
ORD000310,JioMart Express,Hyderabad,46.0,Snacks & Munchies,No,193.01,17.5,5.65,18.0,1.0,5.0
ORD000311,Swiggy Instamart,Mumbai,23.0,Personal Care,No,380.19,24.4,4.06,6.0,3.0,4.0
ORD000312,Dunzo,Delhi,46.0,Dairy & Eggs,Yes,267.32,9.7,2.33,9.0,4.0,3.0
ORD000313,Blinkit,Delhi,34.0,Fruits & Vegetables,No,535.93,19.3,0.79,9.0,1.0,5.0
ORD000314,BigBasket Now,Mumbai,39.0,Snacks & Munchies,No,354.22,11.8,5.88,17.0,5.0,3.0
ORD000315,Blinkit,Kolkata,41.0,Dairy & Eggs,No,292.61,15.4,6.19,4.0,5.0,3.0
ORD000316,BigBasket Now,Delhi,34.0,Fruits & Vegetables,No,354.97,13.7,1.85,4.0,4.0,5.0
ORD000317,Blinkit,Pune,38.0,Beverages,No,1368.71,19.6,6.22,19.0,5.0,3.0
ORD000318,JioMart Express,Ahmedabad,28.0,Personal Care,No,314.15,20.5,9.54,16.0,4.0,5.0
ORD000319,Dunzo,Hyderabad,24.0,Snacks & Munchies,Yes,216.03,23.5,9.79,17.0,5.0,5.0
ORD000320,BigBasket Now,Mumbai,59.0,Bakery,Yes,572.53,18.9,8.94,3.0,3.0,3.0
ORD000321,Swiggy Instamart,Delhi,56.0,Beverages,No,370.14,17.6,8.17,7.0,5.0,1.0
ORD000322,Blinkit,Kolkata,22.0,Dairy & Eggs,No,172.58,34.5,2.49,5.0,5.0,2.0
ORD000323,Blinkit,Delhi,61.0,Snacks & Munchies,No,1539.01,8.9,1.99,3.0,3.0,2.0
ORD000324,BigBasket Now,Mumbai,38.0,Snacks & Munchies,No,326.53,32.4,4.73,12.0,4.0,5.0
ORD000325,Swiggy Instamart,Hyderabad,35.0,Baby Care,No,321.59,14.6,6.39,19.0,5.0,4.0
ORD000326,Swiggy Instamart,Kolkata,52.0,Groceries,Yes,444.03,20.7,8.58,9.0,3.0,1.0
ORD000327,JioMart Express,Kolkata,37.0,Beverages,No,1139.19,14.4,2.7,3.0,4.0,4.0
ORD000328,JioMart Express,Mumbai,32.0,Snacks & Munchies,Yes,147.25,12.4,5.06,3.0,2.0,3.0
ORD000329,JioMart Express,Chennai,22.0,Household Essentials,No,476.08,20.0,6.65,16.0,3.0,3.0
ORD000330,JioMart Express,Delhi,30.0,Household Essentials,No,1411.44,24.9,4.73,13.0,2.0,3.0
ORD000331,JioMart Express,Delhi,29.0,Groceries,No,435.82,19.9,4.81,6.0,4.0,5.0
ORD000332,JioMart Express,Pune,38.0,Snacks & Munchies,Yes,192.25,13.2,2.64,1.0,4.0,1.0
ORD000333,Dunzo,Delhi,54.0,Bakery,No,278.37,60.0,9.87,11.0,5.0,4.0
ORD000334,Swiggy Instamart,Delhi,23.0,Groceries,No,456.75,26.6,5.01,18.0,4.0,2.0
ORD000335,JioMart Express,Mumbai,24.0,Groceries,No,896.49,23.9,5.56,3.0,3.0,4.0
ORD000336,Swiggy Instamart,Pune,43.0,Dairy & Eggs,Yes,329.11,14.3,2.58,18.0,2.0,4.0
ORD000337,Swiggy Instamart,Kolkata,59.0,Dairy & Eggs,No,662.48,12.8,5.38,11.0,5.0,
ORD000338,Zepto,Hyderabad,25.0,Meat & Seafood,No,170.51,14.7,2.93,15.0,4.0,4.0
ORD000339,Dunzo,Chennai,26.0,Beverages,No,169.66,25.3,2.42,3.0,5.0,4.0
ORD000340,JioMart Express,Mumbai,44.0,Fruits & Vegetables,No,301.97,11.1,3.12,12.0,1.0,3.0
ORD000341,Blinkit,Bangalore,21.0,Groceries,Yes,956.06,10.7,0.53,12.0,4.0,5.0
ORD000342,BigBasket Now,Delhi,38.0,Dairy & Eggs,Yes,420.45,20.4,5.92,17.0,3.0,4.0
ORD000343,Blinkit,Mumbai,48.0,Personal Care,No,480.05,18.7,4.18,1.0,1.0,
ORD000344,Dunzo,Bangalore,38.0,Meat & Seafood,Yes,476.68,12.1,9.04,11.0,5.0,4.0
ORD000345,BigBasket Now,Pune,57.0,Snacks & Munchies,No,784.88,10.6,0.89,15.0,4.0,5.0
ORD000346,Dunzo,Mumbai,42.0,Beverages,Yes,279.74,29.2,0.91,9.0,,4.0
ORD000347,Swiggy Instamart,Delhi,56.0,Snacks & Munchies,No,609.7,19.0,8.92,7.0,5.0,3.0
ORD000348,BigBasket Now,,32.0,Meat & Seafood,Yes,245.05,9.5,1.7,11.0,4.0,
ORD000349,Swiggy Instamart,Delhi,52.0,Baby Care,No,1326.05,9.8,0.52,18.0,1.0,5.0
ORD000350,Blinkit,Pune,60.0,Household Essentials,Yes,249.58,14.2,2.2,7.0,5.0,5.0
ORD000351,Blinkit,Bangalore,58.0,Beverages,Yes,237.59,22.0,8.33,18.0,3.0,2.0
ORD000352,BigBasket Now,Bangalore,54.0,Household Essentials,Yes,561.05,20.9,8.13,15.0,5.0,4.0
ORD000353,BigBasket Now,Chennai,59.0,Personal Care,Yes,423.21,25.9,3.73,16.0,5.0,4.0
ORD000354,JioMart Express,Mumbai,64.0,Snacks & Munchies,No,490.84,9.1,6.85,15.0,3.0,4.0
ORD000355,Dunzo,Bangalore,45.0,Baby Care,Yes,462.38,18.0,5.32,4.0,4.0,5.0
ORD000356,JioMart Express,Bangalore,31.0,Personal Care,No,209.72,29.1,9.09,,1.0,4.0
ORD000357,Dunzo,Hyderabad,21.0,Fruits & Vegetables,No,1062.11,28.0,1.04,14.0,4.0,4.0
ORD000358,JioMart Express,Ahmedabad,37.0,Snacks & Munchies,No,689.61,19.0,8.23,3.0,5.0,4.0
ORD000359,Swiggy Instamart,Chennai,51.0,Meat & Seafood,No,911.75,42.1,2.12,16.0,3.0,3.0
ORD000360,BigBasket Now,Bangalore,29.0,Baby Care,No,293.83,21.0,4.22,,2.0,4.0
ORD000361,Blinkit,Kolkata,50.0,Beverages,No,517.97,25.0,2.32,19.0,4.0,1.0
ORD000362,Dunzo,Mumbai,41.0,Baby Care,No,454.15,16.7,7.17,10.0,4.0,3.0
ORD000363,Dunzo,Mumbai,37.0,Snacks & Munchies,Yes,793.78,12.0,6.94,17.0,4.0,3.0
ORD000364,Blinkit,Delhi,22.0,Dairy & Eggs,Yes,809.28,11.6,5.71,4.0,5.0,4.0
ORD000365,JioMart Express,Delhi,55.0,Personal Care,No,452.97,17.7,7.13,18.0,4.0,4.0
ORD000366,Dunzo,Bangalore,47.0,Baby Care,No,162.26,15.1,6.58,10.0,5.0,5.0
ORD000367,Swiggy Instamart,Hyderabad,41.0,Household Essentials,No,1173.56,8.1,7.88,16.0,3.0,4.0
ORD000368,BigBasket Now,Pune,60.0,Personal Care,No,563.18,10.9,2.77,3.0,4.0,4.0
ORD000369,Blinkit,Bangalore,57.0,Household Essentials,Yes,280.04,14.5,4.57,12.0,4.0,3.0
ORD000370,BigBasket Now,Bangalore,24.0,Baby Care,No,514.88,22.0,1.94,19.0,5.0,5.0
ORD000371,Dunzo,Mumbai,53.0,Dairy & Eggs,No,162.93,16.3,4.58,3.0,,2.0
ORD000372,Dunzo,Mumbai,55.0,Personal Care,Yes,759.92,16.0,7.17,9.0,5.0,5.0
ORD000373,Blinkit,Hyderabad,33.0,Meat & Seafood,No,166.88,11.1,7.07,7.0,5.0,4.0
ORD000374,Swiggy Instamart,Bangalore,32.0,Personal Care,Yes,353.36,16.6,7.24,16.0,5.0,3.0
ORD000375,Zepto,Kolkata,63.0,Beverages,No,467.16,27.9,3.43,1.0,4.0,4.0
ORD000376,Blinkit,Mumbai,40.0,Baby Care,No,752.43,17.5,6.79,15.0,4.0,1.0
ORD000377,Zepto,Mumbai,29.0,Fruits & Vegetables,Yes,430.06,9.0,3.99,2.0,4.0,3.0
ORD000378,JioMart Express,Bangalore,46.0,Snacks & Munchies,No,590.5,10.0,9.47,16.0,3.0,4.0
ORD000379,Zepto,Delhi,61.0,Groceries,No,396.67,20.8,3.76,7.0,5.0,4.0
ORD000380,Swiggy Instamart,Mumbai,32.0,Bakery,Yes,395.71,15.0,6.23,14.0,5.0,2.0
ORD000381,JioMart Express,Chennai,46.0,Fruits & Vegetables,Yes,424.66,16.0,7.63,2.0,5.0,4.0
ORD000382,Zepto,Mumbai,62.0,Household Essentials,No,360.17,12.9,9.11,18.0,4.0,5.0
ORD000383,JioMart Express,Hyderabad,60.0,Meat & Seafood,Yes,146.65,20.1,4.66,1.0,,4.0
ORD000384,Zepto,Delhi,38.0,Meat & Seafood,No,254.42,14.6,3.92,16.0,4.0,3.0
ORD000385,Swiggy Instamart,Mumbai,32.0,Bakery,Yes,467.25,15.3,4.59,9.0,4.0,2.0
ORD000386,Zepto,Delhi,31.0,Dairy & Eggs,No,347.42,11.7,3.58,,5.0,1.0
ORD000387,Zepto,Kolkata,59.0,Beverages,No,367.42,23.8,6.71,13.0,5.0,5.0
ORD000388,Zepto,Bangalore,61.0,Snacks & Munchies,Yes,332.28,15.1,9.36,2.0,2.0,4.0
ORD000389,Blinkit,Chennai,33.0,Fruits & Vegetables,No,240.29,21.0,1.7,18.0,4.0,4.0
ORD000390,Blinkit,Mumbai,32.0,Groceries,No,300.11,10.2,5.83,,4.0,2.0
ORD000391,Blinkit,Kolkata,59.0,Personal Care,No,335.59,32.9,9.03,8.0,4.0,3.0
ORD000392,Swiggy Instamart,Delhi,21.0,Bakery,No,404.68,27.4,1.45,3.0,4.0,5.0
ORD000393,JioMart Express,Chennai,44.0,Dairy & Eggs,No,510.82,7.7,5.19,17.0,3.0,4.0
ORD000394,Dunzo,Hyderabad,40.0,Meat & Seafood,No,362.01,11.9,8.72,2.0,3.0,5.0
ORD000395,Zepto,Pune,46.0,Groceries,No,217.5,19.9,9.05,6.0,5.0,5.0
ORD000396,Zepto,Bangalore,58.0,Meat & Seafood,No,174.36,9.7,5.39,8.0,1.0,5.0
ORD000397,Swiggy Instamart,Mumbai,26.0,Baby Care,Yes,1916.9,15.6,0.74,17.0,5.0,3.0
ORD000398,Zepto,,60.0,Bakery,No,204.82,19.5,1.5,6.0,4.0,3.0
ORD000399,Blinkit,Kolkata,60.0,Dairy & Eggs,Yes,295.55,15.3,6.07,12.0,5.0,3.0
ORD000400,Dunzo,Bangalore,24.0,Personal Care,Yes,550.16,20.4,1.68,16.0,5.0,5.0
ORD000401,BigBasket Now,Kolkata,59.0,Household Essentials,Yes,500.96,12.5,1.92,6.0,4.0,4.0
ORD000402,Zepto,Delhi,21.0,Dairy & Eggs,Yes,551.43,6.7,7.84,2.0,4.0,5.0
ORD000403,Blinkit,Delhi,22.0,Snacks & Munchies,Yes,309.32,24.4,7.63,3.0,4.0,5.0
ORD000404,BigBasket Now,Mumbai,22.0,Personal Care,Yes,465.51,24.3,8.51,9.0,3.0,5.0
ORD000405,Dunzo,Ahmedabad,28.0,Fruits & Vegetables,Yes,418.55,44.8,1.5,19.0,2.0,4.0
ORD000406,BigBasket Now,Hyderabad,58.0,Dairy & Eggs,No,334.53,6.8,2.38,10.0,4.0,3.0
ORD000407,Blinkit,Pune,45.0,Personal Care,Yes,467.43,22.2,8.41,13.0,5.0,3.0
ORD000408,JioMart Express,Delhi,33.0,Fruits & Vegetables,Yes,759.92,7.5,7.35,13.0,3.0,4.0
ORD000409,JioMart Express,Hyderabad,58.0,Dairy & Eggs,Yes,398.09,33.2,8.16,15.0,4.0,5.0
ORD000410,BigBasket Now,Chennai,47.0,Groceries,Yes,399.68,20.0,9.9,13.0,4.0,5.0
ORD000411,Swiggy Instamart,Delhi,21.0,Household Essentials,Yes,765.78,11.2,8.71,13.0,5.0,3.0
ORD000412,BigBasket Now,Kolkata,19.0,Groceries,No,718.25,22.5,5.44,6.0,2.0,3.0
ORD000413,Zepto,Ahmedabad,63.0,Snacks & Munchies,No,1043.53,13.2,3.45,18.0,3.0,4.0
ORD000414,Zepto,Pune,20.0,Personal Care,No,140.65,18.5,5.91,7.0,5.0,4.0
ORD000415,JioMart Express,,38.0,Fruits & Vegetables,No,694.42,17.9,6.57,3.0,1.0,2.0
ORD000416,Swiggy Instamart,Delhi,23.0,Baby Care,Yes,578.79,33.0,3.69,1.0,4.0,4.0
ORD000417,Blinkit,Delhi,60.0,Dairy & Eggs,Yes,237.13,34.0,7.82,12.0,4.0,5.0
ORD000418,Zepto,Ahmedabad,35.0,Baby Care,Yes,469.16,12.9,1.38,5.0,4.0,5.0
ORD000419,JioMart Express,Mumbai,61.0,Dairy & Eggs,No,757.99,25.1,7.9,11.0,4.0,4.0
ORD000420,Dunzo,Chennai,22.0,Snacks & Munchies,Yes,245.31,19.0,0.8,12.0,5.0,4.0
ORD000421,JioMart Express,Chennai,26.0,Baby Care,No,526.12,9.3,5.23,16.0,3.0,3.0
ORD000422,Zepto,Hyderabad,37.0,Fruits & Vegetables,Yes,680.49,12.4,8.68,1.0,3.0,5.0
ORD000423,Zepto,Ahmedabad,45.0,Beverages,Yes,212.17,41.9,1.32,18.0,4.0,2.0
ORD000424,JioMart Express,Delhi,43.0,Groceries,No,370.42,19.0,5.42,1.0,4.0,3.0
ORD000425,Blinkit,Delhi,35.0,Fruits & Vegetables,No,483.27,24.5,2.01,5.0,4.0,1.0
ORD000426,BigBasket Now,Mumbai,36.0,Meat & Seafood,No,250.22,15.1,9.0,4.0,5.0,4.0
ORD000427,Zepto,Bangalore,20.0,Bakery,No,238.06,13.3,8.41,1.0,5.0,5.0
ORD000428,JioMart Express,Delhi,26.0,Snacks & Munchies,No,372.03,16.6,9.37,15.0,3.0,5.0
ORD000429,JioMart Express,Delhi,53.0,Household Essentials,No,652.61,14.8,8.81,5.0,3.0,4.0
ORD000430,Swiggy Instamart,Kolkata,48.0,Dairy & Eggs,No,593.62,9.0,7.5,7.0,3.0,5.0
ORD000431,BigBasket Now,Pune,34.0,Fruits & Vegetables,Yes,240.6,11.0,2.26,17.0,5.0,3.0
ORD000432,Dunzo,Mumbai,40.0,Baby Care,No,596.63,21.8,3.37,6.0,4.0,4.0
ORD000433,Blinkit,Delhi,51.0,Bakery,No,244.31,14.1,5.22,13.0,4.0,5.0
ORD000434,Dunzo,Pune,58.0,Beverages,Yes,153.53,16.6,6.09,15.0,5.0,4.0
ORD000435,BigBasket Now,Mumbai,58.0,Meat & Seafood,No,323.67,18.1,7.93,7.0,4.0,2.0
ORD000436,BigBasket Now,Mumbai,22.0,Baby Care,No,791.38,18.6,2.66,7.0,2.0,5.0
ORD000437,BigBasket Now,Mumbai,32.0,Groceries,No,597.99,26.0,1.72,13.0,4.0,3.0
ORD000438,Dunzo,Hyderabad,64.0,Beverages,Yes,403.05,10.6,5.08,4.0,4.0,2.0
ORD000439,BigBasket Now,Mumbai,20.0,Bakery,No,314.18,20.7,2.0,18.0,5.0,4.0
ORD000440,JioMart Express,Ahmedabad,36.0,Personal Care,No,319.3,22.2,7.09,,4.0,2.0
ORD000441,Dunzo,Bangalore,45.0,Personal Care,No,430.64,24.4,5.97,19.0,2.0,4.0
ORD000442,BigBasket Now,Bangalore,20.0,Bakery,Yes,212.5,9.3,7.54,16.0,3.0,4.0
ORD000443,JioMart Express,Delhi,55.0,Personal Care,No,327.38,18.2,1.1,18.0,5.0,3.0
ORD000444,Swiggy Instamart,Bangalore,21.0,Snacks & Munchies,Yes,354.48,32.7,9.66,16.0,5.0,5.0
ORD000445,BigBasket Now,Hyderabad,41.0,Fruits & Vegetables,No,179.35,15.8,0.5,16.0,1.0,5.0
ORD000446,Dunzo,Chennai,48.0,Dairy & Eggs,Yes,243.94,20.0,3.59,2.0,1.0,2.0
ORD000447,Zepto,Chennai,62.0,Fruits & Vegetables,No,516.1,22.5,6.96,14.0,4.0,5.0
ORD000448,BigBasket Now,Hyderabad,62.0,Meat & Seafood,No,405.74,10.9,0.93,19.0,4.0,4.0
ORD000449,Zepto,Pune,28.0,Fruits & Vegetables,Yes,335.21,34.2,1.29,16.0,3.0,5.0
ORD000450,JioMart Express,Kolkata,54.0,Fruits & Vegetables,Yes,233.49,20.1,1.23,4.0,4.0,5.0
ORD000451,Swiggy Instamart,Chennai,18.0,Groceries,Yes,1039.1,20.2,6.02,13.0,5.0,
ORD000452,Blinkit,Mumbai,26.0,Dairy & Eggs,Yes,244.01,8.5,9.01,8.0,4.0,4.0
ORD000453,Swiggy Instamart,Mumbai,34.0,Fruits & Vegetables,Yes,469.17,22.6,5.78,3.0,4.0,5.0
ORD000454,BigBasket Now,Delhi,18.0,Dairy & Eggs,No,301.05,20.1,6.23,3.0,5.0,
ORD000455,Zepto,Hyderabad,20.0,Household Essentials,No,412.31,31.5,3.79,5.0,3.0,2.0
ORD000456,Zepto,Bangalore,64.0,Personal Care,No,530.9,14.5,0.68,11.0,4.0,1.0
ORD000457,Dunzo,Bangalore,43.0,Baby Care,No,177.3,11.1,0.71,13.0,4.0,2.0
ORD000458,Zepto,Pune,48.0,Groceries,Yes,401.83,12.5,8.94,2.0,4.0,1.0
ORD000459,Dunzo,Pune,43.0,Personal Care,Yes,824.22,13.4,1.47,6.0,5.0,3.0
ORD000460,JioMart Express,Pune,40.0,Dairy & Eggs,Yes,1160.84,10.5,10.0,7.0,3.0,3.0
ORD000461,Blinkit,Delhi,47.0,Personal Care,No,373.15,27.6,2.06,4.0,2.0,
ORD000462,BigBasket Now,Chennai,27.0,Fruits & Vegetables,No,413.65,28.0,6.91,9.0,5.0,4.0
ORD000463,Dunzo,Delhi,25.0,Baby Care,Yes,1520.51,15.2,9.52,18.0,,5.0
ORD000464,Blinkit,Mumbai,61.0,Fruits & Vegetables,Yes,797.08,14.1,3.94,14.0,4.0,5.0
ORD000465,Zepto,Mumbai,42.0,Meat & Seafood,No,278.56,8.0,7.48,6.0,4.0,3.0
ORD000466,Zepto,Delhi,39.0,Fruits & Vegetables,No,278.28,21.7,3.83,2.0,5.0,5.0
ORD000467,Blinkit,Bangalore,32.0,Baby Care,No,716.18,31.9,3.4,4.0,4.0,5.0
ORD000468,Zepto,Kolkata,58.0,Beverages,Yes,219.95,12.7,2.42,15.0,4.0,5.0
ORD000469,JioMart Express,Mumbai,27.0,Household Essentials,No,774.82,15.7,8.3,3.0,4.0,5.0
ORD000470,JioMart Express,Chennai,37.0,Dairy & Eggs,Yes,493.03,19.6,2.95,4.0,,5.0
ORD000471,Blinkit,Bangalore,58.0,Household Essentials,No,550.39,32.8,3.19,4.0,5.0,3.0
ORD000472,Dunzo,Delhi,64.0,Meat & Seafood,No,345.83,17.8,9.99,15.0,3.0,2.0
ORD000473,Dunzo,Bangalore,40.0,Household Essentials,No,276.47,17.8,3.61,11.0,5.0,4.0
ORD000474,Blinkit,Delhi,18.0,Personal Care,Yes,969.9,17.7,4.52,17.0,5.0,2.0
ORD000475,Dunzo,Hyderabad,19.0,Bakery,Yes,347.91,9.3,9.91,,4.0,5.0
ORD000476,Dunzo,Bangalore,36.0,Groceries,No,315.27,9.2,4.01,3.0,4.0,4.0
ORD000477,JioMart Express,,31.0,Baby Care,Yes,384.49,11.9,3.98,10.0,4.0,5.0
ORD000478,Dunzo,Mumbai,25.0,Groceries,No,452.96,24.7,8.36,4.0,4.0,5.0
ORD000479,Swiggy Instamart,Bangalore,55.0,Baby Care,No,217.35,14.4,3.46,13.0,5.0,4.0
ORD000480,BigBasket Now,Pune,29.0,Dairy & Eggs,Yes,287.46,13.3,2.72,2.0,2.0,
ORD000481,Zepto,Delhi,43.0,Household Essentials,No,278.43,13.2,4.52,6.0,3.0,3.0
ORD000482,Swiggy Instamart,Chennai,44.0,Dairy & Eggs,Yes,669.93,15.6,7.16,19.0,3.0,4.0
ORD000483,Dunzo,Hyderabad,46.0,Fruits & Vegetables,No,237.09,32.5,0.91,8.0,5.0,5.0
ORD000484,JioMart Express,Pune,32.0,Fruits & Vegetables,No,140.69,15.5,4.05,6.0,4.0,5.0
ORD000485,Blinkit,Kolkata,63.0,Groceries,No,123.93,12.0,3.79,14.0,4.0,3.0
ORD000486,Dunzo,Hyderabad,18.0,Snacks & Munchies,Yes,166.96,16.6,2.83,8.0,5.0,3.0
ORD000487,JioMart Express,Hyderabad,60.0,Snacks & Munchies,No,913.17,33.2,6.72,6.0,5.0,1.0
ORD000488,BigBasket Now,Pune,45.0,Bakery,No,407.37,13.4,3.25,12.0,5.0,3.0
ORD000489,Dunzo,Bangalore,20.0,Snacks & Munchies,Yes,544.98,10.3,6.26,9.0,2.0,5.0
ORD000490,Blinkit,Delhi,35.0,Meat & Seafood,No,556.63,13.5,5.29,7.0,4.0,3.0
ORD000491,JioMart Express,Mumbai,51.0,Personal Care,No,417.26,17.3,2.56,13.0,5.0,4.0
ORD000492,JioMart Express,Kolkata,49.0,Personal Care,No,385.73,21.7,3.03,16.0,3.0,4.0
ORD000493,JioMart Express,Kolkata,46.0,Fruits & Vegetables,No,755.0,24.6,2.12,8.0,3.0,3.0
ORD000494,BigBasket Now,Mumbai,42.0,Snacks & Munchies,Yes,440.36,10.8,1.04,14.0,4.0,4.0
ORD000495,Dunzo,Hyderabad,43.0,Bakery,No,933.98,11.2,6.38,16.0,5.0,4.0
ORD000496,BigBasket Now,Bangalore,56.0,Baby Care,Yes,585.52,14.5,6.89,6.0,4.0,4.0
ORD000497,Zepto,Mumbai,25.0,Fruits & Vegetables,Yes,278.47,21.6,2.08,4.0,4.0,4.0
ORD000498,Zepto,Ahmedabad,36.0,Dairy & Eggs,Yes,299.38,9.9,6.35,4.0,4.0,3.0
ORD000499,Dunzo,Delhi,64.0,Snacks & Munchies,Yes,260.74,12.9,9.83,3.0,3.0,4.0
ORD000500,BigBasket Now,Mumbai,59.0,Fruits & Vegetables,Yes,837.59,13.0,1.21,10.0,5.0,5.0
ORD000501,Blinkit,Hyderabad,39.0,Snacks & Munchies,No,316.39,24.0,5.16,6.0,3.0,5.0
ORD000502,JioMart Express,Chennai,46.0,Meat & Seafood,No,249.86,20.3,7.46,18.0,4.0,
ORD000503,JioMart Express,Mumbai,50.0,Bakery,No,488.76,23.6,0.94,13.0,2.0,5.0
ORD000504,Dunzo,Hyderabad,55.0,Groceries,Yes,380.58,28.1,7.89,11.0,4.0,5.0
ORD000505,Zepto,Bangalore,62.0,Beverages,Yes,481.42,14.6,9.81,4.0,5.0,3.0
ORD000506,Zepto,Mumbai,63.0,Bakery,No,1253.74,10.2,1.34,8.0,5.0,5.0
ORD000507,JioMart Express,Mumbai,52.0,Snacks & Munchies,No,697.74,10.3,8.31,3.0,4.0,4.0
ORD000508,Dunzo,Hyderabad,60.0,Dairy & Eggs,No,410.02,7.9,4.1,12.0,3.0,5.0
ORD000509,BigBasket Now,Delhi,20.0,Dairy & Eggs,Yes,173.29,13.7,1.87,13.0,3.0,3.0
ORD000510,Zepto,Pune,36.0,Groceries,No,298.87,14.1,5.19,11.0,3.0,5.0
ORD000511,BigBasket Now,Kolkata,27.0,Household Essentials,Yes,618.09,22.5,1.18,9.0,4.0,4.0
ORD000512,Zepto,Ahmedabad,44.0,Dairy & Eggs,No,199.81,16.6,5.46,4.0,4.0,4.0
ORD000513,Zepto,Delhi,32.0,Fruits & Vegetables,No,1457.65,13.5,0.68,11.0,5.0,4.0
ORD000514,Swiggy Instamart,Ahmedabad,28.0,Dairy & Eggs,No,406.93,15.7,7.42,8.0,5.0,4.0
ORD000515,Zepto,Bangalore,64.0,Beverages,No,415.43,10.9,5.14,18.0,3.0,3.0
ORD000516,Blinkit,Delhi,43.0,Groceries,Yes,270.43,24.8,4.86,3.0,5.0,2.0
ORD000517,Dunzo,Mumbai,41.0,Fruits & Vegetables,No,543.51,12.0,2.36,4.0,5.0,3.0
ORD000518,Dunzo,Mumbai,30.0,Snacks & Munchies,No,201.38,10.4,3.93,17.0,,4.0
ORD000519,BigBasket Now,Chennai,49.0,Bakery,No,1478.73,22.8,2.23,16.0,5.0,4.0
ORD000520,Zepto,Bangalore,54.0,Groceries,Yes,889.28,20.7,7.49,7.0,,1.0
ORD000521,Blinkit,Delhi,21.0,Beverages,No,728.2,8.3,2.39,,,4.0
ORD000522,BigBasket Now,Hyderabad,30.0,Personal Care,No,175.17,23.2,6.36,5.0,5.0,3.0
ORD000523,Swiggy Instamart,Delhi,26.0,Beverages,Yes,456.34,12.2,3.16,1.0,4.0,3.0
ORD000524,BigBasket Now,Hyderabad,51.0,Baby Care,Yes,833.35,14.2,6.74,13.0,4.0,2.0
ORD000525,BigBasket Now,Delhi,54.0,Baby Care,Yes,575.86,17.7,5.63,12.0,4.0,4.0
ORD000526,Zepto,Kolkata,24.0,Personal Care,No,221.13,20.8,4.52,19.0,5.0,
ORD000527,Swiggy Instamart,Kolkata,18.0,Meat & Seafood,Yes,273.13,19.7,6.89,8.0,2.0,3.0
ORD000528,BigBasket Now,Bangalore,29.0,Dairy & Eggs,No,307.61,16.1,4.45,8.0,4.0,4.0
ORD000529,Blinkit,Delhi,38.0,Bakery,No,280.88,13.9,8.3,,4.0,3.0
ORD000530,Blinkit,Delhi,28.0,Household Essentials,No,1009.56,19.4,7.43,4.0,4.0,4.0
ORD000531,Dunzo,Kolkata,61.0,Household Essentials,No,127.41,15.7,5.64,7.0,4.0,
ORD000532,Swiggy Instamart,Delhi,61.0,Bakery,Yes,597.98,33.9,8.83,16.0,4.0,5.0
ORD000533,Swiggy Instamart,Delhi,61.0,Beverages,No,185.79,20.8,8.37,18.0,3.0,5.0
ORD000534,Dunzo,Mumbai,31.0,Personal Care,No,226.61,11.4,5.55,6.0,5.0,5.0
ORD000535,BigBasket Now,Bangalore,51.0,Personal Care,No,120.8,13.6,1.15,18.0,4.0,4.0
ORD000536,Swiggy Instamart,Bangalore,51.0,Snacks & Munchies,No,290.2,16.8,5.88,4.0,5.0,4.0
ORD000537,Blinkit,,42.0,Groceries,No,998.68,27.7,3.87,9.0,3.0,5.0
ORD000538,Blinkit,Delhi,21.0,Fruits & Vegetables,Yes,472.91,28.9,5.63,13.0,4.0,4.0
ORD000539,Zepto,Bangalore,43.0,Baby Care,No,196.56,14.0,6.65,19.0,,4.0
ORD000540,Swiggy Instamart,Kolkata,33.0,Household Essentials,No,742.7,11.3,6.63,12.0,4.0,4.0
ORD000541,BigBasket Now,Kolkata,27.0,Dairy & Eggs,No,844.53,10.8,6.9,16.0,5.0,4.0
ORD000542,Dunzo,Bangalore,62.0,Fruits & Vegetables,No,429.42,18.2,6.95,5.0,1.0,2.0
ORD000543,Dunzo,,19.0,Beverages,Yes,1367.65,41.3,1.54,2.0,4.0,5.0
ORD000544,BigBasket Now,Delhi,52.0,Snacks & Munchies,No,660.46,20.4,2.32,3.0,4.0,5.0
ORD000545,JioMart Express,Pune,36.0,Fruits & Vegetables,No,607.65,8.7,6.49,13.0,4.0,2.0
ORD000546,Zepto,Mumbai,23.0,Snacks & Munchies,Yes,249.13,12.3,4.38,7.0,4.0,5.0
ORD000547,Dunzo,Pune,36.0,Household Essentials,No,587.83,12.8,7.75,13.0,3.0,3.0
ORD000548,Swiggy Instamart,,25.0,Household Essentials,Yes,459.47,11.8,1.69,16.0,4.0,3.0
ORD000549,Zepto,Bangalore,31.0,Dairy & Eggs,No,551.09,14.1,2.32,14.0,3.0,4.0
ORD000550,Swiggy Instamart,Mumbai,27.0,Personal Care,Yes,267.53,19.1,5.81,18.0,4.0,1.0
ORD000551,Blinkit,Bangalore,20.0,Beverages,No,435.66,21.6,5.26,13.0,3.0,4.0
ORD000552,Zepto,Bangalore,55.0,Meat & Seafood,Yes,247.12,25.4,3.03,14.0,4.0,1.0
ORD000553,Dunzo,Mumbai,46.0,Bakery,No,111.24,20.3,4.38,9.0,4.0,4.0
ORD000554,Zepto,Hyderabad,32.0,Dairy & Eggs,Yes,734.35,7.5,0.83,8.0,5.0,4.0
ORD000555,Zepto,Ahmedabad,40.0,Household Essentials,Yes,163.79,10.8,0.85,5.0,4.0,5.0
ORD000556,Zepto,Hyderabad,40.0,Groceries,No,430.23,15.4,1.4,7.0,3.0,5.0
ORD000557,JioMart Express,Chennai,35.0,Personal Care,Yes,492.65,17.4,5.98,16.0,4.0,2.0
ORD000558,Zepto,Mumbai,63.0,Bakery,No,490.75,23.2,8.71,10.0,4.0,4.0
ORD000559,Swiggy Instamart,Bangalore,36.0,Groceries,No,340.41,16.7,2.97,3.0,3.0,5.0
ORD000560,Blinkit,Mumbai,45.0,Dairy & Eggs,No,474.72,16.8,0.82,17.0,4.0,5.0
ORD000561,BigBasket Now,Hyderabad,43.0,Fruits & Vegetables,No,535.17,18.1,7.23,10.0,4.0,4.0
ORD000562,Zepto,Pune,27.0,Meat & Seafood,Yes,627.02,14.8,8.63,11.0,3.0,4.0
ORD000563,Dunzo,Hyderabad,64.0,Snacks & Munchies,Yes,1141.46,17.0,1.81,10.0,3.0,4.0
ORD000564,Zepto,Mumbai,21.0,Bakery,No,464.29,25.8,4.16,18.0,2.0,4.0
ORD000565,Dunzo,Delhi,19.0,Bakery,Yes,419.23,15.9,2.01,1.0,4.0,
ORD000566,Swiggy Instamart,Hyderabad,20.0,Dairy & Eggs,No,234.15,16.2,1.51,4.0,,
ORD000567,Dunzo,Bangalore,24.0,Bakery,Yes,524.04,16.2,6.66,3.0,4.0,5.0
ORD000568,BigBasket Now,Kolkata,33.0,Snacks & Munchies,No,602.1,27.6,9.69,6.0,3.0,3.0
ORD000569,Blinkit,Kolkata,48.0,Snacks & Munchies,Yes,359.47,10.6,6.94,6.0,4.0,4.0
ORD000570,Dunzo,Hyderabad,27.0,Groceries,No,559.35,33.5,9.86,17.0,3.0,1.0
ORD000571,Dunzo,Delhi,36.0,Fruits & Vegetables,Yes,338.49,10.3,4.63,19.0,4.0,4.0
ORD000572,Blinkit,Delhi,45.0,Snacks & Munchies,Yes,603.41,12.7,9.03,17.0,5.0,4.0
ORD000573,BigBasket Now,Mumbai,34.0,Meat & Seafood,No,697.54,22.2,2.45,17.0,,3.0
ORD000574,Zepto,Delhi,45.0,Bakery,Yes,691.72,24.8,1.62,17.0,4.0,5.0
ORD000575,Dunzo,Bangalore,36.0,Groceries,No,432.99,9.4,7.17,3.0,4.0,4.0
ORD000576,Blinkit,Chennai,54.0,Household Essentials,No,216.16,10.6,4.03,14.0,1.0,
ORD000577,Swiggy Instamart,Hyderabad,40.0,Groceries,Yes,279.46,18.4,3.52,2.0,2.0,4.0
ORD000578,Blinkit,Mumbai,37.0,Meat & Seafood,No,576.57,42.0,6.88,4.0,2.0,2.0
ORD000579,Swiggy Instamart,Bangalore,30.0,Personal Care,No,1753.36,27.1,3.67,18.0,2.0,4.0
ORD000580,BigBasket Now,Mumbai,30.0,Groceries,No,328.84,14.9,5.94,2.0,3.0,
ORD000581,Zepto,Mumbai,60.0,Household Essentials,No,530.33,6.2,3.34,12.0,4.0,4.0
ORD000582,Blinkit,Kolkata,28.0,Snacks & Munchies,No,288.98,17.0,7.95,15.0,2.0,5.0
ORD000583,JioMart Express,Mumbai,32.0,Baby Care,Yes,224.89,19.0,3.47,13.0,5.0,3.0
ORD000584,Dunzo,Bangalore,34.0,Baby Care,Yes,268.87,14.1,5.58,11.0,5.0,4.0
ORD000585,BigBasket Now,Mumbai,45.0,Baby Care,No,115.64,11.7,0.72,7.0,5.0,1.0
ORD000586,Blinkit,Pune,36.0,Personal Care,Yes,908.74,17.5,8.02,9.0,1.0,
ORD000587,Dunzo,Hyderabad,21.0,Household Essentials,Yes,105.84,11.3,6.39,15.0,5.0,4.0
ORD000588,Blinkit,Delhi,39.0,Meat & Seafood,No,344.37,34.8,2.33,3.0,5.0,2.0
ORD000589,Swiggy Instamart,Bangalore,39.0,Dairy & Eggs,No,198.96,30.2,2.55,10.0,5.0,4.0
ORD000590,Blinkit,Chennai,54.0,Baby Care,Yes,237.31,21.4,2.99,8.0,4.0,3.0
ORD000591,JioMart Express,Ahmedabad,56.0,Dairy & Eggs,Yes,921.42,17.0,5.98,6.0,5.0,5.0
ORD000592,Blinkit,Delhi,51.0,Personal Care,Yes,455.16,12.6,5.71,,2.0,4.0
ORD000593,Blinkit,,50.0,Dairy & Eggs,Yes,226.05,16.3,3.1,6.0,2.0,3.0
ORD000594,JioMart Express,Pune,61.0,Bakery,Yes,283.24,31.7,7.09,19.0,2.0,2.0
ORD000595,BigBasket Now,Pune,59.0,Personal Care,Yes,254.86,23.3,8.95,9.0,5.0,1.0
ORD000596,Blinkit,Hyderabad,57.0,Dairy & Eggs,No,393.02,17.8,0.91,9.0,2.0,2.0
ORD000597,JioMart Express,Hyderabad,50.0,Groceries,No,447.53,23.8,4.46,16.0,2.0,4.0
ORD000598,Dunzo,Bangalore,29.0,Baby Care,Yes,1258.08,20.5,6.14,13.0,5.0,5.0
ORD000599,Swiggy Instamart,Chennai,19.0,Fruits & Vegetables,Yes,127.77,19.3,6.07,,2.0,3.0
ORD000600,Swiggy Instamart,Bangalore,45.0,Beverages,No,395.09,24.3,0.69,12.0,5.0,4.0
ORD000601,Blinkit,Chennai,27.0,Personal Care,Yes,333.84,20.2,2.5,2.0,5.0,4.0
ORD000602,BigBasket Now,Bangalore,39.0,Snacks & Munchies,No,711.89,23.2,1.09,4.0,1.0,4.0
ORD000603,BigBasket Now,Chennai,34.0,Beverages,No,499.14,17.5,5.91,7.0,1.0,3.0
ORD000604,Dunzo,Kolkata,43.0,Meat & Seafood,No,574.91,14.9,6.63,19.0,4.0,5.0
ORD000605,Blinkit,Mumbai,20.0,Personal Care,Yes,496.24,13.2,2.02,3.0,5.0,5.0
ORD000606,Swiggy Instamart,Kolkata,24.0,Personal Care,No,230.63,12.6,3.66,11.0,5.0,5.0
ORD000607,BigBasket Now,Bangalore,61.0,Dairy & Eggs,No,834.44,8.7,3.63,19.0,3.0,3.0
ORD000608,Blinkit,Kolkata,25.0,Personal Care,No,651.39,11.4,8.29,14.0,4.0,4.0
ORD000609,BigBasket Now,Bangalore,37.0,Baby Care,No,698.77,11.3,2.35,17.0,4.0,5.0
ORD000610,JioMart Express,Delhi,29.0,Household Essentials,Yes,861.29,13.4,5.71,5.0,5.0,5.0
ORD000611,BigBasket Now,Pune,52.0,Household Essentials,Yes,518.33,30.7,7.94,14.0,3.0,1.0
ORD000612,Swiggy Instamart,Delhi,34.0,Meat & Seafood,No,981.02,15.4,8.38,7.0,2.0,5.0
ORD000613,Zepto,Kolkata,45.0,Bakery,No,506.02,18.1,6.83,,5.0,5.0
ORD000614,Dunzo,Bangalore,58.0,Fruits & Vegetables,No,353.74,18.3,3.35,17.0,4.0,2.0
ORD000615,Dunzo,Bangalore,27.0,Bakery,No,401.83,31.0,8.32,18.0,2.0,4.0
ORD000616,Swiggy Instamart,Delhi,39.0,Baby Care,Yes,397.7,13.1,7.55,1.0,5.0,3.0
ORD000617,BigBasket Now,Hyderabad,55.0,Baby Care,Yes,295.41,15.0,7.19,11.0,4.0,5.0
ORD000618,Blinkit,Delhi,50.0,Groceries,No,1073.99,15.8,1.14,4.0,4.0,4.0
ORD000619,BigBasket Now,Mumbai,39.0,Household Essentials,Yes,481.92,25.9,0.91,12.0,4.0,
ORD000620,Swiggy Instamart,Delhi,61.0,Beverages,No,427.03,28.2,7.11,5.0,4.0,1.0
ORD000621,Dunzo,Mumbai,54.0,Snacks & Munchies,Yes,509.26,19.9,9.48,15.0,4.0,3.0
ORD000622,BigBasket Now,Ahmedabad,30.0,Personal Care,No,2411.28,26.9,7.85,3.0,5.0,1.0
ORD000623,Dunzo,Ahmedabad,44.0,Fruits & Vegetables,No,204.58,17.7,8.4,15.0,4.0,3.0
ORD000624,Blinkit,Bangalore,32.0,Snacks & Munchies,No,242.98,15.3,5.68,8.0,4.0,4.0
ORD000625,Dunzo,Chennai,39.0,Bakery,Yes,176.21,26.4,3.39,11.0,4.0,5.0
ORD000626,Dunzo,Delhi,47.0,Snacks & Munchies,No,350.88,20.0,6.94,12.0,4.0,4.0
ORD000627,Zepto,,60.0,Groceries,No,467.46,12.3,7.26,3.0,3.0,4.0
ORD000628,Zepto,Kolkata,57.0,Fruits & Vegetables,No,305.15,24.5,6.92,6.0,3.0,3.0
ORD000629,JioMart Express,Ahmedabad,54.0,Fruits & Vegetables,Yes,291.83,15.1,9.49,8.0,4.0,3.0
ORD000630,Zepto,Bangalore,51.0,Groceries,Yes,439.41,14.4,3.99,7.0,4.0,5.0
ORD000631,Dunzo,Kolkata,61.0,Baby Care,Yes,298.49,23.5,0.88,17.0,4.0,4.0
ORD000632,Swiggy Instamart,Delhi,51.0,Groceries,Yes,485.95,15.9,9.13,16.0,5.0,4.0
ORD000633,Dunzo,Ahmedabad,52.0,Baby Care,No,787.25,19.2,2.02,17.0,1.0,
ORD000634,Swiggy Instamart,Mumbai,59.0,Beverages,No,605.6,21.4,7.12,13.0,4.0,4.0
ORD000635,Swiggy Instamart,Hyderabad,36.0,Meat & Seafood,Yes,684.44,12.0,8.8,4.0,4.0,5.0
ORD000636,Zepto,Hyderabad,25.0,Baby Care,Yes,773.98,19.2,3.45,10.0,4.0,4.0
ORD000637,BigBasket Now,Chennai,56.0,Snacks & Munchies,Yes,478.04,28.2,8.39,16.0,3.0,2.0
ORD000638,Blinkit,Mumbai,50.0,Baby Care,No,366.8,11.2,3.65,19.0,3.0,5.0
ORD000639,Zepto,Pune,61.0,Meat & Seafood,No,253.83,19.7,8.05,7.0,3.0,2.0
ORD000640,Zepto,Mumbai,45.0,Bakery,No,319.03,11.8,1.16,18.0,4.0,4.0
ORD000641,BigBasket Now,Hyderabad,54.0,Personal Care,Yes,294.65,24.7,6.72,13.0,4.0,
ORD000642,Blinkit,Delhi,42.0,Groceries,No,625.78,24.6,6.93,4.0,4.0,5.0
ORD000643,Dunzo,Delhi,53.0,Personal Care,Yes,496.74,14.3,5.17,18.0,4.0,5.0
ORD000644,JioMart Express,Bangalore,34.0,Groceries,Yes,612.81,39.8,7.03,,5.0,
ORD000645,JioMart Express,Bangalore,41.0,Beverages,No,201.1,25.6,9.27,18.0,4.0,4.0
ORD000646,Dunzo,Mumbai,38.0,Household Essentials,No,952.46,21.8,7.47,16.0,3.0,4.0
ORD000647,Zepto,Mumbai,19.0,Snacks & Munchies,Yes,312.25,21.3,9.63,9.0,3.0,3.0
ORD000648,Blinkit,Bangalore,48.0,Snacks & Munchies,Yes,208.51,24.4,4.76,2.0,2.0,5.0
ORD000649,Zepto,Chennai,61.0,Bakery,Yes,309.97,11.0,5.52,6.0,5.0,4.0
ORD000650,Swiggy Instamart,Pune,50.0,Household Essentials,Yes,1790.52,17.8,3.01,6.0,5.0,4.0
ORD000651,Zepto,Mumbai,47.0,Household Essentials,No,319.7,19.2,9.86,6.0,2.0,1.0
ORD000652,Zepto,Bangalore,29.0,Groceries,No,331.94,14.0,1.02,,4.0,3.0
ORD000653,Dunzo,,61.0,Snacks & Munchies,Yes,359.51,19.8,3.91,11.0,5.0,4.0
ORD000654,Dunzo,Mumbai,29.0,Snacks & Munchies,Yes,369.01,26.9,3.33,17.0,5.0,4.0
ORD000655,Dunzo,Hyderabad,41.0,Household Essentials,Yes,252.43,13.9,4.17,,4.0,3.0
ORD000656,JioMart Express,Hyderabad,41.0,Groceries,No,439.63,16.1,9.22,4.0,3.0,3.0
ORD000657,Swiggy Instamart,Mumbai,28.0,Baby Care,Yes,769.2,11.8,4.0,19.0,3.0,4.0
ORD000658,Dunzo,Delhi,30.0,Baby Care,No,487.15,8.0,9.21,16.0,5.0,2.0
ORD000659,Blinkit,Mumbai,44.0,Meat & Seafood,Yes,207.12,22.5,4.52,8.0,5.0,4.0
ORD000660,JioMart Express,Kolkata,25.0,Dairy & Eggs,No,328.12,16.3,8.62,19.0,4.0,4.0
ORD000661,BigBasket Now,Ahmedabad,27.0,Fruits & Vegetables,No,289.77,16.8,5.46,1.0,2.0,3.0
ORD000662,Blinkit,,25.0,Beverages,No,416.45,11.1,3.46,4.0,5.0,5.0
ORD000663,Blinkit,Delhi,37.0,Groceries,No,896.3,15.3,4.77,12.0,5.0,2.0
ORD000664,Dunzo,Pune,25.0,Baby Care,No,368.95,25.5,4.53,19.0,2.0,5.0
ORD000665,BigBasket Now,Pune,26.0,Bakery,No,382.64,16.5,2.97,2.0,2.0,5.0
ORD000666,BigBasket Now,Bangalore,24.0,Fruits & Vegetables,Yes,1172.14,16.6,3.25,6.0,4.0,4.0
ORD000667,JioMart Express,Mumbai,31.0,Fruits & Vegetables,Yes,682.47,17.9,2.27,3.0,3.0,5.0
ORD000668,BigBasket Now,Mumbai,45.0,Fruits & Vegetables,Yes,569.32,10.0,3.69,3.0,3.0,5.0
ORD000669,Swiggy Instamart,Hyderabad,19.0,Household Essentials,No,1306.2,21.1,6.43,1.0,2.0,5.0
ORD000670,Dunzo,Bangalore,60.0,Meat & Seafood,No,541.25,10.0,4.17,9.0,5.0,4.0
ORD000671,BigBasket Now,Mumbai,25.0,Bakery,Yes,122.5,11.3,7.27,7.0,5.0,4.0
ORD000672,JioMart Express,Hyderabad,30.0,Dairy & Eggs,No,664.88,10.8,9.88,9.0,2.0,4.0
ORD000673,Swiggy Instamart,Mumbai,38.0,Bakery,No,155.21,15.3,4.08,1.0,5.0,2.0
ORD000674,Zepto,Kolkata,64.0,Bakery,No,529.11,14.3,4.9,8.0,4.0,5.0
ORD000675,Zepto,Delhi,45.0,Groceries,No,144.28,16.4,2.06,18.0,3.0,4.0
ORD000676,Swiggy Instamart,Mumbai,52.0,Meat & Seafood,No,304.87,11.4,4.23,3.0,5.0,4.0
ORD000677,JioMart Express,Hyderabad,40.0,Personal Care,Yes,324.32,24.6,7.4,17.0,4.0,5.0
ORD000678,Swiggy Instamart,Bangalore,63.0,Meat & Seafood,Yes,254.15,23.0,2.57,7.0,5.0,5.0
ORD000679,Dunzo,Ahmedabad,32.0,Personal Care,No,327.24,15.3,2.23,11.0,4.0,3.0
ORD000680,Dunzo,Bangalore,19.0,Dairy & Eggs,Yes,749.6,13.6,4.08,5.0,4.0,5.0
ORD000681,Zepto,Delhi,29.0,Groceries,Yes,262.86,13.0,8.28,13.0,3.0,4.0
ORD000682,BigBasket Now,Chennai,53.0,Household Essentials,No,559.52,14.5,6.42,11.0,4.0,4.0
ORD000683,JioMart Express,Delhi,20.0,Fruits & Vegetables,No,226.02,9.4,9.6,3.0,4.0,5.0
ORD000684,Zepto,Pune,22.0,Groceries,No,360.07,11.2,9.09,13.0,5.0,5.0
ORD000685,BigBasket Now,Delhi,20.0,Household Essentials,Yes,489.95,23.2,1.94,6.0,4.0,4.0
ORD000686,BigBasket Now,Bangalore,64.0,Groceries,No,221.87,18.6,0.9,15.0,2.0,4.0
ORD000687,Dunzo,Mumbai,36.0,Household Essentials,Yes,183.64,31.6,4.29,2.0,1.0,
ORD000688,Blinkit,Bangalore,19.0,Groceries,Yes,541.92,14.6,5.46,2.0,5.0,4.0
ORD000689,Blinkit,Kolkata,61.0,Meat & Seafood,No,791.44,14.2,5.4,14.0,4.0,3.0
ORD000690,Swiggy Instamart,Kolkata,54.0,Meat & Seafood,Yes,384.74,14.0,1.77,2.0,3.0,4.0
ORD000691,Dunzo,Delhi,34.0,Meat & Seafood,Yes,306.62,14.5,1.69,5.0,5.0,3.0
ORD000692,BigBasket Now,Delhi,31.0,Fruits & Vegetables,No,442.93,12.6,0.95,16.0,5.0,4.0
ORD000693,JioMart Express,Kolkata,45.0,Beverages,Yes,417.08,18.3,8.58,8.0,5.0,5.0
ORD000694,Blinkit,Pune,44.0,Snacks & Munchies,No,466.73,16.6,9.5,8.0,3.0,1.0
ORD000695,BigBasket Now,Mumbai,27.0,Personal Care,No,100.0,13.4,1.6,11.0,4.0,5.0
ORD000696,Blinkit,Bangalore,20.0,Meat & Seafood,No,212.41,27.1,2.52,13.0,5.0,1.0
ORD000697,Blinkit,Delhi,53.0,Beverages,Yes,242.95,35.1,1.35,15.0,5.0,4.0
ORD000698,Blinkit,Pune,55.0,Personal Care,No,441.65,26.2,8.84,4.0,5.0,4.0
ORD000699,JioMart Express,Mumbai,42.0,Groceries,Yes,451.03,20.6,9.61,8.0,4.0,5.0
ORD000700,Dunzo,Delhi,39.0,Dairy & Eggs,No,590.94,22.3,2.99,16.0,5.0,5.0
ORD000701,JioMart Express,Chennai,56.0,Household Essentials,Yes,470.85,34.6,3.38,16.0,1.0,4.0
ORD000702,Zepto,Mumbai,64.0,Beverages,Yes,184.85,22.3,3.95,10.0,3.0,2.0
ORD000703,BigBasket Now,Bangalore,47.0,Bakery,No,961.22,13.0,5.27,2.0,4.0,4.0
ORD000704,Dunzo,Bangalore,38.0,Baby Care,Yes,865.36,19.2,6.98,18.0,5.0,4.0
ORD000705,Dunzo,Delhi,47.0,Beverages,Yes,189.63,21.1,5.29,16.0,1.0,4.0
ORD000706,Dunzo,Bangalore,45.0,Meat & Seafood,Yes,492.56,11.0,9.53,4.0,3.0,3.0
ORD000707,Dunzo,Bangalore,48.0,Meat & Seafood,No,282.24,14.7,1.45,19.0,5.0,2.0
ORD000708,JioMart Express,Mumbai,43.0,Beverages,Yes,438.48,25.5,8.09,8.0,3.0,3.0
ORD000709,Dunzo,Hyderabad,60.0,Household Essentials,Yes,758.99,7.9,3.68,8.0,3.0,4.0
ORD000710,Swiggy Instamart,Kolkata,39.0,Personal Care,Yes,1448.18,10.0,4.09,14.0,5.0,4.0
ORD000711,BigBasket Now,Chennai,38.0,Groceries,No,633.19,15.3,7.23,16.0,5.0,4.0
ORD000712,Dunzo,Mumbai,18.0,Baby Care,No,481.53,18.9,9.33,6.0,4.0,4.0
ORD000713,BigBasket Now,Mumbai,54.0,Groceries,Yes,329.02,9.6,7.3,18.0,5.0,5.0
ORD000714,Swiggy Instamart,Delhi,30.0,Fruits & Vegetables,Yes,450.02,15.6,7.87,8.0,3.0,4.0
ORD000715,Swiggy Instamart,Delhi,38.0,Household Essentials,Yes,912.2,26.1,7.63,19.0,5.0,4.0
ORD000716,BigBasket Now,Bangalore,63.0,Meat & Seafood,Yes,392.75,16.9,3.55,4.0,5.0,1.0
ORD000717,Blinkit,Chennai,26.0,Fruits & Vegetables,Yes,237.06,23.9,7.69,4.0,4.0,4.0
ORD000718,Zepto,Mumbai,34.0,Groceries,No,152.66,13.0,7.95,7.0,5.0,4.0
ORD000719,Blinkit,Mumbai,64.0,Groceries,No,548.85,11.9,5.57,8.0,2.0,4.0
ORD000720,Blinkit,Bangalore,38.0,Baby Care,No,467.96,23.1,5.6,9.0,2.0,5.0
ORD000721,JioMart Express,Chennai,48.0,Snacks & Munchies,Yes,273.82,19.1,7.72,1.0,5.0,5.0
ORD000722,Blinkit,Mumbai,56.0,Groceries,No,746.66,10.2,8.26,17.0,2.0,5.0
ORD000723,Dunzo,Hyderabad,39.0,Personal Care,No,313.23,11.9,3.7,7.0,1.0,2.0
ORD000724,JioMart Express,Delhi,29.0,Personal Care,No,372.12,30.7,8.11,10.0,4.0,3.0
ORD000725,JioMart Express,Pune,23.0,Beverages,No,399.42,11.4,8.23,1.0,2.0,3.0
ORD000726,Swiggy Instamart,Pune,33.0,Baby Care,Yes,326.83,23.9,2.72,18.0,5.0,4.0
ORD000727,Blinkit,Delhi,43.0,Baby Care,Yes,464.76,13.6,7.31,14.0,5.0,4.0
ORD000728,Swiggy Instamart,Delhi,22.0,Meat & Seafood,No,805.05,16.4,2.27,19.0,4.0,5.0
ORD000729,BigBasket Now,,26.0,Groceries,Yes,203.27,18.5,1.38,18.0,4.0,4.0
ORD000730,Zepto,Delhi,63.0,Snacks & Munchies,Yes,540.83,7.1,5.96,13.0,4.0,3.0
ORD000731,JioMart Express,Chennai,57.0,Bakery,Yes,447.33,9.2,9.13,7.0,3.0,
ORD000732,BigBasket Now,Kolkata,31.0,Fruits & Vegetables,Yes,442.42,17.0,0.84,2.0,3.0,3.0
ORD000733,BigBasket Now,Chennai,61.0,Baby Care,No,680.69,12.3,8.35,,2.0,3.0
ORD000734,Dunzo,Kolkata,59.0,Beverages,Yes,415.54,24.5,5.31,10.0,4.0,3.0
ORD000735,Zepto,Bangalore,47.0,Beverages,Yes,538.15,8.6,8.68,17.0,4.0,1.0
ORD000736,BigBasket Now,Mumbai,43.0,Groceries,No,619.88,20.6,8.51,5.0,5.0,5.0
ORD000737,BigBasket Now,Chennai,62.0,Groceries,No,298.09,9.5,8.82,9.0,5.0,4.0
ORD000738,Zepto,Delhi,46.0,Bakery,No,482.76,14.3,7.8,4.0,5.0,1.0
ORD000739,Zepto,Chennai,36.0,Dairy & Eggs,Yes,347.07,10.7,8.51,15.0,3.0,4.0
ORD000740,BigBasket Now,Delhi,64.0,Dairy & Eggs,No,372.56,35.2,2.17,14.0,5.0,5.0
ORD000741,Zepto,Mumbai,25.0,Groceries,No,332.54,9.6,3.39,18.0,5.0,
ORD000742,BigBasket Now,Ahmedabad,40.0,Household Essentials,No,535.2,15.7,2.8,10.0,5.0,5.0
ORD000743,BigBasket Now,Mumbai,59.0,Personal Care,Yes,423.68,8.2,7.55,16.0,1.0,4.0
ORD000744,Dunzo,Ahmedabad,52.0,Personal Care,No,511.18,31.2,1.96,10.0,4.0,5.0
ORD000745,Blinkit,Ahmedabad,48.0,Bakery,No,399.21,19.3,2.23,9.0,4.0,3.0
ORD000746,BigBasket Now,Kolkata,52.0,Bakery,No,154.09,17.4,8.85,16.0,3.0,3.0
ORD000747,Swiggy Instamart,Hyderabad,49.0,Meat & Seafood,Yes,411.09,29.7,7.21,5.0,5.0,4.0
ORD000748,JioMart Express,Hyderabad,22.0,Snacks & Munchies,Yes,419.11,17.4,8.82,19.0,3.0,5.0
ORD000749,Blinkit,Pune,33.0,Beverages,No,466.64,18.0,1.82,1.0,,5.0
ORD000750,Blinkit,Delhi,34.0,Personal Care,No,282.52,17.3,4.29,1.0,4.0,4.0
ORD000751,Blinkit,Bangalore,49.0,Household Essentials,Yes,196.9,20.6,3.19,5.0,3.0,2.0
ORD000752,Dunzo,Hyderabad,55.0,Groceries,No,586.85,13.5,0.59,7.0,5.0,
ORD000753,BigBasket Now,Bangalore,49.0,Baby Care,No,342.35,15.1,3.2,15.0,4.0,2.0
ORD000754,Dunzo,Bangalore,37.0,Household Essentials,No,447.08,22.7,4.11,11.0,4.0,3.0
ORD000755,BigBasket Now,Delhi,19.0,Meat & Seafood,No,340.74,18.4,1.38,12.0,4.0,3.0
ORD000756,Dunzo,Hyderabad,37.0,Household Essentials,Yes,401.96,15.7,5.88,17.0,2.0,4.0
ORD000757,Dunzo,Pune,64.0,Baby Care,No,308.1,9.4,4.14,17.0,5.0,5.0
ORD000758,JioMart Express,Delhi,35.0,Fruits & Vegetables,No,225.69,29.9,0.94,17.0,5.0,3.0
ORD000759,Swiggy Instamart,Pune,18.0,Dairy & Eggs,No,536.06,12.6,7.19,4.0,4.0,3.0
ORD000760,Dunzo,Chennai,46.0,Fruits & Vegetables,Yes,280.94,24.4,7.43,2.0,5.0,3.0
ORD000761,JioMart Express,Kolkata,46.0,Beverages,No,445.13,17.6,8.43,10.0,4.0,3.0
ORD000762,Zepto,Hyderabad,36.0,Beverages,Yes,516.09,9.8,5.11,5.0,4.0,4.0
ORD000763,Swiggy Instamart,Kolkata,61.0,Personal Care,Yes,283.7,27.1,9.7,10.0,,3.0
ORD000764,Dunzo,Mumbai,57.0,Baby Care,No,195.91,18.2,9.18,10.0,4.0,5.0
ORD000765,Blinkit,Kolkata,23.0,Beverages,No,1729.61,28.1,5.74,,4.0,
ORD000766,Zepto,Mumbai,61.0,Bakery,No,293.93,15.3,4.73,,1.0,2.0
ORD000767,Zepto,Pune,56.0,Personal Care,Yes,586.43,21.8,0.53,11.0,5.0,4.0
ORD000768,JioMart Express,Ahmedabad,63.0,Meat & Seafood,No,1291.65,8.1,7.25,6.0,5.0,3.0
ORD000769,Zepto,Delhi,25.0,Personal Care,Yes,648.03,13.5,5.87,10.0,4.0,3.0
ORD000770,Swiggy Instamart,Delhi,41.0,Fruits & Vegetables,No,336.88,9.9,9.41,8.0,3.0,3.0
ORD000771,Dunzo,Chennai,37.0,Groceries,Yes,387.51,14.2,6.15,11.0,,2.0
ORD000772,Dunzo,Delhi,31.0,Bakery,No,244.8,19.9,9.93,19.0,5.0,5.0
ORD000773,Blinkit,Pune,22.0,Bakery,No,684.73,12.9,8.61,7.0,1.0,5.0
ORD000774,JioMart Express,Mumbai,58.0,Snacks & Munchies,Yes,566.66,23.2,9.56,12.0,5.0,4.0
ORD000775,Blinkit,Mumbai,57.0,Bakery,Yes,296.29,11.7,3.61,6.0,5.0,4.0
ORD000776,Zepto,Ahmedabad,51.0,Bakery,No,215.87,23.4,1.92,12.0,4.0,4.0
ORD000777,Blinkit,Chennai,33.0,Fruits & Vegetables,No,182.59,27.8,8.07,5.0,2.0,3.0
ORD000778,Swiggy Instamart,Kolkata,62.0,Household Essentials,No,729.17,24.7,7.97,13.0,4.0,4.0
ORD000779,Dunzo,Delhi,24.0,Bakery,No,433.64,14.3,2.51,17.0,2.0,4.0
ORD000780,Zepto,Chennai,33.0,Groceries,Yes,458.97,7.0,7.77,9.0,4.0,1.0
ORD000781,Blinkit,Hyderabad,24.0,Dairy & Eggs,Yes,246.22,20.8,6.03,17.0,2.0,4.0
ORD000782,JioMart Express,Hyderabad,44.0,Fruits & Vegetables,Yes,167.65,15.6,1.54,19.0,4.0,5.0
ORD000783,Swiggy Instamart,Chennai,31.0,Fruits & Vegetables,Yes,718.79,11.1,5.27,19.0,3.0,5.0
ORD000784,Swiggy Instamart,Hyderabad,31.0,Household Essentials,No,413.73,13.2,9.35,8.0,5.0,2.0
ORD000785,Blinkit,Bangalore,61.0,Snacks & Munchies,Yes,695.3,29.2,5.31,8.0,,1.0
ORD000786,Dunzo,Delhi,50.0,Household Essentials,No,320.04,10.4,7.99,15.0,5.0,2.0
ORD000787,Blinkit,Chennai,50.0,Personal Care,No,349.99,19.8,0.77,7.0,3.0,5.0
ORD000788,Zepto,Delhi,61.0,Dairy & Eggs,No,618.92,17.9,7.42,6.0,2.0,5.0
ORD000789,Blinkit,Chennai,37.0,Beverages,No,626.04,14.3,9.49,16.0,4.0,5.0
ORD000790,Swiggy Instamart,Delhi,64.0,Meat & Seafood,Yes,651.02,21.3,5.25,8.0,2.0,4.0
ORD000791,Blinkit,Hyderabad,53.0,Beverages,No,337.94,31.6,3.71,3.0,3.0,4.0
ORD000792,Dunzo,Chennai,24.0,Snacks & Munchies,Yes,583.32,14.6,6.64,10.0,4.0,3.0
ORD000793,JioMart Express,Delhi,49.0,Snacks & Munchies,Yes,784.82,14.9,9.2,10.0,4.0,5.0
ORD000794,BigBasket Now,Mumbai,20.0,Bakery,No,378.85,21.1,2.18,19.0,1.0,5.0
ORD000795,Blinkit,Mumbai,56.0,Household Essentials,Yes,296.46,23.7,4.34,2.0,4.0,4.0
ORD000796,Dunzo,Hyderabad,46.0,Personal Care,No,902.93,15.6,1.98,9.0,4.0,3.0
ORD000797,Dunzo,Kolkata,41.0,Bakery,No,272.42,14.6,5.22,1.0,3.0,5.0
ORD000798,JioMart Express,Mumbai,39.0,Baby Care,No,588.56,6.8,5.63,10.0,5.0,1.0
ORD000799,Swiggy Instamart,Chennai,23.0,Personal Care,Yes,389.53,12.0,9.47,18.0,3.0,5.0
ORD000800,Dunzo,Delhi,41.0,Snacks & Munchies,No,133.63,10.4,4.42,1.0,3.0,4.0
ORD000801,Dunzo,Bangalore,57.0,Snacks & Munchies,Yes,794.06,21.6,5.89,12.0,3.0,4.0
ORD000802,Dunzo,Pune,40.0,Fruits & Vegetables,No,100.0,14.9,8.91,5.0,2.0,4.0
ORD000803,Dunzo,Delhi,55.0,Baby Care,Yes,122.67,14.7,3.55,11.0,5.0,4.0
ORD000804,Zepto,Bangalore,27.0,Bakery,No,553.58,16.4,6.9,14.0,3.0,3.0
ORD000805,Zepto,Mumbai,33.0,Snacks & Munchies,Yes,553.49,11.6,7.69,15.0,5.0,5.0
ORD000806,Swiggy Instamart,Mumbai,28.0,Baby Care,Yes,275.19,30.6,3.64,2.0,4.0,5.0
ORD000807,Blinkit,Delhi,49.0,Dairy & Eggs,No,440.84,27.6,2.06,4.0,4.0,4.0
ORD000808,Dunzo,Mumbai,62.0,Meat & Seafood,Yes,100.0,31.4,5.28,19.0,5.0,4.0
ORD000809,JioMart Express,,23.0,Household Essentials,No,616.58,21.6,3.89,13.0,5.0,4.0
ORD000810,Blinkit,Bangalore,41.0,Snacks & Munchies,Yes,468.64,16.3,3.03,19.0,2.0,4.0
ORD000811,JioMart Express,Bangalore,50.0,Dairy & Eggs,Yes,392.53,31.4,9.75,13.0,5.0,5.0
ORD000812,Blinkit,Mumbai,29.0,Personal Care,No,408.51,12.5,5.27,12.0,4.0,3.0
ORD000813,Swiggy Instamart,Delhi,44.0,Household Essentials,Yes,542.37,11.6,8.64,2.0,4.0,2.0
ORD000814,Dunzo,Hyderabad,55.0,Baby Care,Yes,396.49,12.9,2.36,5.0,4.0,5.0
ORD000815,Dunzo,Ahmedabad,35.0,Household Essentials,No,131.05,20.3,9.42,18.0,5.0,3.0
ORD000816,BigBasket Now,Mumbai,62.0,Beverages,Yes,1506.88,12.1,8.05,19.0,2.0,5.0
ORD000817,JioMart Express,Pune,56.0,Fruits & Vegetables,Yes,829.22,15.5,8.18,3.0,5.0,3.0
ORD000818,Blinkit,Hyderabad,30.0,Baby Care,Yes,186.61,8.7,4.2,4.0,3.0,5.0
ORD000819,Blinkit,Hyderabad,57.0,Dairy & Eggs,Yes,327.97,19.9,5.11,18.0,4.0,5.0
ORD000820,Zepto,Bangalore,47.0,Snacks & Munchies,No,350.16,9.0,6.14,12.0,5.0,5.0
ORD000821,BigBasket Now,,58.0,Baby Care,Yes,770.71,11.3,8.0,3.0,4.0,5.0
ORD000822,Zepto,,30.0,Groceries,No,110.44,26.8,8.57,11.0,2.0,2.0
ORD000823,Zepto,Hyderabad,51.0,Beverages,Yes,299.05,26.4,1.24,14.0,4.0,4.0
ORD000824,Zepto,Delhi,53.0,Dairy & Eggs,Yes,140.28,19.1,9.09,3.0,5.0,4.0
ORD000825,JioMart Express,Pune,47.0,Personal Care,Yes,340.0,18.4,9.41,5.0,,5.0
ORD000826,JioMart Express,Bangalore,42.0,Groceries,No,303.84,13.3,6.13,7.0,3.0,3.0
ORD000827,Swiggy Instamart,Mumbai,19.0,Baby Care,No,423.19,12.1,2.27,17.0,4.0,5.0
ORD000828,Swiggy Instamart,Chennai,53.0,Fruits & Vegetables,No,280.64,14.2,8.27,19.0,5.0,3.0
ORD000829,Zepto,Delhi,35.0,Groceries,No,257.08,9.0,5.71,3.0,4.0,5.0
ORD000830,BigBasket Now,Bangalore,22.0,Household Essentials,Yes,585.11,18.2,8.26,1.0,5.0,4.0
ORD000831,Blinkit,Chennai,36.0,Baby Care,Yes,529.96,16.8,8.24,8.0,5.0,4.0
ORD000832,JioMart Express,Pune,59.0,Dairy & Eggs,Yes,561.63,11.3,1.32,5.0,2.0,4.0
ORD000833,BigBasket Now,Kolkata,35.0,Baby Care,Yes,362.8,30.8,6.27,3.0,4.0,2.0
ORD000834,Dunzo,Chennai,49.0,Fruits & Vegetables,Yes,286.28,21.0,5.09,17.0,4.0,4.0
ORD000835,JioMart Express,Chennai,38.0,Meat & Seafood,Yes,375.66,21.7,9.49,13.0,2.0,4.0
ORD000836,JioMart Express,Ahmedabad,27.0,Household Essentials,Yes,544.95,13.5,3.32,13.0,3.0,4.0
ORD000837,Swiggy Instamart,Delhi,54.0,Snacks & Munchies,Yes,109.28,16.4,2.46,4.0,5.0,5.0
ORD000838,Blinkit,Mumbai,39.0,Baby Care,Yes,511.05,21.1,9.02,18.0,3.0,4.0
ORD000839,Blinkit,Delhi,30.0,Fruits & Vegetables,Yes,485.65,17.5,1.91,6.0,3.0,4.0
ORD000840,Dunzo,Delhi,34.0,Groceries,No,418.76,31.2,7.02,2.0,3.0,5.0
ORD000841,Dunzo,Hyderabad,26.0,Groceries,Yes,368.86,15.2,3.35,15.0,1.0,5.0
ORD000842,JioMart Express,Hyderabad,41.0,Dairy & Eggs,No,100.0,13.4,5.89,2.0,4.0,1.0
ORD000843,Zepto,Hyderabad,61.0,Household Essentials,No,309.85,21.2,6.35,16.0,5.0,5.0
ORD000844,Swiggy Instamart,Mumbai,31.0,Groceries,Yes,1180.46,9.9,4.47,11.0,1.0,5.0
ORD000845,Swiggy Instamart,Chennai,63.0,Snacks & Munchies,Yes,406.56,23.8,9.76,17.0,2.0,5.0
ORD000846,JioMart Express,Delhi,25.0,Meat & Seafood,Yes,335.5,9.8,1.75,1.0,5.0,5.0
ORD000847,BigBasket Now,Hyderabad,54.0,Meat & Seafood,No,407.54,21.2,4.22,13.0,4.0,4.0
ORD000848,Zepto,Hyderabad,36.0,Dairy & Eggs,Yes,499.13,12.7,4.59,8.0,5.0,
ORD000849,JioMart Express,Delhi,45.0,Baby Care,Yes,599.02,19.9,6.49,3.0,3.0,4.0
ORD000850,Zepto,Mumbai,63.0,Groceries,Yes,351.66,23.6,4.37,14.0,5.0,4.0
ORD000851,Zepto,Mumbai,58.0,Fruits & Vegetables,No,520.58,17.5,1.42,14.0,4.0,3.0
ORD000852,Zepto,Kolkata,47.0,Personal Care,Yes,1103.22,10.2,9.5,14.0,4.0,3.0
ORD000853,JioMart Express,Pune,24.0,Meat & Seafood,No,737.86,11.5,4.45,19.0,2.0,4.0
ORD000854,Swiggy Instamart,,43.0,Bakery,No,1642.84,12.3,3.76,11.0,3.0,4.0
ORD000855,Swiggy Instamart,Mumbai,57.0,Dairy & Eggs,No,272.04,7.7,4.74,12.0,5.0,3.0
ORD000856,Zepto,Bangalore,63.0,Baby Care,No,1102.92,25.8,2.56,1.0,3.0,4.0
ORD000857,BigBasket Now,Chennai,63.0,Beverages,No,251.04,17.2,1.45,1.0,2.0,5.0
ORD000858,Blinkit,Kolkata,28.0,Dairy & Eggs,No,498.77,10.4,1.91,14.0,4.0,3.0
ORD000859,JioMart Express,Mumbai,31.0,Fruits & Vegetables,No,626.08,29.4,2.08,18.0,4.0,5.0
ORD000860,Blinkit,Mumbai,38.0,Personal Care,Yes,296.94,12.4,2.38,2.0,4.0,4.0
ORD000861,BigBasket Now,Chennai,25.0,Bakery,Yes,425.29,18.2,4.49,4.0,4.0,2.0
ORD000862,JioMart Express,Delhi,20.0,Meat & Seafood,No,696.65,11.8,6.43,18.0,4.0,
ORD000863,Zepto,Delhi,45.0,Household Essentials,No,263.44,7.3,6.47,4.0,4.0,4.0
ORD000864,Swiggy Instamart,Mumbai,46.0,Bakery,No,1098.42,9.5,0.5,17.0,5.0,3.0
ORD000865,Blinkit,Bangalore,40.0,Meat & Seafood,No,175.78,13.7,9.25,16.0,4.0,5.0
ORD000866,Dunzo,Pune,35.0,Beverages,No,1291.83,23.6,8.32,16.0,4.0,5.0
ORD000867,Dunzo,Ahmedabad,52.0,Beverages,Yes,735.68,18.9,9.66,9.0,3.0,5.0
ORD000868,BigBasket Now,Hyderabad,30.0,Meat & Seafood,No,382.28,17.4,3.92,10.0,5.0,4.0
ORD000869,Zepto,,29.0,Household Essentials,Yes,316.84,7.4,6.82,7.0,1.0,4.0
ORD000870,Blinkit,Mumbai,64.0,Dairy & Eggs,No,297.61,27.3,2.1,9.0,4.0,3.0
ORD000871,Zepto,Bangalore,22.0,Household Essentials,No,371.86,18.0,8.26,16.0,4.0,4.0
ORD000872,Blinkit,Delhi,56.0,Groceries,No,391.86,15.7,2.03,17.0,4.0,4.0
ORD000873,BigBasket Now,Hyderabad,28.0,Meat & Seafood,Yes,856.74,25.9,3.6,16.0,4.0,4.0
ORD000874,BigBasket Now,Bangalore,28.0,Meat & Seafood,Yes,1314.47,27.1,5.16,16.0,5.0,5.0
ORD000875,Dunzo,Delhi,64.0,Household Essentials,Yes,454.7,26.1,6.15,19.0,1.0,4.0
ORD000876,Zepto,Mumbai,59.0,Snacks & Munchies,No,242.89,14.9,5.82,10.0,4.0,5.0
ORD000877,JioMart Express,Delhi,64.0,Snacks & Munchies,No,290.78,11.0,1.47,2.0,5.0,4.0
ORD000878,Dunzo,Mumbai,48.0,Fruits & Vegetables,Yes,361.46,24.4,4.51,3.0,3.0,3.0
ORD000879,Zepto,Mumbai,48.0,Snacks & Munchies,No,217.44,9.5,9.27,7.0,2.0,5.0
ORD000880,Dunzo,Ahmedabad,30.0,Beverages,No,198.87,35.8,8.79,2.0,4.0,3.0
ORD000881,JioMart Express,Bangalore,31.0,Groceries,Yes,1419.81,16.6,6.11,13.0,5.0,
ORD000882,Swiggy Instamart,Bangalore,62.0,Meat & Seafood,No,483.75,10.8,5.94,4.0,2.0,4.0
ORD000883,Swiggy Instamart,Pune,59.0,Bakery,No,244.72,10.0,1.56,15.0,,3.0
ORD000884,Swiggy Instamart,Ahmedabad,42.0,Beverages,No,658.5,9.9,2.4,18.0,4.0,4.0
ORD000885,Swiggy Instamart,Hyderabad,50.0,Fruits & Vegetables,No,198.94,17.4,2.9,7.0,3.0,
ORD000886,Blinkit,Kolkata,50.0,Personal Care,No,209.01,16.4,5.14,18.0,4.0,2.0
ORD000887,Swiggy Instamart,Delhi,32.0,Groceries,No,249.18,10.0,7.45,7.0,5.0,5.0
ORD000888,JioMart Express,Delhi,33.0,Snacks & Munchies,Yes,1088.67,14.3,4.88,9.0,3.0,4.0
ORD000889,BigBasket Now,Bangalore,61.0,Baby Care,No,346.63,9.5,1.7,12.0,5.0,4.0
ORD000890,BigBasket Now,Chennai,55.0,Dairy & Eggs,Yes,100.0,20.8,4.67,1.0,4.0,4.0
ORD000891,Blinkit,Chennai,23.0,Bakery,Yes,833.84,16.1,2.05,2.0,5.0,
ORD000892,Swiggy Instamart,Delhi,61.0,Meat & Seafood,Yes,335.68,14.1,7.64,18.0,5.0,1.0
ORD000893,Swiggy Instamart,Mumbai,42.0,Personal Care,Yes,133.0,9.8,2.08,14.0,,4.0
ORD000894,Swiggy Instamart,Hyderabad,32.0,Dairy & Eggs,No,333.62,14.6,5.08,6.0,4.0,4.0
ORD000895,Dunzo,Mumbai,21.0,Household Essentials,No,551.48,13.9,7.09,11.0,5.0,5.0
ORD000896,Zepto,Hyderabad,21.0,Household Essentials,Yes,514.11,18.7,2.67,19.0,3.0,4.0
ORD000897,Dunzo,Chennai,47.0,Groceries,No,1186.84,17.6,1.22,8.0,3.0,3.0
ORD000898,Zepto,Chennai,51.0,Groceries,No,241.86,22.6,5.85,5.0,5.0,4.0
ORD000899,Swiggy Instamart,Chennai,44.0,Groceries,No,414.9,13.5,1.01,7.0,4.0,4.0
ORD000900,Swiggy Instamart,Pune,48.0,Beverages,No,265.14,7.8,6.08,4.0,1.0,1.0
ORD000901,Dunzo,Bangalore,49.0,Beverages,Yes,159.92,24.4,7.66,15.0,5.0,5.0
ORD000902,Dunzo,Chennai,61.0,Household Essentials,No,686.3,11.3,3.63,1.0,4.0,2.0
ORD000903,Zepto,Hyderabad,56.0,Groceries,No,532.7,10.6,5.14,5.0,3.0,1.0
ORD000904,BigBasket Now,Mumbai,26.0,Bakery,No,478.29,16.2,9.32,17.0,1.0,1.0
ORD000905,Zepto,Mumbai,58.0,Fruits & Vegetables,No,521.17,18.6,4.98,13.0,3.0,4.0
ORD000906,Dunzo,Delhi,25.0,Groceries,No,267.39,13.3,9.97,17.0,5.0,4.0
ORD000907,JioMart Express,Bangalore,31.0,Meat & Seafood,No,220.65,13.3,1.99,19.0,5.0,2.0
ORD000908,Dunzo,Hyderabad,50.0,Bakery,No,412.65,14.1,7.23,4.0,3.0,5.0
ORD000909,JioMart Express,Kolkata,40.0,Meat & Seafood,No,809.75,29.0,6.7,17.0,5.0,3.0
ORD000910,Blinkit,Mumbai,38.0,Baby Care,Yes,1058.75,16.4,8.79,12.0,4.0,3.0
ORD000911,Dunzo,Mumbai,29.0,Household Essentials,Yes,650.19,11.2,1.38,18.0,4.0,3.0
ORD000912,Blinkit,Ahmedabad,19.0,Groceries,Yes,410.55,11.2,3.16,11.0,3.0,5.0
ORD000913,BigBasket Now,Mumbai,30.0,Snacks & Munchies,No,474.31,14.9,1.76,4.0,4.0,5.0
ORD000914,Zepto,Bangalore,21.0,Dairy & Eggs,No,406.24,18.1,9.36,12.0,3.0,5.0
ORD000915,JioMart Express,Hyderabad,37.0,Groceries,Yes,217.99,20.0,4.55,9.0,2.0,1.0
ORD000916,Zepto,Bangalore,31.0,Fruits & Vegetables,No,409.44,17.3,9.15,18.0,2.0,4.0
ORD000917,Blinkit,Mumbai,47.0,Baby Care,No,181.11,11.7,3.3,9.0,3.0,4.0
ORD000918,JioMart Express,Mumbai,46.0,Groceries,No,374.49,13.9,1.7,1.0,5.0,4.0
ORD000919,Zepto,Mumbai,25.0,Dairy & Eggs,Yes,1076.71,22.1,3.32,6.0,5.0,3.0
ORD000920,Dunzo,Hyderabad,29.0,Dairy & Eggs,No,660.97,10.4,6.17,19.0,5.0,5.0
ORD000921,Swiggy Instamart,Bangalore,58.0,Beverages,No,231.86,13.6,8.53,1.0,3.0,1.0
ORD000922,Blinkit,Delhi,55.0,Fruits & Vegetables,No,386.27,20.9,4.16,8.0,4.0,4.0
ORD000923,Zepto,Hyderabad,43.0,Fruits & Vegetables,No,244.54,23.3,9.19,6.0,4.0,4.0
ORD000924,Blinkit,Kolkata,19.0,Bakery,No,388.58,15.2,2.82,4.0,4.0,4.0
ORD000925,Blinkit,Mumbai,57.0,Snacks & Munchies,Yes,753.45,14.0,7.09,3.0,1.0,3.0
ORD000926,JioMart Express,Bangalore,31.0,Fruits & Vegetables,No,596.93,9.7,7.49,13.0,4.0,3.0
ORD000927,JioMart Express,Chennai,23.0,Baby Care,Yes,1790.92,20.3,3.1,2.0,2.0,4.0
ORD000928,Swiggy Instamart,Delhi,59.0,Snacks & Munchies,Yes,825.09,27.9,0.76,13.0,5.0,5.0
ORD000929,Dunzo,Delhi,57.0,Beverages,Yes,455.96,45.9,3.97,15.0,4.0,5.0
ORD000930,Blinkit,Hyderabad,48.0,Fruits & Vegetables,Yes,605.64,19.2,0.93,8.0,4.0,3.0
ORD000931,Zepto,Pune,34.0,Beverages,Yes,357.29,16.1,9.06,12.0,4.0,2.0
ORD000932,BigBasket Now,Kolkata,42.0,Dairy & Eggs,No,205.1,11.4,9.56,8.0,3.0,4.0
ORD000933,Blinkit,Hyderabad,49.0,Groceries,No,883.12,7.8,7.49,19.0,3.0,4.0
ORD000934,Blinkit,Chennai,29.0,Fruits & Vegetables,Yes,739.07,17.7,7.4,9.0,3.0,5.0
ORD000935,Swiggy Instamart,Delhi,30.0,Dairy & Eggs,No,349.1,42.1,2.79,10.0,5.0,4.0
ORD000936,Dunzo,Hyderabad,36.0,Groceries,Yes,475.5,27.3,1.2,7.0,3.0,4.0
ORD000937,BigBasket Now,Bangalore,61.0,Groceries,Yes,849.43,25.7,8.12,10.0,4.0,4.0
ORD000938,JioMart Express,Mumbai,42.0,Dairy & Eggs,No,670.36,18.1,5.81,3.0,,2.0
ORD000939,JioMart Express,,48.0,Meat & Seafood,No,167.69,19.0,6.98,2.0,3.0,4.0
ORD000940,Zepto,Hyderabad,54.0,Snacks & Munchies,No,466.93,6.2,7.91,7.0,3.0,4.0
ORD000941,BigBasket Now,Delhi,42.0,Meat & Seafood,Yes,364.83,22.3,4.39,10.0,4.0,5.0
ORD000942,JioMart Express,Pune,33.0,Household Essentials,No,786.66,13.0,1.87,,4.0,3.0
ORD000943,Zepto,Mumbai,55.0,Personal Care,No,748.92,12.4,8.05,12.0,5.0,3.0
ORD000944,Dunzo,Delhi,60.0,Groceries,No,889.95,14.5,4.81,17.0,3.0,5.0
ORD000945,Zepto,Mumbai,40.0,Bakery,Yes,206.29,14.3,8.36,9.0,1.0,4.0
ORD000946,JioMart Express,Chennai,31.0,Snacks & Munchies,No,252.03,12.3,4.66,3.0,4.0,5.0
ORD000947,Swiggy Instamart,Chennai,23.0,Groceries,No,787.17,16.5,2.56,4.0,2.0,4.0
ORD000948,Swiggy Instamart,Delhi,42.0,Baby Care,No,282.88,13.2,2.12,7.0,3.0,5.0
ORD000949,Swiggy Instamart,Chennai,40.0,Bakery,Yes,161.93,17.1,7.57,18.0,,3.0
ORD000950,JioMart Express,Bangalore,60.0,Household Essentials,No,555.33,9.1,5.96,17.0,5.0,2.0
ORD000951,Swiggy Instamart,Chennai,29.0,Household Essentials,Yes,290.52,15.1,4.34,3.0,4.0,5.0
ORD000952,BigBasket Now,Bangalore,30.0,Baby Care,No,1180.71,10.6,5.18,3.0,3.0,5.0
ORD000953,Dunzo,Bangalore,53.0,Dairy & Eggs,Yes,481.89,12.7,5.72,,4.0,4.0
ORD000954,Zepto,Pune,56.0,Snacks & Munchies,Yes,444.15,17.4,2.77,17.0,5.0,4.0
ORD000955,Zepto,Delhi,51.0,Beverages,No,323.26,8.7,4.09,18.0,4.0,5.0
ORD000956,JioMart Express,Mumbai,23.0,Snacks & Munchies,Yes,1047.86,11.8,3.28,19.0,3.0,3.0
ORD000957,Swiggy Instamart,Hyderabad,55.0,Bakery,Yes,500.26,20.6,4.19,17.0,4.0,4.0
ORD000958,Swiggy Instamart,Ahmedabad,57.0,Meat & Seafood,Yes,315.73,9.3,5.26,16.0,4.0,
ORD000959,Blinkit,Delhi,25.0,Beverages,Yes,250.52,33.5,2.15,16.0,2.0,3.0
ORD000960,Dunzo,Mumbai,25.0,Household Essentials,No,386.03,26.6,4.24,1.0,4.0,4.0
ORD000961,BigBasket Now,Delhi,57.0,Household Essentials,No,224.4,13.5,4.16,14.0,4.0,5.0
ORD000962,Zepto,Bangalore,50.0,Dairy & Eggs,No,747.94,12.0,3.22,15.0,5.0,5.0
ORD000963,Blinkit,Mumbai,51.0,Personal Care,Yes,136.32,17.8,9.99,4.0,3.0,5.0
ORD000964,Blinkit,Hyderabad,61.0,Snacks & Munchies,No,371.03,9.2,1.2,11.0,3.0,1.0
ORD000965,JioMart Express,Ahmedabad,32.0,Dairy & Eggs,No,581.77,7.4,6.61,18.0,4.0,4.0
ORD000966,Zepto,Bangalore,53.0,Bakery,No,495.35,13.7,2.16,17.0,4.0,3.0
ORD000967,JioMart Express,Delhi,52.0,Beverages,No,262.34,15.6,8.48,9.0,4.0,1.0
ORD000968,BigBasket Now,Bangalore,63.0,Baby Care,No,599.54,17.1,9.18,14.0,5.0,3.0
ORD000969,Blinkit,Mumbai,39.0,Groceries,No,237.07,12.9,4.31,,4.0,3.0
ORD000970,Blinkit,Pune,40.0,Meat & Seafood,Yes,398.05,27.4,8.32,4.0,5.0,4.0
ORD000971,Dunzo,Bangalore,57.0,Bakery,Yes,596.52,9.0,2.87,16.0,3.0,3.0
ORD000972,BigBasket Now,Bangalore,62.0,Groceries,No,532.59,10.4,1.83,12.0,5.0,4.0
ORD000973,Blinkit,Hyderabad,39.0,Snacks & Munchies,No,269.07,20.0,3.5,8.0,,5.0
ORD000974,BigBasket Now,Bangalore,22.0,Baby Care,Yes,827.57,10.3,3.75,9.0,1.0,5.0
ORD000975,Zepto,Hyderabad,48.0,Household Essentials,Yes,424.97,10.2,4.27,11.0,3.0,5.0
ORD000976,Swiggy Instamart,Mumbai,30.0,Dairy & Eggs,No,630.05,17.3,4.04,5.0,1.0,5.0
ORD000977,Blinkit,Kolkata,45.0,Beverages,No,1009.75,10.8,4.41,12.0,4.0,4.0
ORD000978,Dunzo,Ahmedabad,37.0,Dairy & Eggs,Yes,788.8,15.6,7.25,2.0,3.0,5.0
ORD000979,Zepto,Hyderabad,50.0,Beverages,Yes,790.04,12.4,2.83,11.0,5.0,5.0
ORD000980,BigBasket Now,Ahmedabad,33.0,Personal Care,No,452.87,11.7,0.68,11.0,5.0,3.0
ORD000981,JioMart Express,Mumbai,46.0,Personal Care,No,649.6,7.1,5.15,,5.0,5.0
ORD000982,Zepto,Bangalore,40.0,Dairy & Eggs,Yes,458.59,17.4,4.76,17.0,4.0,4.0
ORD000983,Blinkit,Hyderabad,41.0,Beverages,No,195.27,10.0,1.07,17.0,5.0,1.0
ORD000984,BigBasket Now,Hyderabad,51.0,Beverages,No,483.79,15.4,1.77,4.0,3.0,4.0
ORD000985,Swiggy Instamart,Bangalore,24.0,Groceries,No,470.51,13.4,5.34,14.0,4.0,4.0
ORD000986,Zepto,Delhi,55.0,Dairy & Eggs,No,572.63,15.1,2.73,5.0,4.0,4.0
ORD000987,Blinkit,Mumbai,54.0,Fruits & Vegetables,No,373.61,15.5,8.84,4.0,3.0,3.0
ORD000988,Dunzo,Bangalore,21.0,Snacks & Munchies,Yes,255.48,17.8,2.15,6.0,2.0,4.0
ORD000989,JioMart Express,Mumbai,51.0,Household Essentials,Yes,598.19,12.3,0.69,18.0,4.0,4.0
ORD000990,BigBasket Now,Chennai,59.0,Personal Care,Yes,183.47,27.0,4.75,13.0,2.0,5.0
ORD000991,Zepto,Delhi,39.0,Fruits & Vegetables,Yes,968.06,7.9,9.87,6.0,5.0,5.0
ORD000992,Zepto,Mumbai,22.0,Personal Care,Yes,351.13,15.0,6.52,15.0,5.0,5.0
ORD000993,Swiggy Instamart,Hyderabad,59.0,Baby Care,Yes,467.46,23.0,3.86,5.0,3.0,3.0
ORD000994,Swiggy Instamart,Hyderabad,40.0,Personal Care,No,564.05,19.9,0.66,6.0,4.0,4.0
ORD000995,Dunzo,Pune,32.0,Bakery,No,575.02,11.1,5.11,18.0,5.0,4.0
ORD000996,JioMart Express,Hyderabad,48.0,Personal Care,No,173.23,11.9,2.46,7.0,3.0,4.0
ORD000997,Dunzo,Delhi,26.0,Groceries,No,661.46,11.0,6.65,6.0,5.0,1.0
ORD000998,Blinkit,Kolkata,60.0,Fruits & Vegetables,Yes,483.91,20.9,6.04,8.0,5.0,4.0
ORD000999,Blinkit,Bangalore,42.0,Baby Care,Yes,275.57,12.2,3.02,5.0,2.0,4.0
ORD001000,Dunzo,Mumbai,42.0,Beverages,Yes,257.29,18.2,1.15,4.0,1.0,4.0
ORD001001,JioMart Express,Hyderabad,38.0,Beverages,No,330.16,18.3,7.67,19.0,5.0,1.0
ORD001002,Dunzo,Pune,26.0,Baby Care,Yes,185.07,42.4,6.06,10.0,5.0,3.0
ORD001003,JioMart Express,Bangalore,55.0,Meat & Seafood,No,1133.83,18.6,8.5,9.0,4.0,5.0
ORD001004,JioMart Express,Delhi,39.0,Dairy & Eggs,No,984.06,11.9,2.97,1.0,2.0,4.0
ORD001005,BigBasket Now,Mumbai,60.0,Meat & Seafood,Yes,529.02,9.2,6.7,19.0,4.0,5.0
ORD001006,JioMart Express,Mumbai,40.0,Fruits & Vegetables,Yes,352.82,14.7,1.63,12.0,3.0,4.0
ORD001007,Swiggy Instamart,Bangalore,21.0,Personal Care,No,358.43,15.7,3.27,19.0,5.0,5.0
ORD001008,JioMart Express,Hyderabad,46.0,Beverages,No,635.77,6.8,6.74,13.0,5.0,1.0
ORD001009,JioMart Express,Mumbai,32.0,Groceries,No,1158.29,12.4,8.34,15.0,4.0,3.0
ORD001010,JioMart Express,Pune,18.0,Meat & Seafood,Yes,286.51,18.5,3.55,2.0,3.0,4.0
ORD001011,Blinkit,Chennai,47.0,Personal Care,No,206.32,13.3,8.09,12.0,5.0,
ORD001012,Swiggy Instamart,,46.0,Household Essentials,Yes,1021.05,24.2,6.94,18.0,3.0,4.0
ORD001013,Swiggy Instamart,Kolkata,37.0,Dairy & Eggs,No,138.06,8.8,3.81,4.0,1.0,4.0
ORD001014,Dunzo,Mumbai,50.0,Baby Care,No,220.28,21.6,8.83,12.0,4.0,3.0
ORD001015,BigBasket Now,,58.0,Personal Care,No,347.89,23.7,5.34,13.0,4.0,4.0
ORD001016,JioMart Express,Hyderabad,61.0,Dairy & Eggs,Yes,158.18,24.1,6.66,4.0,5.0,4.0
ORD001017,Zepto,Kolkata,53.0,Dairy & Eggs,No,786.26,8.8,5.21,14.0,5.0,5.0
ORD001018,BigBasket Now,Kolkata,39.0,Beverages,Yes,674.62,18.6,4.8,18.0,4.0,4.0
ORD001019,BigBasket Now,Delhi,30.0,Beverages,Yes,285.75,12.6,8.56,6.0,4.0,3.0
ORD001020,Swiggy Instamart,Ahmedabad,24.0,Fruits & Vegetables,Yes,869.37,9.4,3.3,1.0,4.0,2.0
ORD001021,BigBasket Now,Mumbai,25.0,Household Essentials,No,962.54,13.9,0.85,10.0,3.0,1.0
ORD001022,JioMart Express,Pune,45.0,Baby Care,No,376.94,11.5,8.86,18.0,5.0,4.0
ORD001023,JioMart Express,Ahmedabad,62.0,Dairy & Eggs,Yes,307.85,23.8,8.34,19.0,4.0,4.0
ORD001024,Blinkit,Mumbai,60.0,Fruits & Vegetables,No,1565.19,20.2,3.98,2.0,5.0,4.0
ORD001025,JioMart Express,Chennai,26.0,Bakery,Yes,621.85,10.4,2.26,15.0,4.0,5.0
ORD001026,JioMart Express,Mumbai,42.0,Meat & Seafood,Yes,470.5,12.3,6.92,3.0,3.0,1.0
ORD001027,Swiggy Instamart,Bangalore,33.0,Snacks & Munchies,Yes,914.27,14.1,1.25,8.0,3.0,4.0
ORD001028,JioMart Express,Bangalore,27.0,Dairy & Eggs,No,483.55,16.0,4.53,19.0,4.0,5.0
ORD001029,Blinkit,Hyderabad,28.0,Fruits & Vegetables,No,297.86,24.6,1.32,11.0,3.0,4.0
ORD001030,Zepto,Pune,48.0,Household Essentials,No,423.31,21.7,6.18,14.0,4.0,4.0
ORD001031,Swiggy Instamart,Chennai,29.0,Beverages,No,752.34,16.8,0.76,16.0,3.0,4.0
ORD001032,Zepto,Bangalore,48.0,Dairy & Eggs,Yes,122.08,14.8,6.48,10.0,5.0,4.0
ORD001033,Swiggy Instamart,Kolkata,31.0,Dairy & Eggs,No,339.4,8.1,6.9,17.0,2.0,2.0
ORD001034,Dunzo,Ahmedabad,61.0,Personal Care,Yes,925.04,27.6,5.13,15.0,4.0,2.0
ORD001035,BigBasket Now,Mumbai,49.0,Household Essentials,No,296.75,13.8,2.16,11.0,1.0,3.0
ORD001036,Dunzo,Ahmedabad,34.0,Baby Care,No,1020.11,30.6,1.46,8.0,4.0,5.0
ORD001037,JioMart Express,Mumbai,52.0,Beverages,No,942.79,17.8,3.48,8.0,3.0,3.0
ORD001038,Zepto,Kolkata,18.0,Dairy & Eggs,No,387.87,37.0,4.92,7.0,4.0,5.0
ORD001039,JioMart Express,Delhi,46.0,Meat & Seafood,No,286.83,21.0,6.6,12.0,4.0,5.0
ORD001040,BigBasket Now,Mumbai,21.0,Beverages,Yes,339.54,9.3,0.51,16.0,,4.0
ORD001041,Swiggy Instamart,Bangalore,40.0,Meat & Seafood,No,1995.74,12.9,7.26,16.0,4.0,5.0
ORD001042,BigBasket Now,Hyderabad,45.0,Snacks & Munchies,Yes,1242.22,15.4,7.27,10.0,4.0,1.0
ORD001043,Blinkit,Bangalore,33.0,Baby Care,Yes,434.95,11.6,4.72,7.0,5.0,4.0
ORD001044,BigBasket Now,Mumbai,29.0,Snacks & Munchies,No,280.09,14.1,3.76,4.0,5.0,5.0
ORD001045,Blinkit,Hyderabad,38.0,Dairy & Eggs,No,432.78,9.5,8.5,2.0,5.0,1.0
ORD001046,BigBasket Now,Pune,62.0,Personal Care,Yes,466.98,16.5,7.95,,2.0,3.0
ORD001047,Blinkit,Bangalore,34.0,Baby Care,No,191.33,18.1,9.84,15.0,5.0,2.0
ORD001048,Zepto,Delhi,57.0,Personal Care,No,423.28,11.0,4.03,14.0,5.0,4.0
ORD001049,JioMart Express,Bangalore,30.0,Fruits & Vegetables,No,891.98,35.7,9.11,12.0,5.0,2.0
ORD001050,JioMart Express,Mumbai,49.0,Bakery,No,137.06,16.9,1.33,17.0,4.0,4.0
ORD001051,Dunzo,Kolkata,54.0,Household Essentials,No,662.45,11.9,4.41,17.0,3.0,5.0
ORD001052,JioMart Express,Kolkata,32.0,Fruits & Vegetables,Yes,920.46,8.6,4.92,13.0,5.0,3.0
ORD001053,Swiggy Instamart,Hyderabad,29.0,Snacks & Munchies,No,288.2,16.8,4.69,8.0,5.0,5.0
ORD001054,BigBasket Now,Delhi,32.0,Meat & Seafood,No,1114.88,14.8,6.44,10.0,,2.0
ORD001055,Dunzo,Kolkata,51.0,Snacks & Munchies,No,266.61,22.5,2.12,13.0,4.0,3.0
ORD001056,Swiggy Instamart,Hyderabad,23.0,Baby Care,No,525.66,15.5,8.73,7.0,3.0,3.0
ORD001057,Swiggy Instamart,Kolkata,34.0,Baby Care,Yes,335.61,10.2,5.74,3.0,4.0,5.0
ORD001058,Blinkit,Hyderabad,37.0,Snacks & Munchies,Yes,335.56,32.1,9.09,15.0,5.0,
ORD001059,JioMart Express,Kolkata,26.0,Dairy & Eggs,Yes,278.56,19.6,0.53,7.0,1.0,3.0
ORD001060,Zepto,Hyderabad,22.0,Snacks & Munchies,Yes,613.48,14.9,6.48,5.0,4.0,2.0
ORD001061,Zepto,Bangalore,40.0,Baby Care,Yes,671.35,17.6,4.42,8.0,5.0,5.0
ORD001062,Dunzo,Ahmedabad,50.0,Baby Care,Yes,388.13,19.9,5.3,17.0,3.0,4.0
ORD001063,Zepto,Bangalore,55.0,Beverages,No,178.4,9.3,7.57,8.0,2.0,3.0
ORD001064,BigBasket Now,Hyderabad,31.0,Groceries,No,513.83,17.5,2.66,7.0,5.0,4.0
ORD001065,Zepto,Delhi,34.0,Personal Care,No,519.68,13.7,2.45,7.0,2.0,
ORD001066,Dunzo,Hyderabad,36.0,Fruits & Vegetables,No,354.24,20.1,7.18,2.0,4.0,2.0
ORD001067,Zepto,Hyderabad,50.0,Snacks & Munchies,Yes,1236.87,12.2,5.45,11.0,5.0,2.0
ORD001068,BigBasket Now,Mumbai,18.0,Beverages,Yes,157.85,12.9,2.72,12.0,5.0,3.0
ORD001069,Blinkit,Mumbai,30.0,Dairy & Eggs,No,106.66,32.0,5.1,12.0,5.0,4.0
ORD001070,Dunzo,Hyderabad,63.0,Baby Care,No,260.21,26.9,4.87,19.0,4.0,3.0
ORD001071,Blinkit,Chennai,44.0,Snacks & Munchies,No,617.86,5.0,7.07,3.0,4.0,5.0
ORD001072,Blinkit,Bangalore,23.0,Baby Care,Yes,214.11,26.1,0.53,12.0,5.0,5.0
ORD001073,Blinkit,Delhi,23.0,Meat & Seafood,Yes,223.95,16.0,6.07,6.0,4.0,4.0
ORD001074,Swiggy Instamart,Hyderabad,50.0,Beverages,No,713.81,12.4,6.25,6.0,4.0,2.0
ORD001075,JioMart Express,Mumbai,47.0,Snacks & Munchies,No,532.47,11.0,7.58,19.0,4.0,5.0
ORD001076,Swiggy Instamart,Bangalore,63.0,Meat & Seafood,No,505.85,11.2,8.95,9.0,4.0,4.0
ORD001077,JioMart Express,Mumbai,52.0,Bakery,No,644.75,12.5,4.68,9.0,4.0,4.0
ORD001078,Blinkit,Mumbai,40.0,Beverages,No,312.59,10.5,3.75,18.0,4.0,5.0
ORD001079,Dunzo,Delhi,27.0,Snacks & Munchies,No,321.38,9.6,1.47,10.0,3.0,5.0
ORD001080,JioMart Express,Bangalore,36.0,Snacks & Munchies,No,655.81,10.8,3.7,10.0,5.0,4.0
ORD001081,BigBasket Now,Mumbai,45.0,Household Essentials,No,180.02,18.7,1.15,1.0,3.0,4.0
ORD001082,BigBasket Now,Bangalore,40.0,Beverages,No,111.54,16.8,8.13,18.0,3.0,2.0
ORD001083,Zepto,Bangalore,21.0,Beverages,No,311.07,20.5,8.17,10.0,4.0,5.0
ORD001084,JioMart Express,Bangalore,37.0,Baby Care,No,705.23,16.0,4.46,7.0,4.0,5.0
ORD001085,Dunzo,Bangalore,36.0,Snacks & Munchies,Yes,470.28,9.8,2.97,8.0,5.0,3.0
ORD001086,Swiggy Instamart,Kolkata,59.0,Personal Care,No,674.77,20.0,1.62,11.0,5.0,5.0
ORD001087,Blinkit,Mumbai,44.0,Personal Care,No,120.33,11.0,8.59,6.0,5.0,5.0
ORD001088,Zepto,Bangalore,51.0,Personal Care,Yes,487.5,21.3,8.84,19.0,5.0,3.0
ORD001089,BigBasket Now,Mumbai,21.0,Bakery,No,597.24,10.3,3.03,9.0,5.0,4.0
ORD001090,Swiggy Instamart,Mumbai,55.0,Snacks & Munchies,Yes,179.38,12.5,6.41,11.0,3.0,3.0
ORD001091,Swiggy Instamart,Hyderabad,24.0,Snacks & Munchies,No,676.7,14.2,2.96,2.0,4.0,5.0
ORD001092,Blinkit,Hyderabad,24.0,Meat & Seafood,No,377.32,21.5,2.64,11.0,4.0,3.0
ORD001093,JioMart Express,Pune,43.0,Household Essentials,Yes,2547.33,17.6,0.7,5.0,4.0,4.0
ORD001094,BigBasket Now,Hyderabad,43.0,Beverages,No,109.25,16.6,5.98,19.0,4.0,3.0
ORD001095,Dunzo,Ahmedabad,36.0,Baby Care,No,917.33,35.0,1.92,17.0,4.0,1.0
ORD001096,Swiggy Instamart,Mumbai,26.0,Household Essentials,No,318.46,7.9,0.62,18.0,4.0,2.0
ORD001097,Blinkit,Mumbai,37.0,Meat & Seafood,Yes,152.89,10.9,1.5,14.0,4.0,
ORD001098,Dunzo,Mumbai,59.0,Snacks & Munchies,No,294.07,10.7,3.48,10.0,3.0,3.0
ORD001099,JioMart Express,Mumbai,62.0,Fruits & Vegetables,No,476.51,8.1,6.86,17.0,4.0,4.0
ORD001100,BigBasket Now,Bangalore,33.0,Beverages,No,751.81,12.3,2.42,11.0,5.0,4.0
ORD001101,JioMart Express,Hyderabad,34.0,Bakery,Yes,1133.63,21.7,8.93,2.0,4.0,4.0
ORD001102,Swiggy Instamart,Mumbai,39.0,Personal Care,No,946.85,13.0,3.24,10.0,5.0,4.0
ORD001103,Dunzo,Ahmedabad,30.0,Bakery,Yes,226.05,14.4,3.65,1.0,5.0,3.0
ORD001104,Dunzo,Kolkata,29.0,Snacks & Munchies,No,794.81,8.3,2.57,14.0,4.0,3.0
ORD001105,Dunzo,Delhi,27.0,Meat & Seafood,No,510.18,12.0,2.91,11.0,3.0,4.0
ORD001106,Swiggy Instamart,Mumbai,18.0,Fruits & Vegetables,Yes,272.39,13.7,1.2,11.0,4.0,4.0
ORD001107,Swiggy Instamart,Mumbai,49.0,Dairy & Eggs,No,355.26,21.3,3.3,10.0,5.0,5.0
ORD001108,JioMart Express,Mumbai,47.0,Personal Care,Yes,263.51,8.4,8.67,5.0,4.0,3.0
ORD001109,Zepto,Mumbai,25.0,Baby Care,No,412.51,13.7,7.04,5.0,,4.0
ORD001110,JioMart Express,Bangalore,38.0,Snacks & Munchies,No,260.4,25.4,8.82,14.0,4.0,
ORD001111,BigBasket Now,Delhi,39.0,Groceries,No,217.72,13.8,1.5,5.0,3.0,3.0
ORD001112,Blinkit,Delhi,35.0,Fruits & Vegetables,No,537.79,7.1,4.83,6.0,5.0,4.0
ORD001113,Dunzo,Ahmedabad,19.0,Fruits & Vegetables,No,588.3,27.4,2.68,16.0,4.0,3.0
ORD001114,Zepto,Chennai,61.0,Beverages,No,360.48,22.1,7.35,15.0,3.0,4.0
ORD001115,Blinkit,Ahmedabad,26.0,Bakery,No,916.53,23.3,9.72,6.0,3.0,5.0
ORD001116,Zepto,Mumbai,20.0,Personal Care,Yes,345.07,8.2,8.25,16.0,5.0,3.0
ORD001117,JioMart Express,Bangalore,43.0,Snacks & Munchies,No,336.41,30.1,0.84,19.0,5.0,4.0
ORD001118,Swiggy Instamart,Hyderabad,38.0,Groceries,No,599.62,12.1,3.51,13.0,4.0,5.0
ORD001119,Dunzo,Mumbai,47.0,Personal Care,Yes,372.61,13.4,0.77,19.0,4.0,3.0
ORD001120,JioMart Express,Mumbai,45.0,Meat & Seafood,Yes,424.49,12.4,0.88,13.0,4.0,4.0
ORD001121,Blinkit,Chennai,53.0,Groceries,Yes,100.0,24.0,1.26,8.0,4.0,2.0
ORD001122,Blinkit,Hyderabad,43.0,Household Essentials,Yes,407.49,15.3,3.13,6.0,5.0,4.0
ORD001123,Blinkit,,51.0,Household Essentials,Yes,134.79,19.9,3.39,17.0,4.0,4.0
ORD001124,Blinkit,Bangalore,25.0,Fruits & Vegetables,No,193.92,17.0,4.3,5.0,1.0,4.0
ORD001125,Blinkit,Bangalore,27.0,Meat & Seafood,No,181.06,15.8,4.35,8.0,3.0,4.0
ORD001126,Zepto,Mumbai,60.0,Household Essentials,No,215.82,11.3,7.83,18.0,2.0,5.0
ORD001127,JioMart Express,,31.0,Fruits & Vegetables,Yes,290.23,33.9,1.84,19.0,4.0,1.0
ORD001128,Dunzo,Mumbai,57.0,Bakery,No,301.3,9.2,2.0,12.0,4.0,5.0
ORD001129,Swiggy Instamart,Mumbai,32.0,Snacks & Munchies,No,600.98,19.4,6.45,12.0,1.0,3.0
ORD001130,Swiggy Instamart,Ahmedabad,34.0,Fruits & Vegetables,No,461.02,19.1,5.93,13.0,5.0,2.0
ORD001131,JioMart Express,Hyderabad,35.0,Snacks & Munchies,No,128.94,26.1,1.96,4.0,4.0,5.0
ORD001132,JioMart Express,,49.0,Meat & Seafood,Yes,424.1,28.7,8.6,10.0,3.0,5.0
ORD001133,Swiggy Instamart,Delhi,55.0,Beverages,No,488.31,15.6,3.63,16.0,3.0,5.0
ORD001134,Swiggy Instamart,Bangalore,40.0,Personal Care,No,331.25,20.3,3.99,,4.0,2.0
ORD001135,Zepto,Delhi,63.0,Fruits & Vegetables,Yes,388.96,33.3,4.49,12.0,3.0,5.0
ORD001136,BigBasket Now,Mumbai,40.0,Fruits & Vegetables,Yes,452.23,16.0,3.57,16.0,1.0,4.0
ORD001137,Dunzo,Mumbai,52.0,Snacks & Munchies,Yes,638.27,10.7,5.8,15.0,1.0,5.0
ORD001138,Blinkit,Kolkata,56.0,Household Essentials,Yes,156.82,14.1,4.19,2.0,4.0,5.0
ORD001139,BigBasket Now,Chennai,32.0,Household Essentials,Yes,348.42,9.8,2.96,16.0,2.0,3.0
ORD001140,JioMart Express,Bangalore,41.0,Fruits & Vegetables,No,997.25,19.1,9.09,11.0,1.0,4.0
ORD001141,Swiggy Instamart,Bangalore,45.0,Household Essentials,No,943.88,25.2,3.43,9.0,5.0,5.0
ORD001142,BigBasket Now,Pune,33.0,Household Essentials,No,672.2,15.7,7.14,2.0,3.0,4.0
ORD001143,Dunzo,Mumbai,33.0,Fruits & Vegetables,No,556.74,8.6,3.8,18.0,4.0,2.0
ORD001144,JioMart Express,Delhi,57.0,Bakery,No,1088.74,24.7,4.63,13.0,3.0,2.0
ORD001145,Blinkit,Delhi,56.0,Bakery,No,1275.01,8.1,2.74,13.0,1.0,4.0
ORD001146,Blinkit,Kolkata,23.0,Dairy & Eggs,No,373.36,8.9,7.65,,5.0,3.0
ORD001147,Dunzo,Ahmedabad,19.0,Bakery,Yes,225.5,15.3,7.5,10.0,2.0,3.0
ORD001148,Dunzo,Delhi,30.0,Dairy & Eggs,No,343.03,18.2,0.71,17.0,1.0,4.0
ORD001149,Swiggy Instamart,Pune,61.0,Meat & Seafood,No,2586.39,19.5,1.07,1.0,4.0,3.0
ORD001150,Blinkit,Kolkata,64.0,Baby Care,Yes,157.34,16.0,9.26,16.0,1.0,1.0
ORD001151,JioMart Express,Delhi,26.0,Personal Care,No,304.2,33.2,8.94,11.0,4.0,3.0
ORD001152,BigBasket Now,Bangalore,51.0,Baby Care,No,172.84,16.9,5.31,1.0,3.0,5.0
ORD001153,JioMart Express,Bangalore,34.0,Household Essentials,No,434.79,24.9,5.19,6.0,3.0,1.0
ORD001154,Zepto,Ahmedabad,44.0,Groceries,Yes,196.05,22.5,8.22,12.0,1.0,
ORD001155,Zepto,Mumbai,46.0,Household Essentials,No,377.95,9.8,1.82,16.0,,5.0
ORD001156,Dunzo,Kolkata,54.0,Fruits & Vegetables,Yes,125.2,15.4,6.71,11.0,4.0,4.0
ORD001157,Swiggy Instamart,Delhi,60.0,Fruits & Vegetables,Yes,584.39,38.4,5.02,18.0,4.0,3.0
ORD001158,Zepto,Chennai,39.0,Personal Care,Yes,840.0,13.4,7.56,2.0,4.0,5.0
ORD001159,Blinkit,Bangalore,41.0,Beverages,No,320.42,12.6,0.79,17.0,5.0,4.0
ORD001160,JioMart Express,,24.0,Beverages,No,372.01,17.6,6.13,17.0,4.0,3.0
ORD001161,JioMart Express,Kolkata,51.0,Beverages,Yes,365.75,13.6,5.79,4.0,5.0,4.0
ORD001162,Dunzo,Kolkata,29.0,Bakery,No,449.68,12.0,8.49,6.0,4.0,3.0
ORD001163,BigBasket Now,Pune,40.0,Meat & Seafood,Yes,394.29,13.6,6.93,15.0,4.0,4.0
ORD001164,Dunzo,Mumbai,32.0,Household Essentials,Yes,639.62,29.2,8.86,11.0,5.0,4.0
ORD001165,BigBasket Now,Chennai,50.0,Fruits & Vegetables,No,845.41,15.6,8.93,18.0,5.0,4.0
ORD001166,Dunzo,Mumbai,30.0,Groceries,Yes,247.54,9.7,4.38,17.0,2.0,4.0
ORD001167,Dunzo,Bangalore,40.0,Groceries,No,335.09,9.0,1.81,2.0,4.0,5.0
ORD001168,Dunzo,Bangalore,55.0,Groceries,Yes,692.96,39.8,6.49,13.0,4.0,4.0
ORD001169,BigBasket Now,Bangalore,49.0,Beverages,Yes,171.91,15.0,8.8,6.0,,4.0
ORD001170,BigBasket Now,Bangalore,62.0,Personal Care,No,123.66,19.6,1.21,11.0,5.0,5.0
ORD001171,Dunzo,Ahmedabad,52.0,Beverages,No,462.1,12.1,5.8,7.0,4.0,4.0
ORD001172,Zepto,Mumbai,18.0,Fruits & Vegetables,Yes,543.38,18.7,1.59,18.0,4.0,4.0
ORD001173,Swiggy Instamart,Chennai,64.0,Household Essentials,No,261.55,29.5,0.76,17.0,3.0,5.0
ORD001174,Swiggy Instamart,Bangalore,62.0,Household Essentials,No,285.09,12.7,6.96,13.0,3.0,5.0
ORD001175,Swiggy Instamart,Mumbai,22.0,Personal Care,No,255.67,19.8,6.98,14.0,2.0,
ORD001176,BigBasket Now,Mumbai,30.0,Meat & Seafood,Yes,239.81,9.4,6.21,9.0,3.0,3.0
ORD001177,BigBasket Now,Ahmedabad,22.0,Bakery,No,611.61,36.9,8.66,13.0,4.0,4.0
ORD001178,Zepto,Pune,49.0,Groceries,No,198.68,18.3,1.27,6.0,5.0,4.0
ORD001179,Swiggy Instamart,Pune,38.0,Household Essentials,Yes,344.02,13.9,1.5,1.0,4.0,4.0
ORD001180,Swiggy Instamart,Ahmedabad,41.0,Personal Care,No,234.35,14.6,8.71,1.0,3.0,3.0
ORD001181,Dunzo,,35.0,Groceries,No,168.48,13.4,5.28,4.0,1.0,4.0
ORD001182,BigBasket Now,Delhi,38.0,Beverages,No,680.01,13.7,3.09,14.0,4.0,4.0
ORD001183,Swiggy Instamart,Hyderabad,27.0,Snacks & Munchies,No,295.33,6.2,7.51,18.0,4.0,3.0
ORD001184,JioMart Express,,41.0,Baby Care,No,451.72,15.8,9.0,16.0,5.0,5.0
ORD001185,Zepto,Bangalore,57.0,Household Essentials,No,163.23,15.5,7.05,3.0,5.0,5.0
ORD001186,JioMart Express,Delhi,64.0,Meat & Seafood,No,258.48,20.0,8.02,6.0,5.0,5.0
ORD001187,JioMart Express,Hyderabad,38.0,Personal Care,No,635.02,13.3,3.18,1.0,1.0,4.0
ORD001188,Zepto,Hyderabad,42.0,Bakery,No,1905.24,12.1,3.24,11.0,5.0,4.0
ORD001189,JioMart Express,Mumbai,40.0,Meat & Seafood,Yes,123.26,16.4,8.71,10.0,3.0,5.0
ORD001190,Swiggy Instamart,Bangalore,39.0,Beverages,Yes,357.57,8.6,6.34,18.0,4.0,4.0
ORD001191,BigBasket Now,Hyderabad,21.0,Household Essentials,No,516.65,17.4,2.72,4.0,4.0,4.0
ORD001192,Zepto,Hyderabad,51.0,Fruits & Vegetables,Yes,278.76,7.8,5.48,6.0,4.0,2.0
ORD001193,Dunzo,Delhi,23.0,Beverages,No,671.63,25.7,7.02,19.0,2.0,4.0
ORD001194,JioMart Express,Chennai,45.0,Bakery,No,239.84,21.6,2.58,9.0,4.0,5.0
ORD001195,Zepto,Mumbai,48.0,Beverages,No,442.44,11.4,6.72,10.0,1.0,2.0
ORD001196,Blinkit,Delhi,52.0,Personal Care,No,294.94,21.4,0.9,5.0,1.0,4.0
ORD001197,Blinkit,Kolkata,56.0,Meat & Seafood,No,838.54,17.2,3.39,16.0,4.0,4.0
ORD001198,BigBasket Now,Hyderabad,59.0,Personal Care,Yes,268.86,11.0,6.9,2.0,5.0,4.0
ORD001199,Swiggy Instamart,Delhi,40.0,Groceries,No,326.65,7.3,1.92,9.0,5.0,2.0
ORD001200,BigBasket Now,Chennai,23.0,Snacks & Munchies,Yes,711.53,18.7,2.61,11.0,4.0,5.0
ORD001201,BigBasket Now,Hyderabad,33.0,Meat & Seafood,Yes,217.71,12.0,8.85,2.0,2.0,1.0
ORD001202,BigBasket Now,Kolkata,19.0,Snacks & Munchies,Yes,420.42,25.5,6.91,18.0,1.0,
ORD001203,BigBasket Now,Chennai,41.0,Personal Care,Yes,135.16,16.5,5.24,2.0,3.0,1.0
ORD001204,Dunzo,Hyderabad,34.0,Fruits & Vegetables,Yes,210.03,12.4,2.5,14.0,5.0,3.0
ORD001205,Dunzo,Bangalore,62.0,Household Essentials,Yes,507.39,33.8,3.74,4.0,4.0,5.0
ORD001206,Zepto,Mumbai,18.0,Bakery,No,222.65,20.7,5.96,,5.0,5.0
ORD001207,Blinkit,Delhi,23.0,Beverages,No,290.98,5.0,1.98,8.0,5.0,5.0
ORD001208,BigBasket Now,Bangalore,22.0,Beverages,Yes,542.32,13.5,5.08,1.0,4.0,2.0
ORD001209,Zepto,Hyderabad,62.0,Snacks & Munchies,Yes,285.0,9.5,4.39,1.0,5.0,4.0
ORD001210,Blinkit,Bangalore,46.0,Bakery,No,660.97,11.9,5.03,4.0,3.0,2.0
ORD001211,JioMart Express,Delhi,29.0,Meat & Seafood,No,459.16,15.5,1.5,18.0,4.0,3.0
ORD001212,Swiggy Instamart,Mumbai,56.0,Household Essentials,No,523.96,18.9,1.51,19.0,5.0,3.0
ORD001213,Dunzo,Bangalore,64.0,Baby Care,Yes,849.44,18.3,9.66,10.0,4.0,2.0
ORD001214,JioMart Express,Delhi,20.0,Snacks & Munchies,No,488.77,25.3,9.8,18.0,3.0,5.0
ORD001215,Blinkit,Chennai,18.0,Meat & Seafood,No,1015.67,21.2,4.55,10.0,3.0,2.0
ORD001216,JioMart Express,Mumbai,44.0,Meat & Seafood,No,696.98,20.7,8.0,9.0,5.0,4.0
ORD001217,Swiggy Instamart,Hyderabad,41.0,Bakery,Yes,294.69,17.8,6.73,7.0,1.0,4.0
ORD001218,Blinkit,Ahmedabad,61.0,Bakery,Yes,876.46,27.5,1.61,6.0,,3.0
ORD001219,JioMart Express,Mumbai,36.0,Dairy & Eggs,Yes,472.63,14.5,3.32,,1.0,5.0
ORD001220,Dunzo,Bangalore,25.0,Beverages,Yes,318.36,14.6,3.48,5.0,4.0,4.0
ORD001221,Dunzo,Mumbai,61.0,Household Essentials,No,476.77,7.7,6.16,19.0,4.0,5.0
ORD001222,Zepto,Hyderabad,64.0,Groceries,No,786.35,25.1,6.01,15.0,4.0,5.0
ORD001223,JioMart Express,Hyderabad,19.0,Snacks & Munchies,No,530.08,15.9,9.27,14.0,4.0,5.0
ORD001224,BigBasket Now,Bangalore,47.0,Household Essentials,No,1204.04,53.2,8.01,7.0,5.0,5.0
ORD001225,JioMart Express,Bangalore,47.0,Dairy & Eggs,No,774.27,14.0,8.64,9.0,4.0,3.0
ORD001226,Blinkit,Pune,56.0,Dairy & Eggs,Yes,552.19,17.0,8.97,12.0,,2.0
ORD001227,Blinkit,Mumbai,62.0,Household Essentials,No,217.97,20.5,8.11,17.0,2.0,4.0
ORD001228,JioMart Express,Mumbai,49.0,Bakery,No,362.19,10.6,3.66,18.0,1.0,4.0
ORD001229,Swiggy Instamart,Pune,18.0,Meat & Seafood,Yes,421.15,19.0,2.54,2.0,1.0,5.0
ORD001230,Dunzo,Hyderabad,55.0,Baby Care,Yes,612.76,16.7,5.93,17.0,2.0,5.0
ORD001231,Blinkit,Pune,30.0,Household Essentials,No,591.35,14.6,7.05,7.0,4.0,3.0
ORD001232,Dunzo,Hyderabad,28.0,Snacks & Munchies,No,446.63,26.3,4.17,10.0,4.0,1.0
ORD001233,Blinkit,Kolkata,27.0,Groceries,Yes,433.64,11.5,8.56,15.0,5.0,3.0
ORD001234,Zepto,Bangalore,43.0,Beverages,No,621.59,18.4,9.63,1.0,3.0,
ORD001235,BigBasket Now,Chennai,37.0,Dairy & Eggs,No,241.01,29.4,5.91,11.0,4.0,2.0
ORD001236,Blinkit,Pune,34.0,Fruits & Vegetables,No,1115.78,12.4,4.84,8.0,5.0,4.0
ORD001237,Dunzo,Hyderabad,34.0,Fruits & Vegetables,Yes,118.12,14.6,8.51,12.0,5.0,4.0
ORD001238,Zepto,Mumbai,21.0,Meat & Seafood,Yes,966.08,42.0,0.73,3.0,5.0,3.0
ORD001239,Blinkit,Delhi,22.0,Bakery,No,392.64,19.9,1.73,15.0,5.0,4.0
ORD001240,Swiggy Instamart,Mumbai,40.0,Beverages,No,736.23,13.4,8.53,5.0,4.0,4.0
ORD001241,BigBasket Now,Delhi,63.0,Dairy & Eggs,Yes,501.85,22.7,7.45,5.0,5.0,4.0
ORD001242,Blinkit,Delhi,27.0,Fruits & Vegetables,Yes,496.52,13.1,4.45,17.0,5.0,5.0
ORD001243,Zepto,Hyderabad,63.0,Fruits & Vegetables,Yes,562.59,8.8,8.94,2.0,5.0,2.0
ORD001244,Swiggy Instamart,Hyderabad,45.0,Baby Care,Yes,655.52,28.5,3.84,1.0,1.0,4.0
ORD001245,JioMart Express,Bangalore,50.0,Household Essentials,No,331.19,10.6,6.52,18.0,5.0,5.0
ORD001246,Zepto,Hyderabad,60.0,Personal Care,No,750.6,43.8,6.53,9.0,4.0,4.0
ORD001247,Zepto,Mumbai,43.0,Beverages,Yes,210.46,13.5,2.25,,2.0,4.0
ORD001248,Swiggy Instamart,Mumbai,46.0,Personal Care,Yes,402.14,38.6,3.21,13.0,3.0,4.0
ORD001249,Zepto,Mumbai,44.0,Groceries,No,666.19,9.5,9.2,2.0,5.0,4.0
ORD001250,Swiggy Instamart,Bangalore,35.0,Bakery,Yes,732.9,24.8,2.24,13.0,4.0,1.0
ORD001251,Blinkit,,57.0,Household Essentials,No,531.91,20.1,2.15,8.0,,4.0
ORD001252,Swiggy Instamart,Delhi,27.0,Groceries,No,318.61,23.0,5.06,10.0,2.0,4.0
ORD001253,Swiggy Instamart,Bangalore,59.0,Snacks & Munchies,No,690.92,24.2,1.38,6.0,4.0,4.0
ORD001254,BigBasket Now,Kolkata,22.0,Dairy & Eggs,Yes,269.99,13.5,9.0,11.0,3.0,4.0
ORD001255,Swiggy Instamart,Mumbai,27.0,Personal Care,Yes,1153.83,9.7,1.45,14.0,4.0,4.0
ORD001256,Swiggy Instamart,Hyderabad,38.0,Meat & Seafood,No,383.45,16.1,6.36,10.0,4.0,4.0
ORD001257,JioMart Express,Hyderabad,41.0,Snacks & Munchies,No,160.17,18.0,3.73,10.0,4.0,3.0
ORD001258,Blinkit,Kolkata,55.0,Beverages,Yes,197.0,13.6,8.14,11.0,1.0,3.0
ORD001259,BigBasket Now,,20.0,Dairy & Eggs,No,414.13,18.4,6.1,4.0,2.0,4.0
ORD001260,JioMart Express,Mumbai,57.0,Fruits & Vegetables,No,438.73,18.8,4.19,3.0,1.0,3.0
ORD001261,Dunzo,Mumbai,48.0,Personal Care,No,1315.27,11.4,9.85,9.0,5.0,4.0
ORD001262,Blinkit,Pune,58.0,Household Essentials,Yes,216.35,19.3,1.13,5.0,3.0,4.0
ORD001263,Blinkit,Bangalore,54.0,Household Essentials,No,413.09,14.8,5.99,1.0,4.0,3.0
ORD001264,Dunzo,Hyderabad,19.0,Snacks & Munchies,No,213.65,12.4,9.9,11.0,4.0,5.0
ORD001265,Swiggy Instamart,Hyderabad,19.0,Snacks & Munchies,Yes,300.19,22.5,7.06,8.0,5.0,4.0
ORD001266,JioMart Express,Chennai,56.0,Bakery,No,1108.08,12.1,7.53,5.0,1.0,2.0
ORD001267,Zepto,Pune,59.0,Fruits & Vegetables,Yes,204.02,13.7,0.8,2.0,2.0,3.0
ORD001268,BigBasket Now,Ahmedabad,61.0,Baby Care,Yes,573.77,16.9,0.7,9.0,4.0,4.0
ORD001269,Zepto,Chennai,51.0,Personal Care,Yes,510.68,28.5,0.84,6.0,5.0,4.0
ORD001270,Dunzo,Delhi,59.0,Groceries,No,397.62,17.8,9.92,11.0,4.0,5.0
ORD001271,Blinkit,Pune,37.0,Beverages,No,550.96,20.3,9.81,10.0,3.0,4.0
ORD001272,Blinkit,Mumbai,50.0,Personal Care,Yes,201.14,14.6,3.68,12.0,4.0,5.0
ORD001273,BigBasket Now,Delhi,21.0,Personal Care,Yes,1089.85,15.9,3.26,3.0,5.0,2.0
ORD001274,Blinkit,Pune,62.0,Fruits & Vegetables,Yes,1280.37,16.1,1.89,7.0,,4.0
ORD001275,Blinkit,Delhi,61.0,Personal Care,Yes,414.99,18.5,3.63,18.0,4.0,5.0
ORD001276,BigBasket Now,Delhi,28.0,Bakery,No,1726.52,14.6,4.02,12.0,,3.0
ORD001277,JioMart Express,Mumbai,59.0,Personal Care,Yes,317.53,28.1,7.61,11.0,5.0,3.0
ORD001278,JioMart Express,Pune,64.0,Meat & Seafood,Yes,512.99,14.2,8.73,2.0,5.0,4.0
ORD001279,BigBasket Now,Bangalore,22.0,Meat & Seafood,No,952.54,8.3,7.59,10.0,4.0,5.0
ORD001280,Dunzo,Chennai,42.0,Dairy & Eggs,No,306.31,49.3,6.64,13.0,3.0,4.0
ORD001281,Blinkit,Delhi,54.0,Beverages,No,176.1,14.4,7.78,13.0,4.0,4.0
ORD001282,Blinkit,Chennai,51.0,Meat & Seafood,Yes,153.39,27.8,7.52,15.0,4.0,4.0
ORD001283,Dunzo,Chennai,26.0,Beverages,Yes,1389.22,28.8,5.02,13.0,3.0,1.0
ORD001284,JioMart Express,,23.0,Household Essentials,No,293.71,24.0,3.69,9.0,5.0,4.0
ORD001285,Swiggy Instamart,Bangalore,35.0,Bakery,Yes,360.88,15.2,3.19,6.0,4.0,2.0
ORD001286,Swiggy Instamart,Delhi,31.0,Fruits & Vegetables,Yes,206.92,18.4,6.95,3.0,3.0,3.0
ORD001287,Swiggy Instamart,Ahmedabad,36.0,Fruits & Vegetables,No,712.66,9.9,9.61,9.0,5.0,5.0
ORD001288,JioMart Express,Hyderabad,31.0,Meat & Seafood,No,252.41,36.5,6.02,4.0,3.0,4.0
ORD001289,JioMart Express,Pune,57.0,Bakery,Yes,300.44,11.7,9.17,5.0,5.0,5.0
ORD001290,Dunzo,Delhi,34.0,Household Essentials,Yes,482.85,14.9,0.64,12.0,4.0,3.0
ORD001291,Blinkit,Kolkata,52.0,Groceries,No,213.06,17.1,8.05,17.0,5.0,4.0
ORD001292,Dunzo,Chennai,46.0,Bakery,Yes,362.44,15.8,8.61,5.0,5.0,5.0
ORD001293,Dunzo,Chennai,59.0,Dairy & Eggs,No,935.73,12.6,6.49,4.0,5.0,3.0
ORD001294,JioMart Express,Ahmedabad,34.0,Fruits & Vegetables,No,521.63,28.7,9.37,8.0,3.0,3.0
ORD001295,Swiggy Instamart,Bangalore,60.0,Dairy & Eggs,No,436.3,24.0,6.1,9.0,4.0,4.0
ORD001296,Zepto,Mumbai,25.0,Fruits & Vegetables,No,458.94,18.7,2.79,17.0,5.0,4.0
ORD001297,Blinkit,Chennai,18.0,Household Essentials,Yes,319.42,14.0,2.55,8.0,1.0,5.0
ORD001298,JioMart Express,Chennai,62.0,Personal Care,Yes,1336.34,25.2,5.78,5.0,5.0,4.0
ORD001299,Swiggy Instamart,Hyderabad,53.0,Baby Care,No,247.82,13.7,9.11,10.0,3.0,5.0
ORD001300,Zepto,Delhi,24.0,Bakery,No,457.86,30.8,1.19,18.0,3.0,5.0
ORD001301,Zepto,Bangalore,63.0,Bakery,No,432.25,17.2,6.24,14.0,3.0,3.0
ORD001302,JioMart Express,Delhi,22.0,Personal Care,No,738.97,26.9,7.81,5.0,2.0,5.0
ORD001303,BigBasket Now,Bangalore,41.0,Groceries,No,782.04,15.7,1.6,15.0,5.0,3.0
ORD001304,Blinkit,Hyderabad,45.0,Fruits & Vegetables,No,395.75,16.9,1.61,5.0,5.0,2.0
ORD001305,Zepto,Chennai,60.0,Groceries,No,480.29,26.8,3.98,12.0,4.0,5.0
ORD001306,JioMart Express,Delhi,34.0,Bakery,No,491.33,39.6,3.1,10.0,5.0,3.0
ORD001307,JioMart Express,Bangalore,54.0,Meat & Seafood,No,103.2,30.7,2.38,8.0,4.0,4.0
ORD001308,Swiggy Instamart,Delhi,37.0,Meat & Seafood,Yes,155.49,23.4,2.39,,5.0,3.0
ORD001309,BigBasket Now,Mumbai,20.0,Snacks & Munchies,No,280.61,20.8,1.74,3.0,5.0,3.0
ORD001310,Blinkit,Kolkata,54.0,Beverages,No,288.02,13.4,6.3,16.0,3.0,4.0
ORD001311,Dunzo,Pune,43.0,Meat & Seafood,Yes,196.45,18.5,7.04,11.0,4.0,4.0
ORD001312,Swiggy Instamart,Delhi,32.0,Meat & Seafood,No,632.54,11.4,7.18,9.0,4.0,4.0
ORD001313,Zepto,Chennai,25.0,Fruits & Vegetables,No,403.94,19.1,5.56,10.0,5.0,5.0
ORD001314,Zepto,Pune,30.0,Snacks & Munchies,No,354.67,19.6,9.55,2.0,4.0,4.0
ORD001315,Swiggy Instamart,Kolkata,20.0,Fruits & Vegetables,Yes,189.86,7.5,8.87,11.0,5.0,1.0
ORD001316,JioMart Express,Mumbai,18.0,Bakery,No,392.79,16.7,9.6,11.0,5.0,3.0
ORD001317,Zepto,Ahmedabad,26.0,Dairy & Eggs,Yes,100.0,19.4,4.19,7.0,4.0,5.0
ORD001318,BigBasket Now,Delhi,48.0,Groceries,No,365.85,15.9,8.84,11.0,5.0,4.0
ORD001319,Blinkit,Delhi,58.0,Bakery,Yes,419.02,19.0,7.75,5.0,4.0,5.0
ORD001320,BigBasket Now,Mumbai,43.0,Dairy & Eggs,No,466.45,9.6,3.73,12.0,4.0,4.0
ORD001321,Zepto,Bangalore,34.0,Household Essentials,No,157.83,12.1,1.51,18.0,5.0,3.0
ORD001322,Dunzo,Mumbai,51.0,Household Essentials,Yes,461.69,24.9,6.98,5.0,2.0,2.0
ORD001323,Blinkit,Delhi,26.0,Fruits & Vegetables,No,215.97,16.4,1.8,15.0,3.0,4.0
ORD001324,Blinkit,Delhi,30.0,Baby Care,No,247.77,18.8,3.29,12.0,4.0,4.0
ORD001325,Swiggy Instamart,Kolkata,22.0,Baby Care,Yes,620.64,13.2,5.25,1.0,4.0,3.0
ORD001326,Swiggy Instamart,Pune,58.0,Dairy & Eggs,Yes,1350.82,16.6,6.96,18.0,5.0,4.0
ORD001327,Dunzo,Delhi,30.0,Meat & Seafood,Yes,416.05,6.5,9.3,6.0,5.0,5.0
ORD001328,JioMart Express,Pune,18.0,Fruits & Vegetables,Yes,247.09,23.1,6.14,6.0,4.0,5.0
ORD001329,Blinkit,Pune,42.0,Dairy & Eggs,No,451.78,33.9,6.88,11.0,4.0,4.0
ORD001330,Dunzo,Chennai,64.0,Fruits & Vegetables,No,708.69,10.7,3.45,11.0,5.0,5.0
ORD001331,Swiggy Instamart,Mumbai,21.0,Dairy & Eggs,Yes,585.58,11.3,7.03,16.0,4.0,2.0
ORD001332,Swiggy Instamart,Chennai,53.0,Household Essentials,No,2091.98,19.6,4.66,6.0,3.0,3.0
ORD001333,Blinkit,Ahmedabad,27.0,Snacks & Munchies,No,262.64,29.7,8.64,1.0,5.0,
ORD001334,BigBasket Now,,45.0,Fruits & Vegetables,Yes,469.35,16.4,4.23,16.0,5.0,3.0
ORD001335,Zepto,Delhi,23.0,Snacks & Munchies,Yes,1021.83,10.1,4.95,3.0,3.0,5.0
ORD001336,Swiggy Instamart,Bangalore,44.0,Household Essentials,Yes,984.07,15.1,4.61,6.0,5.0,3.0
ORD001337,JioMart Express,Hyderabad,29.0,Baby Care,No,125.21,10.9,8.21,3.0,4.0,4.0
ORD001338,JioMart Express,Bangalore,20.0,Personal Care,No,402.62,12.6,9.56,19.0,3.0,4.0
ORD001339,Swiggy Instamart,Mumbai,63.0,Groceries,No,983.1,14.6,3.61,8.0,4.0,4.0
ORD001340,BigBasket Now,,50.0,Bakery,Yes,2285.6,11.3,5.01,2.0,3.0,4.0
ORD001341,BigBasket Now,Kolkata,27.0,Groceries,No,615.4,12.0,7.21,19.0,3.0,4.0
ORD001342,Dunzo,Pune,48.0,Groceries,No,323.53,16.9,9.01,15.0,5.0,4.0
ORD001343,JioMart Express,Mumbai,32.0,Bakery,No,220.19,17.9,5.19,14.0,5.0,5.0
ORD001344,Dunzo,,24.0,Household Essentials,Yes,1527.28,9.3,1.53,14.0,3.0,1.0
ORD001345,JioMart Express,Delhi,53.0,Household Essentials,No,624.68,19.3,4.0,4.0,5.0,2.0
ORD001346,Zepto,Hyderabad,31.0,Baby Care,No,242.54,14.1,5.73,19.0,3.0,4.0
ORD001347,Zepto,Chennai,31.0,Personal Care,Yes,357.13,21.9,4.47,7.0,2.0,4.0
ORD001348,Blinkit,Kolkata,20.0,Beverages,Yes,485.95,22.5,2.27,16.0,2.0,4.0
ORD001349,Dunzo,Ahmedabad,63.0,Groceries,No,559.08,13.2,0.85,8.0,3.0,5.0
ORD001350,Swiggy Instamart,Delhi,20.0,Meat & Seafood,No,235.15,21.0,7.03,15.0,,5.0
ORD001351,Dunzo,Pune,39.0,Groceries,No,279.08,11.8,9.93,5.0,5.0,5.0
ORD001352,Swiggy Instamart,Mumbai,36.0,Beverages,No,149.64,27.9,9.23,1.0,3.0,4.0
ORD001353,BigBasket Now,Chennai,52.0,Fruits & Vegetables,No,752.84,11.9,6.99,12.0,4.0,3.0
ORD001354,Dunzo,Chennai,29.0,Baby Care,Yes,328.66,18.9,8.49,9.0,5.0,5.0
ORD001355,BigBasket Now,Chennai,22.0,Snacks & Munchies,Yes,533.68,15.3,2.93,19.0,3.0,5.0
ORD001356,Zepto,Delhi,27.0,Snacks & Munchies,No,947.05,10.9,6.41,18.0,4.0,4.0
ORD001357,Zepto,Pune,58.0,Beverages,Yes,460.32,23.6,1.08,7.0,4.0,5.0
ORD001358,Blinkit,Mumbai,50.0,Groceries,Yes,376.99,12.9,7.22,11.0,3.0,5.0
ORD001359,Dunzo,Mumbai,30.0,Snacks & Munchies,No,453.21,8.3,9.71,11.0,5.0,4.0
ORD001360,BigBasket Now,Chennai,52.0,Beverages,No,419.02,5.2,8.68,15.0,1.0,3.0
ORD001361,Swiggy Instamart,Bangalore,49.0,Bakery,Yes,852.1,11.6,5.58,17.0,3.0,4.0
ORD001362,Zepto,Kolkata,28.0,Household Essentials,Yes,486.14,28.5,7.99,3.0,4.0,5.0
ORD001363,Zepto,Bangalore,55.0,Dairy & Eggs,No,291.01,27.2,9.47,11.0,4.0,3.0
ORD001364,Swiggy Instamart,Mumbai,41.0,Household Essentials,Yes,756.51,12.3,2.55,13.0,4.0,
ORD001365,BigBasket Now,Kolkata,52.0,Groceries,No,844.12,14.2,8.04,6.0,4.0,4.0
ORD001366,BigBasket Now,Bangalore,36.0,Beverages,Yes,180.73,13.7,3.06,14.0,4.0,3.0
ORD001367,Dunzo,Mumbai,23.0,Fruits & Vegetables,No,1011.99,9.6,8.83,11.0,4.0,4.0
ORD001368,Dunzo,Chennai,57.0,Snacks & Munchies,No,502.11,11.3,1.43,13.0,4.0,3.0
ORD001369,JioMart Express,Bangalore,62.0,Snacks & Munchies,No,478.17,24.3,2.19,17.0,5.0,5.0
ORD001370,JioMart Express,Hyderabad,61.0,Snacks & Munchies,Yes,738.02,20.1,7.35,14.0,5.0,5.0
ORD001371,Blinkit,Bangalore,59.0,Beverages,No,287.1,18.3,2.16,14.0,4.0,5.0
ORD001372,Zepto,Kolkata,52.0,Household Essentials,Yes,715.15,9.6,2.0,4.0,2.0,3.0
ORD001373,Dunzo,Kolkata,21.0,Fruits & Vegetables,Yes,321.8,17.1,5.78,4.0,4.0,1.0
ORD001374,BigBasket Now,Chennai,50.0,Beverages,No,166.51,6.5,8.43,14.0,3.0,5.0
ORD001375,Swiggy Instamart,Mumbai,30.0,Groceries,No,221.7,23.0,3.05,14.0,4.0,4.0
ORD001376,BigBasket Now,Kolkata,53.0,Baby Care,No,566.92,18.2,8.49,7.0,3.0,3.0
ORD001377,Zepto,Chennai,60.0,Groceries,Yes,228.77,9.6,8.18,16.0,5.0,2.0
ORD001378,JioMart Express,Chennai,36.0,Dairy & Eggs,Yes,1060.02,31.4,6.0,14.0,2.0,4.0
ORD001379,BigBasket Now,Delhi,60.0,Baby Care,No,823.51,8.0,6.64,5.0,5.0,3.0
ORD001380,Blinkit,Pune,29.0,Groceries,No,897.9,20.3,0.88,7.0,3.0,4.0
ORD001381,Zepto,Chennai,28.0,Fruits & Vegetables,No,434.79,20.5,3.99,17.0,4.0,5.0
ORD001382,JioMart Express,Mumbai,23.0,Personal Care,No,470.93,10.0,3.0,15.0,5.0,4.0
ORD001383,Swiggy Instamart,Bangalore,29.0,Personal Care,Yes,197.11,16.2,1.93,7.0,3.0,5.0
ORD001384,JioMart Express,Pune,44.0,Personal Care,No,733.24,8.5,4.2,10.0,5.0,3.0
ORD001385,Blinkit,Mumbai,58.0,Dairy & Eggs,Yes,506.69,5.3,3.87,,4.0,4.0
ORD001386,Zepto,Ahmedabad,42.0,Dairy & Eggs,No,567.01,10.7,7.42,11.0,5.0,3.0
ORD001387,Swiggy Instamart,Chennai,59.0,Personal Care,No,1110.97,12.9,6.18,14.0,5.0,5.0
ORD001388,Blinkit,Hyderabad,20.0,Bakery,No,280.46,21.3,9.17,4.0,3.0,5.0
ORD001389,JioMart Express,Delhi,20.0,Snacks & Munchies,No,374.02,16.9,1.88,3.0,5.0,
ORD001390,Blinkit,Delhi,37.0,Baby Care,Yes,490.78,17.1,1.07,14.0,3.0,3.0
ORD001391,Zepto,Ahmedabad,45.0,Baby Care,No,230.15,11.0,5.58,3.0,3.0,3.0
ORD001392,Dunzo,Delhi,40.0,Snacks & Munchies,Yes,360.48,13.3,0.51,3.0,2.0,5.0
ORD001393,Blinkit,Kolkata,20.0,Household Essentials,Yes,542.27,11.3,7.98,12.0,3.0,4.0
ORD001394,Blinkit,Bangalore,59.0,Bakery,Yes,331.87,10.1,5.31,10.0,4.0,5.0
ORD001395,JioMart Express,Mumbai,41.0,Personal Care,No,884.83,13.0,5.14,18.0,4.0,
ORD001396,JioMart Express,Mumbai,60.0,Snacks & Munchies,Yes,162.95,16.9,3.94,12.0,5.0,4.0
ORD001397,Swiggy Instamart,Bangalore,57.0,Beverages,No,791.29,13.1,4.06,4.0,3.0,4.0
ORD001398,JioMart Express,Ahmedabad,23.0,Baby Care,No,599.87,14.4,4.6,19.0,5.0,
ORD001399,BigBasket Now,Delhi,37.0,Beverages,No,286.78,21.7,0.65,19.0,1.0,4.0
ORD001400,Zepto,Delhi,28.0,Snacks & Munchies,Yes,231.68,13.5,1.29,17.0,2.0,3.0
ORD001401,Zepto,Delhi,49.0,Snacks & Munchies,Yes,115.8,9.6,5.3,8.0,5.0,5.0
ORD001402,Dunzo,Bangalore,44.0,Groceries,No,250.36,20.6,1.93,11.0,5.0,
ORD001403,Dunzo,Bangalore,38.0,Groceries,No,756.2,18.3,7.9,5.0,5.0,4.0
ORD001404,Zepto,,61.0,Fruits & Vegetables,Yes,390.08,18.8,3.11,5.0,4.0,4.0
ORD001405,Dunzo,Bangalore,30.0,Fruits & Vegetables,No,810.61,21.1,1.43,13.0,3.0,3.0
ORD001406,Swiggy Instamart,Bangalore,39.0,Dairy & Eggs,No,278.13,19.7,2.73,4.0,1.0,4.0
ORD001407,JioMart Express,Mumbai,52.0,Dairy & Eggs,No,616.63,16.6,3.89,13.0,4.0,5.0
ORD001408,Zepto,Ahmedabad,64.0,Personal Care,No,262.3,42.8,0.84,16.0,4.0,4.0
ORD001409,Dunzo,Delhi,39.0,Groceries,No,226.03,9.8,1.85,12.0,3.0,3.0
ORD001410,Zepto,Mumbai,45.0,Personal Care,No,378.31,13.0,3.58,14.0,4.0,5.0
ORD001411,BigBasket Now,Hyderabad,38.0,Snacks & Munchies,Yes,270.7,24.2,3.45,,5.0,5.0
ORD001412,Blinkit,Hyderabad,63.0,Personal Care,No,159.86,17.4,8.1,6.0,5.0,5.0
ORD001413,JioMart Express,Bangalore,35.0,Snacks & Munchies,No,361.63,22.3,8.51,8.0,3.0,
ORD001414,Zepto,Bangalore,48.0,Baby Care,Yes,430.03,17.6,2.34,16.0,4.0,5.0
ORD001415,Blinkit,Kolkata,63.0,Groceries,No,863.52,28.5,1.68,19.0,2.0,5.0
ORD001416,Dunzo,Mumbai,54.0,Fruits & Vegetables,Yes,707.74,11.0,6.52,2.0,,5.0
ORD001417,Blinkit,Kolkata,38.0,Personal Care,Yes,838.79,28.1,8.14,6.0,5.0,5.0
ORD001418,JioMart Express,Hyderabad,31.0,Groceries,Yes,621.55,26.3,9.66,2.0,4.0,4.0
ORD001419,Zepto,Bangalore,42.0,Baby Care,No,492.54,10.1,0.56,19.0,5.0,4.0
ORD001420,BigBasket Now,Bangalore,44.0,Beverages,No,192.99,21.2,4.43,19.0,3.0,5.0
ORD001421,Dunzo,Delhi,57.0,Fruits & Vegetables,No,441.39,16.2,7.47,13.0,5.0,4.0
ORD001422,Zepto,Chennai,40.0,Bakery,No,577.14,12.9,8.37,17.0,2.0,5.0
ORD001423,JioMart Express,Bangalore,48.0,Meat & Seafood,Yes,967.26,7.7,1.09,8.0,5.0,3.0
ORD001424,Dunzo,Delhi,64.0,Groceries,No,608.97,11.0,6.97,9.0,4.0,5.0
ORD001425,Swiggy Instamart,Hyderabad,46.0,Household Essentials,No,849.15,21.8,3.24,5.0,2.0,4.0
ORD001426,Blinkit,Ahmedabad,64.0,Groceries,No,217.2,22.8,1.21,8.0,3.0,3.0
ORD001427,JioMart Express,Bangalore,47.0,Snacks & Munchies,No,331.67,15.1,5.15,9.0,3.0,5.0
ORD001428,Swiggy Instamart,Pune,43.0,Bakery,Yes,521.97,22.8,2.0,16.0,4.0,4.0
ORD001429,Zepto,Delhi,37.0,Household Essentials,No,809.63,24.0,7.5,16.0,,3.0
ORD001430,BigBasket Now,Mumbai,55.0,Personal Care,No,369.76,17.5,7.54,12.0,3.0,3.0
ORD001431,Dunzo,Delhi,36.0,Baby Care,Yes,383.96,12.3,8.5,11.0,4.0,1.0
ORD001432,Blinkit,Bangalore,44.0,Household Essentials,No,609.28,19.6,4.09,18.0,5.0,2.0
ORD001433,Dunzo,Delhi,42.0,Personal Care,No,205.3,20.0,0.63,13.0,4.0,4.0
ORD001434,Zepto,Mumbai,57.0,Personal Care,Yes,1058.32,21.5,2.97,3.0,4.0,5.0
ORD001435,Dunzo,Pune,55.0,Personal Care,No,238.06,23.2,4.94,18.0,5.0,4.0
ORD001436,Blinkit,Kolkata,40.0,Snacks & Munchies,No,127.59,9.5,7.09,,3.0,4.0
ORD001437,Zepto,Chennai,46.0,Household Essentials,No,405.87,13.4,4.13,11.0,4.0,5.0
ORD001438,Dunzo,Mumbai,32.0,Dairy & Eggs,Yes,1117.75,7.7,5.59,5.0,5.0,4.0
ORD001439,BigBasket Now,Mumbai,20.0,Baby Care,Yes,573.57,22.2,5.48,3.0,1.0,4.0
ORD001440,JioMart Express,Mumbai,27.0,Beverages,Yes,633.12,15.1,2.07,2.0,5.0,4.0
ORD001441,Zepto,Chennai,32.0,Groceries,No,413.57,19.5,6.42,15.0,3.0,4.0
ORD001442,JioMart Express,Pune,33.0,Snacks & Munchies,No,368.18,9.1,4.67,5.0,3.0,3.0
ORD001443,Zepto,Bangalore,34.0,Fruits & Vegetables,No,159.66,28.8,8.18,5.0,,5.0
ORD001444,BigBasket Now,,36.0,Beverages,Yes,104.0,10.2,7.06,16.0,5.0,2.0
ORD001445,JioMart Express,Bangalore,28.0,Baby Care,Yes,453.85,22.4,1.56,17.0,5.0,4.0
ORD001446,Swiggy Instamart,Delhi,22.0,Snacks & Munchies,No,886.72,17.2,5.14,7.0,3.0,3.0
ORD001447,Blinkit,Delhi,22.0,Beverages,No,495.95,15.2,7.17,2.0,2.0,4.0
ORD001448,Swiggy Instamart,Hyderabad,31.0,Groceries,No,586.49,14.8,1.33,14.0,4.0,4.0
ORD001449,Dunzo,Chennai,43.0,Personal Care,No,1043.39,12.7,8.03,18.0,4.0,3.0
ORD001450,BigBasket Now,Mumbai,25.0,Bakery,No,491.4,27.6,2.61,12.0,5.0,3.0
ORD001451,Swiggy Instamart,Mumbai,22.0,Personal Care,No,374.81,16.5,5.28,17.0,5.0,3.0
ORD001452,Zepto,Ahmedabad,24.0,Baby Care,No,246.88,9.9,9.44,6.0,5.0,5.0
ORD001453,Dunzo,Delhi,33.0,Groceries,Yes,1357.4,14.1,5.93,5.0,4.0,
ORD001454,Dunzo,Mumbai,31.0,Beverages,No,553.32,17.3,4.53,7.0,2.0,5.0
ORD001455,Swiggy Instamart,Mumbai,54.0,Meat & Seafood,No,229.03,23.5,0.56,18.0,2.0,4.0
ORD001456,Swiggy Instamart,Mumbai,58.0,Bakery,Yes,199.8,12.9,1.77,11.0,4.0,2.0
ORD001457,BigBasket Now,Bangalore,21.0,Personal Care,Yes,855.63,13.3,6.0,5.0,,3.0
ORD001458,Blinkit,Kolkata,53.0,Dairy & Eggs,Yes,216.49,16.6,5.19,6.0,5.0,5.0
ORD001459,Swiggy Instamart,Delhi,34.0,Beverages,No,1226.97,23.3,3.96,7.0,3.0,4.0
ORD001460,Swiggy Instamart,Bangalore,64.0,Personal Care,Yes,100.0,9.5,9.27,3.0,1.0,3.0
ORD001461,JioMart Express,Chennai,53.0,Beverages,Yes,947.24,20.1,3.66,3.0,4.0,5.0
ORD001462,Zepto,Bangalore,23.0,Bakery,No,540.31,13.7,5.6,2.0,5.0,5.0
ORD001463,JioMart Express,Pune,33.0,Baby Care,Yes,433.18,14.4,5.9,4.0,5.0,4.0
ORD001464,JioMart Express,Pune,46.0,Fruits & Vegetables,No,363.12,36.6,5.51,5.0,1.0,4.0
ORD001465,Dunzo,Mumbai,53.0,Personal Care,No,1254.43,15.2,5.04,2.0,5.0,3.0
ORD001466,Blinkit,Kolkata,55.0,Beverages,No,616.61,22.2,3.7,16.0,4.0,2.0
ORD001467,Zepto,Bangalore,54.0,Fruits & Vegetables,Yes,234.65,21.9,9.13,12.0,4.0,4.0
ORD001468,BigBasket Now,Ahmedabad,27.0,Fruits & Vegetables,Yes,143.83,10.3,4.78,15.0,3.0,5.0
ORD001469,BigBasket Now,Bangalore,58.0,Dairy & Eggs,Yes,448.71,7.9,5.52,4.0,4.0,4.0
ORD001470,Swiggy Instamart,Ahmedabad,53.0,Fruits & Vegetables,No,403.17,22.8,6.74,3.0,4.0,4.0
ORD001471,Swiggy Instamart,Chennai,46.0,Bakery,No,162.08,10.7,1.14,14.0,4.0,4.0
ORD001472,BigBasket Now,Delhi,31.0,Groceries,Yes,390.24,8.5,7.92,,4.0,4.0
ORD001473,Swiggy Instamart,Bangalore,21.0,Fruits & Vegetables,No,285.9,24.8,5.37,6.0,2.0,3.0
ORD001474,Blinkit,Ahmedabad,61.0,Meat & Seafood,Yes,405.68,10.9,6.74,4.0,3.0,4.0
ORD001475,JioMart Express,Pune,59.0,Beverages,No,623.63,12.1,7.83,1.0,5.0,2.0
ORD001476,Swiggy Instamart,Mumbai,53.0,Fruits & Vegetables,No,987.88,36.2,8.8,3.0,4.0,5.0
ORD001477,Dunzo,Chennai,62.0,Household Essentials,No,695.99,8.5,4.23,12.0,4.0,3.0
ORD001478,Swiggy Instamart,Delhi,30.0,Groceries,No,261.68,9.9,8.21,3.0,3.0,4.0
ORD001479,Zepto,Mumbai,63.0,Snacks & Munchies,No,503.38,13.7,2.96,,1.0,4.0
ORD001480,Blinkit,Bangalore,35.0,Groceries,No,419.0,14.9,6.77,14.0,3.0,5.0
ORD001481,Zepto,Delhi,50.0,Baby Care,No,181.4,11.5,1.48,5.0,2.0,5.0
ORD001482,Zepto,Kolkata,38.0,Snacks & Munchies,No,512.32,10.3,0.69,1.0,4.0,3.0
ORD001483,Dunzo,Delhi,33.0,Dairy & Eggs,No,1229.06,30.1,1.41,14.0,5.0,4.0
ORD001484,Blinkit,Kolkata,32.0,Groceries,No,411.35,18.3,3.53,12.0,3.0,3.0
ORD001485,Blinkit,Mumbai,22.0,Baby Care,No,155.01,20.8,0.8,1.0,5.0,2.0
ORD001486,Blinkit,Delhi,23.0,Groceries,No,410.82,15.6,6.49,2.0,5.0,5.0
ORD001487,Blinkit,Delhi,55.0,Fruits & Vegetables,No,194.76,18.5,3.51,12.0,2.0,3.0
ORD001488,Blinkit,Delhi,20.0,Personal Care,Yes,677.33,23.9,7.5,13.0,4.0,3.0
ORD001489,Dunzo,Mumbai,29.0,Personal Care,Yes,552.76,11.0,0.94,15.0,3.0,3.0
ORD001490,Swiggy Instamart,Mumbai,53.0,Baby Care,Yes,364.11,18.3,2.56,16.0,4.0,4.0
ORD001491,Zepto,Hyderabad,50.0,Groceries,No,330.73,21.7,4.38,19.0,2.0,5.0
ORD001492,Blinkit,Delhi,53.0,Baby Care,No,355.19,30.5,4.14,5.0,4.0,3.0
ORD001493,Swiggy Instamart,Bangalore,50.0,Dairy & Eggs,No,405.44,35.8,1.74,2.0,4.0,4.0
ORD001494,Swiggy Instamart,Delhi,48.0,Personal Care,No,253.83,16.9,9.94,6.0,2.0,4.0
ORD001495,Zepto,Pune,38.0,Household Essentials,No,175.45,25.9,3.2,8.0,3.0,4.0
ORD001496,Dunzo,Pune,44.0,Snacks & Munchies,Yes,798.89,5.7,7.35,7.0,3.0,4.0
ORD001497,BigBasket Now,Bangalore,44.0,Bakery,No,320.14,30.6,2.59,13.0,4.0,4.0
ORD001498,BigBasket Now,Delhi,25.0,Fruits & Vegetables,No,445.96,12.3,8.84,6.0,5.0,4.0
ORD001499,Swiggy Instamart,Mumbai,54.0,Household Essentials,No,478.75,14.9,4.18,9.0,3.0,5.0
ORD001500,JioMart Express,Ahmedabad,49.0,Household Essentials,Yes,489.42,19.6,9.06,12.0,3.0,2.0
ORD001501,JioMart Express,Mumbai,43.0,Beverages,No,199.48,15.5,3.75,10.0,4.0,2.0
ORD001502,Zepto,Delhi,19.0,Household Essentials,No,147.6,17.8,0.58,11.0,3.0,5.0
ORD001503,BigBasket Now,Delhi,29.0,Snacks & Munchies,No,283.38,31.0,5.41,1.0,4.0,5.0
ORD001504,Swiggy Instamart,Delhi,39.0,Snacks & Munchies,No,511.54,14.1,5.49,10.0,3.0,5.0
ORD001505,Dunzo,Mumbai,34.0,Fruits & Vegetables,No,260.66,10.6,1.64,16.0,5.0,4.0
ORD001506,BigBasket Now,Kolkata,24.0,Baby Care,No,326.05,34.0,2.73,19.0,4.0,4.0
ORD001507,Swiggy Instamart,Mumbai,60.0,Meat & Seafood,No,1445.74,20.3,7.94,10.0,2.0,4.0
ORD001508,Swiggy Instamart,Hyderabad,21.0,Meat & Seafood,No,133.32,35.5,0.85,15.0,4.0,2.0
ORD001509,Blinkit,Mumbai,54.0,Groceries,No,256.46,23.2,5.15,14.0,4.0,5.0
ORD001510,Dunzo,Mumbai,55.0,Groceries,Yes,1258.86,9.7,5.54,3.0,3.0,4.0
ORD001511,Blinkit,Pune,49.0,Bakery,Yes,392.78,21.3,7.04,4.0,1.0,5.0
ORD001512,Zepto,,28.0,Snacks & Munchies,Yes,264.12,11.1,0.86,8.0,3.0,4.0
ORD001513,Blinkit,Kolkata,18.0,Groceries,Yes,813.43,16.5,6.06,1.0,4.0,3.0
ORD001514,Blinkit,Bangalore,42.0,Beverages,Yes,417.02,16.0,0.53,15.0,3.0,4.0
ORD001515,BigBasket Now,Mumbai,59.0,Groceries,Yes,327.35,8.6,3.02,7.0,4.0,2.0
ORD001516,JioMart Express,Ahmedabad,41.0,Dairy & Eggs,No,452.79,11.9,5.25,12.0,5.0,5.0
ORD001517,Swiggy Instamart,Delhi,60.0,Dairy & Eggs,Yes,271.82,39.7,9.16,3.0,5.0,4.0
ORD001518,Dunzo,Pune,34.0,Beverages,Yes,219.09,18.1,1.7,,4.0,4.0
ORD001519,Blinkit,Mumbai,25.0,Household Essentials,No,376.85,15.3,2.11,8.0,,5.0
ORD001520,Dunzo,Pune,62.0,Dairy & Eggs,No,219.95,34.0,6.86,11.0,4.0,5.0
ORD001521,JioMart Express,Mumbai,44.0,Meat & Seafood,No,406.03,14.0,4.06,19.0,5.0,5.0
ORD001522,JioMart Express,Bangalore,35.0,Meat & Seafood,No,499.02,15.9,6.42,12.0,3.0,3.0
ORD001523,Blinkit,Chennai,44.0,Dairy & Eggs,No,673.06,24.4,9.98,7.0,3.0,5.0
ORD001524,Zepto,Pune,39.0,Groceries,Yes,793.74,14.0,9.88,14.0,2.0,5.0
ORD001525,Blinkit,Pune,33.0,Bakery,Yes,316.26,12.2,3.86,2.0,4.0,4.0
ORD001526,BigBasket Now,Kolkata,19.0,Bakery,Yes,544.38,6.7,5.29,12.0,2.0,3.0
ORD001527,Swiggy Instamart,Pune,22.0,Meat & Seafood,Yes,542.13,11.3,9.09,9.0,3.0,5.0
ORD001528,Zepto,Mumbai,35.0,Dairy & Eggs,No,491.12,11.3,1.38,12.0,4.0,5.0
ORD001529,Blinkit,Delhi,20.0,Household Essentials,Yes,302.57,17.5,4.8,6.0,5.0,5.0
ORD001530,Dunzo,Delhi,44.0,Fruits & Vegetables,Yes,217.71,12.9,4.09,6.0,5.0,3.0
ORD001531,Zepto,Delhi,34.0,Groceries,Yes,545.23,39.0,3.3,19.0,5.0,3.0
ORD001532,Zepto,Bangalore,33.0,Groceries,No,144.88,10.8,9.94,6.0,4.0,4.0
ORD001533,Blinkit,Bangalore,23.0,Bakery,Yes,343.54,28.8,7.47,17.0,5.0,4.0
ORD001534,Zepto,Mumbai,24.0,Dairy & Eggs,No,100.0,18.0,4.19,17.0,5.0,4.0
ORD001535,Dunzo,Chennai,31.0,Baby Care,Yes,180.94,22.7,8.38,17.0,5.0,2.0
ORD001536,JioMart Express,Mumbai,55.0,Personal Care,Yes,238.35,22.2,5.15,,4.0,3.0
ORD001537,Zepto,Delhi,57.0,Dairy & Eggs,Yes,779.02,6.8,8.79,11.0,,4.0
ORD001538,JioMart Express,Bangalore,32.0,Beverages,No,609.64,16.4,3.03,8.0,2.0,3.0
ORD001539,Dunzo,Kolkata,64.0,Dairy & Eggs,Yes,289.35,14.8,2.62,14.0,5.0,4.0
ORD001540,Blinkit,Chennai,64.0,Groceries,No,624.92,10.5,2.85,19.0,2.0,4.0
ORD001541,Swiggy Instamart,Hyderabad,50.0,Fruits & Vegetables,No,687.16,19.8,5.62,18.0,3.0,4.0
ORD001542,Zepto,Mumbai,60.0,Beverages,No,366.35,32.7,3.27,15.0,4.0,5.0
ORD001543,Swiggy Instamart,Bangalore,44.0,Bakery,Yes,175.8,5.6,1.9,18.0,1.0,3.0
ORD001544,Dunzo,Mumbai,46.0,Snacks & Munchies,Yes,356.11,13.3,9.95,17.0,5.0,5.0
ORD001545,Zepto,Delhi,54.0,Snacks & Munchies,Yes,380.42,10.0,9.05,5.0,3.0,5.0
ORD001546,JioMart Express,Bangalore,22.0,Baby Care,No,192.58,16.9,6.53,4.0,1.0,4.0
ORD001547,BigBasket Now,Mumbai,46.0,Bakery,No,502.82,14.4,8.97,11.0,5.0,5.0
ORD001548,Swiggy Instamart,Delhi,49.0,Household Essentials,No,477.18,12.9,9.39,16.0,3.0,3.0
ORD001549,Zepto,Ahmedabad,23.0,Meat & Seafood,No,526.91,21.7,6.92,7.0,5.0,4.0
ORD001550,Swiggy Instamart,Ahmedabad,19.0,Baby Care,No,476.92,31.6,5.43,16.0,4.0,
ORD001551,Zepto,Delhi,23.0,Snacks & Munchies,No,625.1,47.7,8.88,6.0,4.0,4.0
ORD001552,Blinkit,Mumbai,63.0,Meat & Seafood,Yes,362.27,12.2,5.89,10.0,3.0,4.0
ORD001553,JioMart Express,Mumbai,60.0,Household Essentials,No,455.35,7.9,1.7,11.0,4.0,4.0
ORD001554,Swiggy Instamart,Bangalore,21.0,Bakery,Yes,317.78,20.6,3.99,15.0,3.0,2.0
ORD001555,BigBasket Now,Ahmedabad,46.0,Meat & Seafood,No,284.09,31.3,4.74,12.0,5.0,1.0
ORD001556,BigBasket Now,Mumbai,42.0,Bakery,Yes,900.5,22.8,9.39,16.0,2.0,4.0
ORD001557,Dunzo,Chennai,26.0,Household Essentials,Yes,118.36,31.3,6.76,18.0,3.0,3.0
ORD001558,Zepto,Mumbai,20.0,Personal Care,No,682.7,15.0,8.82,7.0,5.0,5.0
ORD001559,Swiggy Instamart,,43.0,Beverages,No,278.02,12.9,7.7,14.0,4.0,4.0
ORD001560,Dunzo,Bangalore,60.0,Meat & Seafood,Yes,257.23,17.2,3.44,9.0,4.0,3.0
ORD001561,Swiggy Instamart,Kolkata,44.0,Meat & Seafood,Yes,471.98,14.4,7.33,6.0,4.0,1.0
ORD001562,Zepto,Delhi,53.0,Bakery,No,165.05,21.4,2.36,11.0,2.0,3.0
ORD001563,BigBasket Now,Hyderabad,49.0,Bakery,No,247.25,24.2,4.38,13.0,1.0,4.0
ORD001564,Blinkit,Mumbai,18.0,Meat & Seafood,No,242.38,25.0,8.16,18.0,5.0,5.0
ORD001565,BigBasket Now,Mumbai,33.0,Bakery,No,353.24,20.2,6.31,12.0,3.0,3.0
ORD001566,Dunzo,Pune,28.0,Fruits & Vegetables,Yes,249.02,18.1,8.34,6.0,4.0,
ORD001567,JioMart Express,Pune,43.0,Fruits & Vegetables,No,1054.34,22.6,2.92,9.0,4.0,
ORD001568,Blinkit,Pune,57.0,Personal Care,No,1185.84,7.5,7.62,18.0,3.0,1.0
ORD001569,Dunzo,Hyderabad,18.0,Personal Care,No,119.92,17.9,2.42,15.0,5.0,5.0
ORD001570,Zepto,Kolkata,43.0,Personal Care,Yes,559.25,16.8,5.68,9.0,4.0,4.0
ORD001571,Blinkit,Mumbai,45.0,Snacks & Munchies,No,675.33,17.9,4.62,10.0,5.0,5.0
ORD001572,Dunzo,Delhi,26.0,Snacks & Munchies,No,558.8,15.9,5.79,2.0,3.0,4.0
ORD001573,Zepto,Delhi,61.0,Dairy & Eggs,No,271.82,19.5,1.79,14.0,3.0,3.0
ORD001574,BigBasket Now,Hyderabad,39.0,Baby Care,No,348.47,13.1,3.93,11.0,5.0,5.0
ORD001575,JioMart Express,Delhi,25.0,Beverages,No,257.5,25.8,6.84,13.0,3.0,3.0
ORD001576,Zepto,Mumbai,59.0,Fruits & Vegetables,No,313.51,19.9,5.81,2.0,4.0,5.0
ORD001577,Swiggy Instamart,Hyderabad,44.0,Household Essentials,Yes,195.2,17.5,5.72,,5.0,3.0
ORD001578,Zepto,,56.0,Beverages,Yes,376.58,12.4,5.35,15.0,4.0,4.0
ORD001579,Zepto,Bangalore,36.0,Beverages,No,163.75,22.8,9.47,7.0,4.0,4.0
ORD001580,JioMart Express,Mumbai,42.0,Household Essentials,No,357.78,17.9,9.38,12.0,3.0,5.0
ORD001581,Swiggy Instamart,Mumbai,55.0,Groceries,Yes,190.73,12.2,3.92,7.0,5.0,3.0
ORD001582,Dunzo,Delhi,38.0,Meat & Seafood,No,456.73,16.1,3.84,5.0,3.0,4.0
ORD001583,Dunzo,Delhi,41.0,Baby Care,Yes,268.37,21.1,5.77,,5.0,4.0
ORD001584,Zepto,Hyderabad,41.0,Dairy & Eggs,Yes,480.27,20.5,1.41,7.0,3.0,5.0
ORD001585,Swiggy Instamart,Hyderabad,36.0,Personal Care,No,771.97,20.0,3.38,2.0,5.0,3.0
ORD001586,Swiggy Instamart,Chennai,64.0,Household Essentials,No,1046.98,17.1,2.69,2.0,4.0,4.0
ORD001587,JioMart Express,Delhi,19.0,Snacks & Munchies,Yes,100.0,24.8,2.62,19.0,3.0,4.0
ORD001588,BigBasket Now,Kolkata,31.0,Personal Care,No,244.57,27.0,6.57,9.0,,3.0
ORD001589,Dunzo,Delhi,49.0,Bakery,No,336.35,22.1,4.15,2.0,3.0,5.0
ORD001590,JioMart Express,Bangalore,59.0,Household Essentials,No,531.76,13.0,2.13,14.0,2.0,2.0
ORD001591,Blinkit,Kolkata,49.0,Personal Care,Yes,149.87,10.8,8.93,15.0,3.0,5.0
ORD001592,Dunzo,Mumbai,45.0,Meat & Seafood,No,223.8,13.2,8.8,12.0,5.0,4.0
ORD001593,JioMart Express,Mumbai,56.0,Meat & Seafood,Yes,436.25,35.9,8.69,19.0,2.0,3.0
ORD001594,Dunzo,Pune,57.0,Meat & Seafood,Yes,424.51,18.4,4.21,15.0,5.0,4.0
ORD001595,BigBasket Now,Delhi,59.0,Personal Care,No,506.02,38.5,1.04,6.0,1.0,5.0
ORD001596,Blinkit,Chennai,64.0,Meat & Seafood,No,526.48,15.7,1.51,10.0,4.0,4.0
ORD001597,BigBasket Now,Mumbai,57.0,Fruits & Vegetables,Yes,494.31,14.8,3.12,10.0,5.0,2.0
ORD001598,Blinkit,Chennai,30.0,Snacks & Munchies,No,453.14,16.0,2.59,3.0,5.0,1.0
ORD001599,Zepto,Delhi,29.0,Dairy & Eggs,No,417.15,15.8,8.8,9.0,2.0,5.0
ORD001600,JioMart Express,Mumbai,25.0,Household Essentials,No,601.16,12.1,9.87,5.0,4.0,4.0
ORD001601,Blinkit,,32.0,Beverages,No,105.26,10.4,8.26,7.0,2.0,5.0
ORD001602,BigBasket Now,Delhi,43.0,Personal Care,Yes,1019.02,20.1,7.43,19.0,4.0,4.0
ORD001603,Dunzo,Bangalore,29.0,Personal Care,No,107.48,25.1,6.09,10.0,5.0,4.0
ORD001604,Blinkit,Mumbai,60.0,Snacks & Munchies,Yes,211.14,43.7,7.81,11.0,3.0,4.0
ORD001605,JioMart Express,Mumbai,63.0,Groceries,No,352.11,13.8,9.5,6.0,3.0,4.0
ORD001606,Blinkit,Delhi,44.0,Baby Care,Yes,604.0,14.3,6.21,19.0,2.0,5.0
ORD001607,Swiggy Instamart,Mumbai,35.0,Bakery,Yes,100.0,12.1,1.97,7.0,,4.0
ORD001608,Dunzo,Pune,62.0,Household Essentials,No,396.68,25.8,2.06,16.0,2.0,2.0
ORD001609,JioMart Express,Mumbai,53.0,Groceries,Yes,649.0,22.8,6.05,12.0,5.0,4.0
ORD001610,JioMart Express,,44.0,Bakery,Yes,732.68,11.6,3.67,18.0,1.0,4.0
ORD001611,Zepto,Mumbai,26.0,Baby Care,No,265.5,11.5,9.15,14.0,4.0,5.0
ORD001612,BigBasket Now,Delhi,56.0,Beverages,No,336.8,24.1,6.31,16.0,5.0,5.0
ORD001613,Zepto,Pune,18.0,Personal Care,No,278.75,19.2,6.93,6.0,4.0,4.0
ORD001614,JioMart Express,Mumbai,24.0,Meat & Seafood,Yes,318.75,22.3,0.56,1.0,5.0,4.0
ORD001615,Dunzo,Ahmedabad,43.0,Snacks & Munchies,Yes,217.22,11.6,5.24,13.0,4.0,4.0
ORD001616,Blinkit,Delhi,24.0,Household Essentials,Yes,236.62,7.8,4.6,6.0,,5.0
ORD001617,Blinkit,Chennai,24.0,Snacks & Munchies,No,523.55,11.6,7.21,6.0,4.0,5.0
ORD001618,Dunzo,Bangalore,25.0,Dairy & Eggs,No,436.58,21.7,4.14,6.0,5.0,5.0
ORD001619,JioMart Express,Pune,33.0,Beverages,Yes,541.83,38.3,9.78,12.0,5.0,3.0
ORD001620,Blinkit,Hyderabad,20.0,Dairy & Eggs,Yes,458.71,13.8,6.87,9.0,4.0,4.0
ORD001621,Blinkit,Bangalore,62.0,Baby Care,Yes,615.6,40.9,6.77,7.0,3.0,3.0
ORD001622,Blinkit,Mumbai,27.0,Baby Care,Yes,683.3,22.9,9.23,3.0,4.0,4.0
ORD001623,BigBasket Now,Mumbai,24.0,Fruits & Vegetables,Yes,141.88,9.4,9.95,15.0,4.0,1.0
ORD001624,BigBasket Now,Pune,38.0,Baby Care,No,241.63,17.9,2.38,2.0,5.0,3.0
ORD001625,Swiggy Instamart,Delhi,54.0,Groceries,Yes,351.14,23.2,8.2,18.0,4.0,4.0
ORD001626,Zepto,Delhi,48.0,Groceries,No,397.98,6.2,2.04,1.0,4.0,4.0
ORD001627,Dunzo,Chennai,40.0,Meat & Seafood,No,269.87,21.3,4.84,1.0,4.0,3.0
ORD001628,Dunzo,Delhi,44.0,Personal Care,Yes,697.3,26.3,1.45,11.0,1.0,3.0
ORD001629,Dunzo,Ahmedabad,39.0,Snacks & Munchies,No,1323.41,19.3,6.42,3.0,5.0,5.0
ORD001630,Swiggy Instamart,Chennai,56.0,Personal Care,No,451.1,16.0,4.95,10.0,3.0,3.0
ORD001631,BigBasket Now,Hyderabad,44.0,Personal Care,Yes,424.37,15.3,6.47,12.0,4.0,5.0
ORD001632,JioMart Express,Pune,21.0,Groceries,No,671.61,15.0,6.94,6.0,2.0,4.0
ORD001633,JioMart Express,Mumbai,41.0,Snacks & Munchies,Yes,131.7,10.3,6.38,7.0,2.0,5.0
ORD001634,Swiggy Instamart,Delhi,40.0,Meat & Seafood,No,410.38,12.5,3.29,17.0,1.0,3.0
ORD001635,JioMart Express,Bangalore,36.0,Beverages,No,725.91,13.9,8.45,17.0,5.0,3.0
ORD001636,Dunzo,Delhi,59.0,Fruits & Vegetables,No,274.27,17.2,5.74,4.0,4.0,4.0
ORD001637,Zepto,,20.0,Groceries,No,193.27,13.2,5.15,1.0,4.0,5.0
ORD001638,Blinkit,Pune,44.0,Dairy & Eggs,No,360.87,11.6,9.88,,5.0,3.0
ORD001639,BigBasket Now,Bangalore,20.0,Fruits & Vegetables,No,389.0,22.3,3.19,17.0,4.0,2.0
ORD001640,BigBasket Now,Delhi,45.0,Beverages,No,233.88,19.1,5.52,11.0,4.0,5.0
ORD001641,Swiggy Instamart,Ahmedabad,34.0,Baby Care,Yes,1418.98,13.3,6.98,3.0,4.0,2.0
ORD001642,BigBasket Now,Bangalore,48.0,Personal Care,No,302.71,20.1,1.69,10.0,1.0,3.0
ORD001643,Dunzo,Bangalore,27.0,Household Essentials,Yes,201.91,13.7,3.87,2.0,3.0,5.0
ORD001644,JioMart Express,Delhi,39.0,Meat & Seafood,Yes,381.39,16.9,8.12,16.0,2.0,5.0
ORD001645,Dunzo,Pune,47.0,Personal Care,No,695.56,24.3,2.75,16.0,4.0,
ORD001646,Swiggy Instamart,Hyderabad,38.0,Baby Care,Yes,407.67,12.9,5.19,8.0,,
ORD001647,Dunzo,,53.0,Beverages,Yes,539.89,10.3,6.49,7.0,4.0,4.0
ORD001648,JioMart Express,Kolkata,40.0,Dairy & Eggs,No,239.15,15.5,6.88,10.0,4.0,2.0
ORD001649,Zepto,Delhi,55.0,Meat & Seafood,Yes,984.97,9.5,7.42,4.0,2.0,5.0
ORD001650,Swiggy Instamart,Bangalore,29.0,Meat & Seafood,Yes,565.11,14.7,8.73,9.0,5.0,4.0
ORD001651,Zepto,Kolkata,42.0,Beverages,No,756.44,14.7,4.23,5.0,5.0,4.0
ORD001652,Blinkit,Delhi,37.0,Fruits & Vegetables,No,502.25,6.1,7.21,7.0,2.0,5.0
ORD001653,Zepto,Kolkata,59.0,Bakery,No,661.78,20.3,7.46,4.0,5.0,3.0
ORD001654,Blinkit,Ahmedabad,24.0,Personal Care,No,238.93,15.3,3.35,1.0,4.0,4.0
ORD001655,Blinkit,,46.0,Fruits & Vegetables,No,300.41,26.4,9.7,12.0,5.0,4.0
ORD001656,Zepto,Chennai,46.0,Groceries,No,904.96,17.9,8.72,16.0,3.0,
ORD001657,Swiggy Instamart,Kolkata,30.0,Beverages,No,1028.49,22.1,3.25,16.0,2.0,4.0
ORD001658,JioMart Express,Kolkata,20.0,Groceries,No,202.71,26.5,6.91,8.0,5.0,4.0
ORD001659,Dunzo,Bangalore,19.0,Dairy & Eggs,No,468.64,15.6,7.32,13.0,5.0,5.0
ORD001660,Dunzo,Mumbai,33.0,Fruits & Vegetables,Yes,311.51,16.4,4.6,9.0,4.0,
ORD001661,JioMart Express,Bangalore,47.0,Household Essentials,Yes,265.54,8.8,8.71,10.0,5.0,4.0
ORD001662,Blinkit,Chennai,55.0,Bakery,Yes,478.62,27.0,7.06,8.0,4.0,3.0
ORD001663,Blinkit,Bangalore,23.0,Beverages,No,799.97,15.5,6.75,1.0,3.0,4.0
ORD001664,Swiggy Instamart,Chennai,62.0,Beverages,Yes,529.0,11.0,2.6,3.0,3.0,4.0
ORD001665,BigBasket Now,Delhi,24.0,Bakery,No,333.05,22.1,4.37,5.0,2.0,3.0
ORD001666,Zepto,Hyderabad,22.0,Meat & Seafood,No,549.45,6.9,4.62,,5.0,4.0
ORD001667,Blinkit,Mumbai,24.0,Baby Care,No,325.06,13.9,7.47,16.0,5.0,4.0
ORD001668,Dunzo,Chennai,51.0,Dairy & Eggs,Yes,516.6,23.6,6.37,8.0,4.0,4.0
ORD001669,Swiggy Instamart,Bangalore,49.0,Fruits & Vegetables,No,932.51,13.8,1.32,1.0,4.0,5.0
ORD001670,Zepto,Delhi,30.0,Beverages,Yes,116.01,12.3,3.42,3.0,5.0,3.0
ORD001671,Swiggy Instamart,Delhi,47.0,Beverages,No,650.9,13.9,4.99,6.0,3.0,4.0
ORD001672,Zepto,Chennai,42.0,Bakery,No,160.22,7.4,7.5,12.0,3.0,4.0
ORD001673,Zepto,Bangalore,38.0,Household Essentials,Yes,843.03,21.9,7.56,15.0,,4.0
ORD001674,JioMart Express,Delhi,38.0,Bakery,No,275.28,15.7,5.16,17.0,4.0,1.0
ORD001675,Blinkit,Ahmedabad,45.0,Bakery,Yes,194.3,14.7,1.61,18.0,5.0,3.0
ORD001676,Swiggy Instamart,Chennai,37.0,Personal Care,No,612.26,14.8,3.28,17.0,,3.0
ORD001677,Swiggy Instamart,Ahmedabad,51.0,Fruits & Vegetables,Yes,501.95,16.5,2.92,12.0,4.0,5.0
ORD001678,JioMart Express,Bangalore,22.0,Meat & Seafood,Yes,221.51,21.4,7.92,16.0,5.0,5.0
ORD001679,Dunzo,Bangalore,35.0,Bakery,Yes,190.22,16.1,2.21,12.0,2.0,3.0
ORD001680,Dunzo,Pune,56.0,Household Essentials,Yes,360.51,9.5,4.92,4.0,4.0,2.0
ORD001681,Blinkit,Bangalore,60.0,Meat & Seafood,No,195.89,20.7,6.87,9.0,2.0,3.0
ORD001682,Blinkit,Chennai,28.0,Snacks & Munchies,No,213.39,20.1,9.67,15.0,4.0,3.0
ORD001683,BigBasket Now,Delhi,34.0,Fruits & Vegetables,No,432.41,17.9,9.99,5.0,5.0,3.0
ORD001684,JioMart Express,Bangalore,62.0,Beverages,Yes,225.99,25.3,9.55,11.0,3.0,3.0
ORD001685,Dunzo,Mumbai,39.0,Snacks & Munchies,Yes,521.09,16.6,7.32,18.0,5.0,4.0
ORD001686,Zepto,Delhi,54.0,Meat & Seafood,No,986.42,25.7,7.59,1.0,3.0,3.0
ORD001687,Swiggy Instamart,Mumbai,37.0,Meat & Seafood,Yes,369.03,28.9,7.71,16.0,3.0,4.0
ORD001688,Blinkit,Mumbai,63.0,Fruits & Vegetables,No,436.2,20.8,8.69,18.0,4.0,4.0
ORD001689,Swiggy Instamart,Ahmedabad,23.0,Baby Care,No,1354.05,12.2,9.54,13.0,5.0,5.0
ORD001690,Swiggy Instamart,Delhi,51.0,Personal Care,Yes,197.84,15.6,4.73,16.0,2.0,5.0
ORD001691,BigBasket Now,Hyderabad,31.0,Beverages,No,824.47,27.0,4.46,16.0,3.0,4.0
ORD001692,Dunzo,Kolkata,40.0,Snacks & Munchies,No,767.02,9.0,4.87,3.0,4.0,1.0
ORD001693,Blinkit,Hyderabad,37.0,Bakery,No,673.57,14.1,6.77,18.0,4.0,3.0
ORD001694,Swiggy Instamart,Mumbai,30.0,Dairy & Eggs,Yes,875.72,14.3,7.87,11.0,2.0,2.0
ORD001695,Blinkit,Chennai,64.0,Baby Care,Yes,477.4,11.6,8.77,13.0,3.0,4.0
ORD001696,Zepto,Hyderabad,61.0,Beverages,Yes,284.36,23.3,4.83,2.0,5.0,4.0
ORD001697,BigBasket Now,Chennai,58.0,Dairy & Eggs,Yes,778.01,19.1,3.95,3.0,5.0,4.0
ORD001698,Zepto,Chennai,49.0,Personal Care,Yes,796.08,12.4,9.84,1.0,1.0,3.0
ORD001699,Blinkit,Ahmedabad,43.0,Dairy & Eggs,No,783.04,21.0,2.7,1.0,4.0,5.0
ORD001700,Blinkit,Hyderabad,31.0,Bakery,No,414.35,15.4,2.61,15.0,2.0,3.0
ORD001701,Dunzo,Delhi,53.0,Dairy & Eggs,No,262.51,11.5,7.3,3.0,4.0,3.0
ORD001702,Swiggy Instamart,Hyderabad,25.0,Baby Care,Yes,452.51,12.4,2.21,4.0,1.0,4.0
ORD001703,Swiggy Instamart,Mumbai,57.0,Groceries,No,710.05,19.6,4.29,12.0,1.0,
ORD001704,Zepto,Pune,39.0,Baby Care,Yes,745.91,23.9,3.28,12.0,5.0,4.0
ORD001705,BigBasket Now,Mumbai,39.0,Bakery,No,311.75,13.5,2.1,14.0,2.0,5.0
ORD001706,JioMart Express,Delhi,33.0,Snacks & Munchies,No,487.47,20.4,6.01,11.0,3.0,5.0
ORD001707,Swiggy Instamart,Kolkata,44.0,Groceries,No,183.96,31.0,4.05,6.0,5.0,3.0
ORD001708,Dunzo,Hyderabad,27.0,Personal Care,No,728.49,9.9,4.89,,5.0,4.0
ORD001709,Zepto,Bangalore,42.0,Baby Care,No,252.15,19.0,2.36,2.0,3.0,4.0
ORD001710,Zepto,Bangalore,48.0,Groceries,Yes,646.23,22.9,7.79,3.0,4.0,5.0
ORD001711,JioMart Express,Pune,38.0,Meat & Seafood,Yes,202.43,15.8,3.49,,4.0,5.0
ORD001712,Dunzo,Delhi,44.0,Baby Care,Yes,749.08,27.0,3.76,8.0,4.0,2.0
ORD001713,BigBasket Now,Pune,34.0,Groceries,Yes,489.36,39.6,2.9,2.0,5.0,5.0
ORD001714,Dunzo,Mumbai,50.0,Fruits & Vegetables,No,252.44,18.9,4.63,16.0,,3.0
ORD001715,BigBasket Now,Kolkata,48.0,Snacks & Munchies,Yes,610.83,15.0,4.9,,5.0,3.0
ORD001716,Dunzo,Kolkata,59.0,Beverages,No,283.1,24.3,5.53,19.0,3.0,4.0
ORD001717,Dunzo,Mumbai,43.0,Dairy & Eggs,Yes,632.53,23.0,9.69,4.0,4.0,3.0
ORD001718,Blinkit,,38.0,Groceries,No,342.25,6.0,9.09,6.0,4.0,5.0
ORD001719,Zepto,Mumbai,53.0,Beverages,No,143.65,16.4,6.29,12.0,3.0,3.0
ORD001720,Dunzo,Chennai,18.0,Baby Care,Yes,223.75,14.0,0.87,10.0,2.0,5.0
ORD001721,JioMart Express,Bangalore,21.0,Beverages,No,311.61,19.3,6.32,9.0,2.0,5.0
ORD001722,Dunzo,Hyderabad,21.0,Meat & Seafood,No,916.82,15.2,1.35,3.0,3.0,5.0
ORD001723,Swiggy Instamart,Mumbai,43.0,Household Essentials,Yes,692.76,15.9,7.25,1.0,3.0,4.0
ORD001724,Zepto,Delhi,21.0,Household Essentials,No,1068.83,11.6,4.21,14.0,3.0,5.0
ORD001725,Swiggy Instamart,Mumbai,26.0,Snacks & Munchies,Yes,1088.09,22.1,8.46,8.0,3.0,4.0
ORD001726,Zepto,Delhi,47.0,Groceries,No,292.7,31.9,9.45,18.0,4.0,5.0
ORD001727,Swiggy Instamart,Hyderabad,62.0,Meat & Seafood,No,360.29,11.7,4.46,12.0,4.0,3.0
ORD001728,Dunzo,Pune,21.0,Dairy & Eggs,No,315.21,9.4,4.88,12.0,3.0,4.0
ORD001729,Dunzo,Hyderabad,22.0,Personal Care,No,269.64,16.6,6.11,10.0,,5.0
ORD001730,Blinkit,Bangalore,62.0,Bakery,Yes,133.63,16.3,2.37,4.0,4.0,5.0
ORD001731,JioMart Express,Ahmedabad,40.0,Snacks & Munchies,No,399.87,26.3,9.31,5.0,5.0,5.0
ORD001732,Swiggy Instamart,Chennai,33.0,Bakery,No,186.54,10.1,4.61,8.0,5.0,2.0
ORD001733,BigBasket Now,Pune,39.0,Household Essentials,No,395.24,13.3,2.08,19.0,3.0,4.0
ORD001734,Blinkit,Bangalore,54.0,Fruits & Vegetables,No,1435.78,7.0,7.75,6.0,4.0,4.0
ORD001735,Swiggy Instamart,Delhi,25.0,Personal Care,Yes,297.2,28.5,2.58,16.0,4.0,3.0
ORD001736,Swiggy Instamart,Mumbai,50.0,Personal Care,No,453.44,18.2,1.86,9.0,4.0,3.0
ORD001737,Blinkit,Chennai,55.0,Bakery,Yes,695.05,13.7,5.85,11.0,1.0,3.0
ORD001738,Dunzo,Mumbai,60.0,Fruits & Vegetables,No,477.31,9.7,6.88,3.0,5.0,5.0
ORD001739,Swiggy Instamart,Delhi,33.0,Baby Care,Yes,480.82,10.1,5.91,14.0,2.0,
ORD001740,Dunzo,Bangalore,22.0,Beverages,No,324.59,19.4,6.74,5.0,5.0,2.0
ORD001741,Blinkit,Hyderabad,33.0,Snacks & Munchies,No,351.03,10.6,1.6,6.0,5.0,3.0
ORD001742,Dunzo,Hyderabad,24.0,Meat & Seafood,No,226.78,17.1,5.02,1.0,4.0,3.0
ORD001743,Zepto,Mumbai,18.0,Personal Care,Yes,670.23,37.2,3.89,13.0,3.0,4.0
ORD001744,BigBasket Now,Delhi,26.0,Bakery,No,141.9,14.3,9.75,9.0,4.0,5.0
ORD001745,Swiggy Instamart,Hyderabad,35.0,Beverages,No,722.45,11.2,0.97,3.0,3.0,2.0
ORD001746,JioMart Express,Ahmedabad,62.0,Household Essentials,No,173.78,19.2,3.33,6.0,3.0,4.0
ORD001747,BigBasket Now,Chennai,64.0,Meat & Seafood,Yes,718.79,10.1,9.45,8.0,5.0,3.0
ORD001748,Dunzo,Pune,20.0,Bakery,No,326.26,32.7,9.84,4.0,4.0,5.0
ORD001749,Swiggy Instamart,Chennai,41.0,Snacks & Munchies,Yes,192.65,28.8,8.34,6.0,4.0,5.0
ORD001750,Dunzo,Hyderabad,45.0,Dairy & Eggs,No,571.11,15.4,1.22,12.0,5.0,5.0
ORD001751,Zepto,Mumbai,27.0,Personal Care,Yes,704.34,11.5,5.83,12.0,2.0,2.0
ORD001752,Blinkit,Hyderabad,26.0,Household Essentials,Yes,310.18,13.9,4.3,7.0,,4.0
ORD001753,Swiggy Instamart,Hyderabad,30.0,Snacks & Munchies,Yes,621.64,14.6,8.16,16.0,4.0,3.0
ORD001754,Zepto,Hyderabad,52.0,Groceries,Yes,102.41,19.2,1.02,7.0,4.0,4.0
ORD001755,Zepto,Bangalore,40.0,Household Essentials,Yes,182.66,24.9,2.37,,5.0,3.0
ORD001756,Swiggy Instamart,Bangalore,64.0,Meat & Seafood,No,876.07,10.9,5.15,13.0,5.0,5.0
ORD001757,Dunzo,Delhi,34.0,Groceries,No,352.76,24.6,2.0,9.0,4.0,4.0
ORD001758,JioMart Express,Bangalore,63.0,Household Essentials,Yes,131.98,21.1,7.08,11.0,4.0,4.0
ORD001759,Zepto,Mumbai,24.0,Bakery,No,265.25,13.4,8.3,7.0,4.0,5.0
ORD001760,BigBasket Now,Kolkata,33.0,Dairy & Eggs,No,231.82,10.6,7.19,15.0,5.0,4.0
ORD001761,Zepto,Mumbai,57.0,Beverages,No,365.19,17.2,4.68,1.0,4.0,3.0
ORD001762,JioMart Express,Mumbai,53.0,Dairy & Eggs,Yes,322.97,10.8,8.84,2.0,3.0,4.0
ORD001763,Dunzo,Bangalore,37.0,Dairy & Eggs,Yes,449.15,24.8,1.81,1.0,,5.0
ORD001764,Dunzo,Hyderabad,41.0,Bakery,No,386.96,10.5,2.97,15.0,5.0,4.0
ORD001765,BigBasket Now,Bangalore,64.0,Fruits & Vegetables,Yes,912.19,20.5,5.15,4.0,3.0,4.0
ORD001766,Zepto,Delhi,22.0,Household Essentials,Yes,520.47,15.9,1.08,4.0,4.0,5.0
ORD001767,Dunzo,Hyderabad,62.0,Beverages,Yes,530.92,13.1,1.41,14.0,5.0,4.0
ORD001768,JioMart Express,Delhi,23.0,Baby Care,Yes,811.67,15.8,4.28,5.0,3.0,5.0
ORD001769,Swiggy Instamart,Pune,45.0,Bakery,No,319.49,25.3,9.47,1.0,4.0,3.0
ORD001770,Blinkit,Pune,22.0,Fruits & Vegetables,Yes,189.21,10.2,9.13,15.0,2.0,4.0
ORD001771,Blinkit,Bangalore,56.0,Bakery,No,832.29,13.9,4.93,7.0,5.0,3.0
ORD001772,Blinkit,Delhi,55.0,Fruits & Vegetables,No,437.69,12.2,1.85,16.0,2.0,4.0
ORD001773,Zepto,Chennai,19.0,Dairy & Eggs,No,438.61,16.2,2.19,14.0,4.0,3.0
ORD001774,BigBasket Now,Mumbai,60.0,Personal Care,Yes,275.89,12.5,4.09,15.0,4.0,3.0
ORD001775,Dunzo,Bangalore,56.0,Personal Care,Yes,278.63,8.1,2.5,15.0,5.0,3.0
ORD001776,Swiggy Instamart,Delhi,38.0,Groceries,No,670.51,10.8,1.29,1.0,2.0,3.0
ORD001777,JioMart Express,Pune,57.0,Baby Care,Yes,728.36,31.7,6.9,19.0,4.0,3.0
ORD001778,Swiggy Instamart,Mumbai,54.0,Beverages,No,645.67,18.2,6.02,7.0,3.0,5.0
ORD001779,JioMart Express,Hyderabad,35.0,Fruits & Vegetables,Yes,649.22,17.9,3.27,18.0,3.0,3.0
ORD001780,Zepto,Chennai,63.0,Household Essentials,No,567.6,14.7,7.9,15.0,5.0,4.0
ORD001781,Blinkit,Bangalore,29.0,Dairy & Eggs,No,436.55,16.1,7.87,13.0,1.0,1.0
ORD001782,Zepto,Mumbai,34.0,Meat & Seafood,No,363.13,13.8,5.16,19.0,5.0,2.0
ORD001783,BigBasket Now,Ahmedabad,54.0,Household Essentials,No,833.97,20.3,1.42,18.0,5.0,5.0
ORD001784,BigBasket Now,Bangalore,63.0,Household Essentials,Yes,322.39,17.1,9.23,4.0,5.0,
ORD001785,JioMart Express,Hyderabad,55.0,Fruits & Vegetables,Yes,503.7,10.3,6.85,18.0,4.0,5.0
ORD001786,Dunzo,Delhi,32.0,Beverages,Yes,249.03,18.2,2.85,4.0,3.0,4.0
ORD001787,Dunzo,Bangalore,24.0,Dairy & Eggs,Yes,271.62,6.2,6.3,16.0,4.0,3.0
ORD001788,JioMart Express,Bangalore,31.0,Dairy & Eggs,No,350.13,19.4,4.35,14.0,5.0,2.0
ORD001789,BigBasket Now,Mumbai,18.0,Beverages,Yes,249.05,9.4,6.54,14.0,5.0,4.0
ORD001790,BigBasket Now,Mumbai,55.0,Personal Care,Yes,651.13,15.8,5.0,7.0,4.0,5.0
ORD001791,BigBasket Now,Kolkata,20.0,Snacks & Munchies,No,179.68,10.2,5.11,13.0,5.0,5.0
ORD001792,Zepto,Delhi,54.0,Groceries,Yes,428.18,16.5,7.49,14.0,5.0,3.0
ORD001793,BigBasket Now,Mumbai,61.0,Bakery,No,436.81,20.7,6.33,10.0,5.0,3.0
ORD001794,Swiggy Instamart,Bangalore,48.0,Groceries,Yes,136.12,30.0,1.26,13.0,4.0,2.0
ORD001795,Blinkit,Chennai,60.0,Personal Care,Yes,309.63,8.9,1.12,6.0,5.0,5.0
ORD001796,BigBasket Now,Mumbai,30.0,Fruits & Vegetables,No,470.32,24.3,3.4,11.0,5.0,3.0
ORD001797,JioMart Express,Hyderabad,35.0,Fruits & Vegetables,No,521.78,17.3,4.59,6.0,2.0,4.0
ORD001798,Blinkit,Mumbai,34.0,Baby Care,Yes,356.89,13.7,3.11,11.0,5.0,5.0
ORD001799,Zepto,Mumbai,34.0,Groceries,Yes,605.55,22.3,6.69,19.0,3.0,5.0
ORD001800,JioMart Express,Mumbai,28.0,Groceries,Yes,377.82,15.0,2.35,17.0,4.0,2.0
ORD001801,Blinkit,Kolkata,37.0,Bakery,Yes,406.75,21.9,7.19,3.0,5.0,1.0
ORD001802,JioMart Express,Mumbai,27.0,Fruits & Vegetables,Yes,469.18,11.1,7.84,1.0,4.0,
ORD001803,Zepto,Mumbai,46.0,Household Essentials,No,703.59,12.8,1.68,16.0,5.0,4.0
ORD001804,Swiggy Instamart,Bangalore,51.0,Groceries,Yes,268.96,24.0,6.68,12.0,4.0,5.0
ORD001805,Zepto,Kolkata,34.0,Bakery,No,301.24,29.8,9.63,14.0,,3.0
ORD001806,Zepto,Delhi,59.0,Beverages,No,270.06,16.2,2.33,18.0,1.0,5.0
ORD001807,JioMart Express,Bangalore,30.0,Meat & Seafood,Yes,330.52,5.4,9.14,3.0,4.0,5.0
ORD001808,Dunzo,Mumbai,61.0,Beverages,Yes,949.31,15.2,6.26,8.0,5.0,5.0
ORD001809,BigBasket Now,Bangalore,64.0,Bakery,No,568.86,16.7,6.11,18.0,3.0,4.0
ORD001810,BigBasket Now,Hyderabad,56.0,Household Essentials,Yes,204.66,15.0,0.99,16.0,4.0,3.0
ORD001811,Swiggy Instamart,Hyderabad,44.0,Baby Care,No,281.39,18.8,7.61,15.0,3.0,3.0
ORD001812,Swiggy Instamart,Delhi,43.0,Fruits & Vegetables,Yes,504.55,13.6,5.04,2.0,5.0,5.0
ORD001813,BigBasket Now,Delhi,45.0,Baby Care,No,234.18,23.0,7.35,16.0,2.0,3.0
ORD001814,Dunzo,Mumbai,30.0,Baby Care,Yes,261.07,10.3,8.19,10.0,5.0,2.0
ORD001815,BigBasket Now,Delhi,29.0,Bakery,Yes,904.13,27.0,5.48,11.0,4.0,3.0
ORD001816,Dunzo,Mumbai,61.0,Fruits & Vegetables,Yes,279.21,30.6,3.0,19.0,1.0,5.0
ORD001817,Swiggy Instamart,Chennai,45.0,Dairy & Eggs,Yes,715.37,11.4,1.84,19.0,5.0,5.0
ORD001818,Blinkit,Ahmedabad,19.0,Meat & Seafood,No,856.79,11.4,2.02,10.0,4.0,5.0
ORD001819,JioMart Express,Ahmedabad,54.0,Groceries,No,259.8,19.4,8.74,17.0,4.0,4.0
ORD001820,Swiggy Instamart,Pune,51.0,Baby Care,Yes,236.52,10.2,1.67,1.0,5.0,5.0
ORD001821,Swiggy Instamart,Hyderabad,40.0,Beverages,No,341.83,13.5,4.15,7.0,4.0,2.0
ORD001822,Zepto,Chennai,62.0,Dairy & Eggs,No,209.94,25.6,3.68,16.0,5.0,5.0
ORD001823,Zepto,Delhi,46.0,Dairy & Eggs,No,433.82,22.1,8.72,11.0,5.0,4.0
ORD001824,Zepto,Hyderabad,52.0,Household Essentials,Yes,356.6,36.3,5.04,18.0,4.0,4.0
ORD001825,JioMart Express,Bangalore,28.0,Baby Care,No,500.87,17.6,9.97,1.0,4.0,2.0
ORD001826,Zepto,Bangalore,50.0,Baby Care,Yes,932.78,12.9,7.5,2.0,3.0,1.0
ORD001827,Dunzo,Chennai,28.0,Snacks & Munchies,No,658.85,16.8,8.58,2.0,5.0,3.0
ORD001828,BigBasket Now,Delhi,26.0,Bakery,No,541.07,15.5,1.44,6.0,5.0,3.0
ORD001829,Blinkit,Delhi,31.0,Household Essentials,No,124.01,15.6,2.9,8.0,4.0,4.0
ORD001830,Swiggy Instamart,,26.0,Dairy & Eggs,No,526.38,16.3,1.79,14.0,2.0,3.0
ORD001831,Dunzo,Mumbai,56.0,Dairy & Eggs,No,1134.08,11.3,4.9,8.0,3.0,3.0
ORD001832,Blinkit,Bangalore,20.0,Snacks & Munchies,Yes,100.0,18.4,7.32,17.0,4.0,5.0
ORD001833,Dunzo,Pune,46.0,Groceries,No,610.1,9.4,2.11,5.0,3.0,5.0
ORD001834,Dunzo,Hyderabad,36.0,Personal Care,Yes,366.64,12.3,1.74,3.0,5.0,5.0
ORD001835,Swiggy Instamart,Bangalore,53.0,Beverages,Yes,242.29,15.7,6.34,18.0,5.0,4.0
ORD001836,BigBasket Now,Delhi,49.0,Personal Care,No,652.41,6.7,2.69,10.0,5.0,5.0
ORD001837,Zepto,Delhi,24.0,Baby Care,No,1125.32,22.4,5.05,,1.0,5.0
ORD001838,JioMart Express,Pune,45.0,Fruits & Vegetables,No,642.35,7.2,0.99,10.0,5.0,4.0
ORD001839,BigBasket Now,Hyderabad,61.0,Household Essentials,No,322.88,21.5,6.97,18.0,5.0,4.0
ORD001840,JioMart Express,Bangalore,35.0,Baby Care,No,229.04,9.8,5.64,13.0,2.0,3.0
ORD001841,Swiggy Instamart,Mumbai,22.0,Groceries,Yes,440.0,14.0,6.65,17.0,4.0,3.0
ORD001842,Swiggy Instamart,,40.0,Personal Care,Yes,681.23,20.2,3.12,14.0,5.0,5.0
ORD001843,Swiggy Instamart,Ahmedabad,39.0,Baby Care,No,319.82,39.6,3.15,19.0,5.0,4.0
ORD001844,Blinkit,Delhi,43.0,Beverages,Yes,338.92,17.2,8.11,18.0,3.0,4.0
ORD001845,JioMart Express,Hyderabad,59.0,Dairy & Eggs,No,2193.38,7.4,7.33,8.0,2.0,1.0
ORD001846,BigBasket Now,Mumbai,29.0,Bakery,No,770.62,24.1,6.01,18.0,4.0,3.0
ORD001847,BigBasket Now,Chennai,57.0,Meat & Seafood,No,804.38,15.0,6.47,16.0,5.0,5.0
ORD001848,Dunzo,Pune,36.0,Baby Care,No,167.98,16.9,1.39,11.0,5.0,
ORD001849,Dunzo,Hyderabad,64.0,Groceries,Yes,263.93,20.6,8.63,17.0,3.0,4.0
ORD001850,Dunzo,Mumbai,18.0,Household Essentials,No,421.92,6.8,7.81,18.0,3.0,3.0
ORD001851,Swiggy Instamart,Hyderabad,20.0,Fruits & Vegetables,Yes,221.26,16.5,6.11,19.0,5.0,4.0
ORD001852,BigBasket Now,Chennai,44.0,Beverages,Yes,1053.88,14.0,9.23,18.0,5.0,5.0
ORD001853,JioMart Express,Bangalore,35.0,Snacks & Munchies,Yes,940.29,26.8,2.1,14.0,5.0,5.0
ORD001854,Swiggy Instamart,Pune,47.0,Groceries,No,292.91,22.0,7.02,17.0,5.0,1.0
ORD001855,Blinkit,Hyderabad,19.0,Personal Care,No,1176.56,8.6,9.65,8.0,3.0,4.0
ORD001856,Dunzo,Pune,22.0,Bakery,No,402.4,27.2,3.45,15.0,5.0,3.0
ORD001857,Swiggy Instamart,Hyderabad,46.0,Personal Care,No,1907.66,19.7,0.65,17.0,1.0,4.0
ORD001858,Swiggy Instamart,Mumbai,50.0,Dairy & Eggs,No,440.02,8.9,7.48,11.0,5.0,4.0
ORD001859,Blinkit,,59.0,Bakery,No,570.05,16.8,0.57,6.0,4.0,3.0
ORD001860,Zepto,Delhi,37.0,Personal Care,No,934.43,24.9,8.79,19.0,5.0,5.0
ORD001861,BigBasket Now,Pune,47.0,Household Essentials,No,868.34,10.1,1.03,16.0,5.0,4.0
ORD001862,JioMart Express,Chennai,59.0,Personal Care,No,548.09,28.5,6.7,12.0,2.0,5.0
ORD001863,Zepto,Chennai,22.0,Beverages,Yes,370.67,9.0,4.08,15.0,3.0,1.0
ORD001864,Dunzo,Delhi,38.0,Beverages,No,549.21,12.0,2.43,11.0,4.0,3.0
ORD001865,Swiggy Instamart,Mumbai,32.0,Meat & Seafood,Yes,247.22,11.3,9.03,7.0,5.0,4.0
ORD001866,Blinkit,Chennai,37.0,Personal Care,No,441.99,28.5,7.59,10.0,5.0,4.0
ORD001867,Blinkit,Bangalore,25.0,Household Essentials,No,207.35,13.5,3.73,19.0,5.0,4.0
ORD001868,BigBasket Now,Delhi,48.0,Household Essentials,No,138.58,10.3,3.2,5.0,4.0,5.0
ORD001869,Zepto,Hyderabad,29.0,Baby Care,No,415.82,19.7,7.49,17.0,3.0,4.0
ORD001870,BigBasket Now,Mumbai,38.0,Fruits & Vegetables,No,860.37,21.4,8.45,19.0,1.0,4.0
ORD001871,Swiggy Instamart,Delhi,47.0,Bakery,No,703.09,21.5,7.3,4.0,3.0,5.0
ORD001872,BigBasket Now,Bangalore,44.0,Groceries,Yes,384.08,14.8,6.58,1.0,4.0,4.0
ORD001873,JioMart Express,Mumbai,61.0,Snacks & Munchies,No,1150.78,18.2,2.67,14.0,5.0,4.0
ORD001874,Blinkit,Ahmedabad,43.0,Bakery,No,286.74,12.7,8.6,17.0,3.0,5.0
ORD001875,Blinkit,Delhi,50.0,Bakery,No,127.65,32.1,7.62,14.0,5.0,4.0
ORD001876,Dunzo,Mumbai,43.0,Dairy & Eggs,No,108.93,26.0,5.41,6.0,4.0,3.0
ORD001877,Dunzo,Delhi,43.0,Bakery,Yes,198.6,25.4,5.36,5.0,3.0,3.0
ORD001878,Swiggy Instamart,,53.0,Dairy & Eggs,No,658.51,22.6,5.91,3.0,4.0,4.0
ORD001879,JioMart Express,Bangalore,57.0,Baby Care,No,275.65,20.2,8.37,15.0,4.0,2.0
ORD001880,Zepto,Hyderabad,18.0,Fruits & Vegetables,Yes,531.96,10.0,7.55,7.0,5.0,5.0
ORD001881,BigBasket Now,Mumbai,32.0,Household Essentials,No,1083.3,21.2,8.63,11.0,4.0,3.0
ORD001882,Swiggy Instamart,Mumbai,18.0,Meat & Seafood,No,208.5,17.2,5.32,10.0,3.0,3.0
ORD001883,Dunzo,Bangalore,28.0,Household Essentials,No,537.59,27.3,6.43,14.0,5.0,4.0
ORD001884,BigBasket Now,Kolkata,19.0,Personal Care,No,557.45,22.7,8.62,3.0,5.0,5.0
ORD001885,Dunzo,Pune,18.0,Snacks & Munchies,No,240.7,20.5,2.71,14.0,4.0,5.0
ORD001886,BigBasket Now,Mumbai,48.0,Fruits & Vegetables,No,909.16,8.4,4.72,17.0,3.0,4.0
ORD001887,Zepto,Bangalore,61.0,Fruits & Vegetables,No,339.47,15.9,6.4,4.0,3.0,5.0
ORD001888,Swiggy Instamart,Pune,33.0,Baby Care,No,320.46,13.2,9.19,6.0,2.0,4.0
ORD001889,BigBasket Now,Bangalore,39.0,Snacks & Munchies,No,1432.2,18.2,0.65,5.0,2.0,4.0
ORD001890,JioMart Express,Kolkata,59.0,Personal Care,No,552.06,13.9,2.52,10.0,5.0,5.0
ORD001891,Blinkit,Mumbai,35.0,Personal Care,Yes,702.87,14.7,2.73,7.0,2.0,3.0
ORD001892,JioMart Express,Pune,64.0,Meat & Seafood,Yes,909.54,19.8,3.6,15.0,4.0,5.0
ORD001893,JioMart Express,Chennai,34.0,Groceries,Yes,273.07,13.8,3.18,18.0,4.0,4.0
ORD001894,Blinkit,Ahmedabad,47.0,Household Essentials,No,853.97,17.3,6.11,1.0,,5.0
ORD001895,JioMart Express,Chennai,27.0,Bakery,No,298.53,9.0,8.91,4.0,3.0,3.0
ORD001896,BigBasket Now,Delhi,52.0,Snacks & Munchies,Yes,290.97,11.8,6.55,11.0,4.0,5.0
ORD001897,BigBasket Now,Pune,38.0,Personal Care,Yes,342.68,21.4,2.79,10.0,3.0,4.0
ORD001898,BigBasket Now,Delhi,33.0,Personal Care,Yes,277.76,10.1,8.71,13.0,3.0,4.0
ORD001899,Blinkit,Delhi,23.0,Groceries,No,660.7,27.1,6.5,19.0,,4.0
ORD001900,JioMart Express,Chennai,20.0,Fruits & Vegetables,No,473.58,24.3,2.58,10.0,4.0,5.0
ORD001901,Blinkit,Chennai,58.0,Personal Care,No,300.45,14.8,3.94,18.0,1.0,4.0
ORD001902,BigBasket Now,Pune,60.0,Meat & Seafood,No,604.68,54.6,8.0,9.0,4.0,4.0
ORD001903,JioMart Express,Delhi,38.0,Personal Care,No,342.03,27.0,7.52,9.0,3.0,5.0
ORD001904,JioMart Express,Kolkata,30.0,Personal Care,Yes,331.34,11.2,5.98,12.0,5.0,3.0
ORD001905,Dunzo,Chennai,35.0,Groceries,No,415.39,22.2,1.88,14.0,4.0,3.0
ORD001906,Dunzo,Mumbai,41.0,Meat & Seafood,No,532.76,16.9,8.13,2.0,5.0,5.0
ORD001907,Zepto,Bangalore,44.0,Beverages,No,509.74,12.1,3.42,10.0,3.0,2.0
ORD001908,Swiggy Instamart,Delhi,21.0,Dairy & Eggs,No,324.42,10.7,7.83,18.0,5.0,5.0
ORD001909,Dunzo,Delhi,39.0,Groceries,No,670.66,24.5,6.65,6.0,4.0,4.0
ORD001910,Blinkit,Ahmedabad,41.0,Fruits & Vegetables,No,353.03,12.9,3.01,2.0,3.0,4.0
ORD001911,Dunzo,Hyderabad,57.0,Fruits & Vegetables,No,272.33,15.8,2.52,17.0,5.0,3.0
ORD001912,Zepto,Chennai,62.0,Snacks & Munchies,No,167.2,11.4,1.74,18.0,5.0,5.0
ORD001913,JioMart Express,Ahmedabad,27.0,Groceries,No,727.71,12.2,2.8,18.0,5.0,5.0
ORD001914,Zepto,Delhi,19.0,Baby Care,Yes,406.44,15.6,2.0,14.0,5.0,4.0
ORD001915,JioMart Express,Kolkata,57.0,Groceries,No,457.84,19.2,6.36,11.0,2.0,4.0
ORD001916,JioMart Express,Bangalore,23.0,Beverages,No,755.58,5.8,6.19,19.0,3.0,3.0
ORD001917,Swiggy Instamart,Pune,35.0,Personal Care,Yes,302.95,16.6,6.07,16.0,4.0,5.0
ORD001918,Dunzo,Mumbai,34.0,Groceries,Yes,176.86,12.2,6.6,8.0,2.0,4.0
ORD001919,Blinkit,Ahmedabad,55.0,Baby Care,Yes,420.68,28.8,8.24,18.0,5.0,3.0
ORD001920,Blinkit,Delhi,62.0,Bakery,No,485.3,53.4,9.18,3.0,4.0,5.0
ORD001921,BigBasket Now,Delhi,40.0,Baby Care,No,344.57,14.2,2.69,4.0,,
ORD001922,JioMart Express,Chennai,63.0,Fruits & Vegetables,Yes,976.76,8.3,6.08,5.0,4.0,2.0
ORD001923,Blinkit,Bangalore,47.0,Beverages,Yes,100.0,17.2,1.24,4.0,4.0,5.0
ORD001924,Swiggy Instamart,Hyderabad,38.0,Personal Care,No,790.0,15.1,1.64,7.0,2.0,5.0
ORD001925,JioMart Express,Bangalore,27.0,Baby Care,Yes,648.52,36.2,6.72,6.0,2.0,5.0
ORD001926,Swiggy Instamart,Chennai,60.0,Beverages,Yes,530.63,32.0,5.12,17.0,5.0,3.0
ORD001927,Blinkit,Delhi,30.0,Bakery,No,100.0,23.2,7.7,14.0,5.0,4.0
ORD001928,Blinkit,Mumbai,29.0,Meat & Seafood,No,871.6,13.0,4.54,5.0,4.0,5.0
ORD001929,BigBasket Now,Delhi,26.0,Meat & Seafood,Yes,217.92,21.6,1.71,15.0,5.0,2.0
ORD001930,Blinkit,Bangalore,21.0,Meat & Seafood,No,297.49,18.3,8.78,10.0,4.0,4.0
ORD001931,JioMart Express,Mumbai,56.0,Bakery,Yes,364.18,18.1,1.29,2.0,5.0,4.0
ORD001932,JioMart Express,Delhi,41.0,Personal Care,No,515.15,8.8,2.3,12.0,3.0,4.0
ORD001933,JioMart Express,Bangalore,51.0,Dairy & Eggs,Yes,592.09,25.1,3.13,11.0,4.0,4.0
ORD001934,BigBasket Now,Mumbai,56.0,Dairy & Eggs,Yes,689.32,17.2,9.96,7.0,4.0,5.0
ORD001935,BigBasket Now,Hyderabad,58.0,Beverages,No,658.2,15.8,4.46,7.0,4.0,3.0
ORD001936,Blinkit,Pune,22.0,Meat & Seafood,No,469.54,12.9,5.27,19.0,3.0,4.0
ORD001937,Zepto,Mumbai,32.0,Fruits & Vegetables,Yes,517.78,12.0,7.81,7.0,4.0,4.0
ORD001938,Zepto,Hyderabad,21.0,Personal Care,Yes,209.67,18.7,6.55,14.0,4.0,3.0
ORD001939,BigBasket Now,Hyderabad,56.0,Dairy & Eggs,No,257.08,8.2,8.49,12.0,2.0,3.0
ORD001940,Blinkit,Bangalore,25.0,Groceries,No,690.4,22.6,5.12,10.0,5.0,5.0
ORD001941,Zepto,Chennai,62.0,Snacks & Munchies,Yes,666.69,10.8,9.74,5.0,5.0,4.0
ORD001942,Blinkit,Bangalore,41.0,Household Essentials,No,622.83,7.2,8.07,7.0,5.0,4.0
ORD001943,Blinkit,Bangalore,45.0,Bakery,Yes,296.29,34.1,4.31,6.0,4.0,5.0
ORD001944,Blinkit,Mumbai,60.0,Bakery,No,696.66,11.7,4.12,2.0,2.0,2.0
ORD001945,Dunzo,Chennai,44.0,Dairy & Eggs,Yes,200.99,12.3,9.33,13.0,4.0,5.0
ORD001946,JioMart Express,Hyderabad,18.0,Bakery,Yes,770.02,25.9,7.0,16.0,2.0,3.0
ORD001947,Blinkit,Mumbai,51.0,Meat & Seafood,Yes,344.98,34.5,6.4,8.0,4.0,5.0
ORD001948,Dunzo,Delhi,34.0,Household Essentials,No,1108.21,8.9,7.7,13.0,1.0,
ORD001949,BigBasket Now,Ahmedabad,54.0,Fruits & Vegetables,Yes,161.93,11.2,5.83,14.0,4.0,5.0
ORD001950,Zepto,Bangalore,55.0,Groceries,Yes,1162.17,11.6,2.01,5.0,,4.0
ORD001951,JioMart Express,Bangalore,43.0,Beverages,Yes,324.77,23.9,3.53,3.0,1.0,4.0
ORD001952,Zepto,Pune,41.0,Household Essentials,Yes,321.28,31.7,5.8,14.0,5.0,4.0
ORD001953,JioMart Express,Chennai,56.0,Fruits & Vegetables,No,453.46,10.7,0.67,13.0,5.0,3.0
ORD001954,Zepto,Hyderabad,38.0,Bakery,Yes,265.54,29.0,4.65,17.0,4.0,5.0
ORD001955,JioMart Express,Kolkata,47.0,Dairy & Eggs,No,386.3,12.4,7.68,9.0,3.0,2.0
ORD001956,Zepto,Pune,64.0,Baby Care,Yes,259.15,18.8,2.06,7.0,5.0,4.0
ORD001957,Zepto,Bangalore,30.0,Beverages,Yes,264.9,9.9,1.11,18.0,5.0,3.0
ORD001958,Zepto,Bangalore,54.0,Personal Care,No,540.3,15.7,8.44,11.0,5.0,5.0
ORD001959,Zepto,Bangalore,20.0,Snacks & Munchies,No,234.88,15.7,6.36,16.0,4.0,4.0
ORD001960,BigBasket Now,Ahmedabad,49.0,Dairy & Eggs,Yes,254.44,14.5,2.18,18.0,2.0,3.0
ORD001961,Blinkit,Chennai,52.0,Bakery,Yes,177.03,19.2,8.16,7.0,2.0,4.0
ORD001962,Swiggy Instamart,Mumbai,36.0,Dairy & Eggs,No,298.16,11.0,6.75,4.0,5.0,5.0
ORD001963,Dunzo,Pune,31.0,Meat & Seafood,No,886.22,11.5,3.67,19.0,5.0,4.0
ORD001964,Swiggy Instamart,Bangalore,39.0,Bakery,No,242.85,19.6,4.07,11.0,4.0,4.0
ORD001965,Swiggy Instamart,Mumbai,34.0,Dairy & Eggs,No,260.09,28.1,1.98,13.0,3.0,3.0
ORD001966,JioMart Express,Bangalore,21.0,Household Essentials,No,453.21,16.3,8.43,6.0,4.0,2.0
ORD001967,Blinkit,Bangalore,62.0,Household Essentials,No,322.96,20.1,5.34,,5.0,3.0
ORD001968,JioMart Express,Pune,57.0,Groceries,No,1535.93,22.3,5.79,2.0,5.0,4.0
ORD001969,Blinkit,Delhi,36.0,Groceries,No,365.95,22.9,8.89,14.0,4.0,5.0
ORD001970,Blinkit,Kolkata,54.0,Beverages,No,493.31,11.2,0.65,13.0,3.0,5.0
ORD001971,Zepto,Hyderabad,19.0,Dairy & Eggs,No,710.71,12.1,1.14,5.0,3.0,5.0
ORD001972,BigBasket Now,Mumbai,32.0,Groceries,No,702.57,12.5,2.04,3.0,5.0,
ORD001973,Zepto,Ahmedabad,19.0,Meat & Seafood,No,464.04,35.6,0.79,4.0,5.0,5.0
ORD001974,BigBasket Now,Bangalore,28.0,Fruits & Vegetables,No,366.25,20.2,6.75,14.0,2.0,4.0
ORD001975,JioMart Express,Delhi,62.0,Groceries,No,1358.88,19.8,6.52,18.0,3.0,4.0
ORD001976,BigBasket Now,Bangalore,40.0,Dairy & Eggs,No,379.99,19.0,2.5,,4.0,4.0
ORD001977,JioMart Express,Pune,27.0,Household Essentials,Yes,309.51,9.7,1.92,19.0,4.0,
ORD001978,Swiggy Instamart,Delhi,20.0,Snacks & Munchies,Yes,273.83,35.7,1.88,2.0,4.0,2.0
ORD001979,Swiggy Instamart,Mumbai,22.0,Baby Care,No,143.15,19.9,9.56,2.0,4.0,4.0
ORD001980,BigBasket Now,Mumbai,20.0,Personal Care,No,660.48,22.0,7.09,3.0,5.0,3.0
ORD001981,BigBasket Now,Delhi,55.0,Groceries,Yes,100.0,8.1,6.06,16.0,5.0,4.0
ORD001982,JioMart Express,Kolkata,30.0,Personal Care,No,402.05,22.5,3.56,1.0,3.0,
ORD001983,Zepto,Bangalore,59.0,Baby Care,Yes,356.77,14.3,4.61,10.0,4.0,5.0
ORD001984,JioMart Express,Delhi,36.0,Beverages,Yes,1546.85,9.7,1.35,6.0,2.0,5.0
ORD001985,Zepto,Mumbai,57.0,Household Essentials,No,134.43,11.2,9.98,17.0,5.0,5.0
ORD001986,Swiggy Instamart,Delhi,52.0,Household Essentials,No,234.94,9.9,7.67,,5.0,5.0
ORD001987,Blinkit,Pune,41.0,Baby Care,Yes,371.79,9.8,6.4,12.0,3.0,5.0
ORD001988,BigBasket Now,Delhi,41.0,Dairy & Eggs,No,358.34,16.8,6.08,,3.0,5.0
ORD001989,Zepto,Ahmedabad,34.0,Personal Care,Yes,290.11,14.1,5.29,2.0,2.0,5.0
ORD001990,JioMart Express,Bangalore,57.0,Personal Care,No,384.29,18.8,2.95,15.0,,4.0
ORD001991,Swiggy Instamart,Mumbai,27.0,Baby Care,Yes,189.48,32.1,2.65,19.0,2.0,5.0
ORD001992,Zepto,Pune,19.0,Personal Care,Yes,499.85,15.6,5.72,1.0,4.0,3.0
ORD001993,JioMart Express,Bangalore,61.0,Dairy & Eggs,No,100.19,6.7,1.17,6.0,4.0,4.0
ORD001994,BigBasket Now,Chennai,40.0,Household Essentials,No,397.24,14.9,1.21,18.0,4.0,5.0
ORD001995,BigBasket Now,Ahmedabad,23.0,Beverages,Yes,281.4,26.5,5.83,19.0,5.0,
ORD001996,Dunzo,Mumbai,19.0,Meat & Seafood,No,742.31,15.9,9.24,3.0,4.0,3.0
ORD001997,Blinkit,Mumbai,38.0,Household Essentials,Yes,1156.54,30.3,9.19,5.0,5.0,4.0
ORD001998,Dunzo,Chennai,52.0,Fruits & Vegetables,No,330.75,19.7,0.6,3.0,1.0,5.0
ORD001999,Swiggy Instamart,Delhi,46.0,Fruits & Vegetables,Yes,929.3,7.9,1.52,7.0,2.0,5.0
ORD002000,Zepto,Mumbai,24.0,Household Essentials,No,333.73,17.2,6.04,7.0,4.0,4.0
ORD002001,Swiggy Instamart,Mumbai,46.0,Dairy & Eggs,No,225.95,18.5,8.56,1.0,4.0,3.0
ORD002002,JioMart Express,Mumbai,54.0,Meat & Seafood,Yes,1150.03,25.3,9.57,13.0,1.0,5.0
ORD002003,BigBasket Now,Kolkata,40.0,Beverages,No,551.4,34.1,8.68,13.0,4.0,5.0
ORD002004,Dunzo,Mumbai,50.0,Personal Care,No,404.5,23.6,6.94,15.0,,3.0
ORD002005,Dunzo,Bangalore,25.0,Fruits & Vegetables,No,609.3,19.6,2.4,19.0,5.0,5.0
ORD002006,Dunzo,Hyderabad,29.0,Fruits & Vegetables,Yes,475.58,21.6,1.19,7.0,4.0,4.0
ORD002007,Swiggy Instamart,Bangalore,63.0,Fruits & Vegetables,No,387.02,15.4,0.95,17.0,,3.0
ORD002008,BigBasket Now,Mumbai,27.0,Bakery,No,182.02,9.2,6.31,10.0,5.0,5.0
ORD002009,Zepto,Kolkata,32.0,Dairy & Eggs,No,342.98,16.7,0.84,19.0,5.0,5.0
ORD002010,JioMart Express,Mumbai,41.0,Household Essentials,No,586.37,19.0,7.52,18.0,4.0,4.0
ORD002011,Zepto,Chennai,43.0,Meat & Seafood,Yes,374.78,10.2,7.27,8.0,4.0,1.0
ORD002012,Swiggy Instamart,Pune,64.0,Household Essentials,No,693.25,28.0,1.26,,4.0,3.0
ORD002013,JioMart Express,Bangalore,59.0,Bakery,No,507.85,24.6,9.11,9.0,3.0,5.0
ORD002014,Dunzo,Bangalore,56.0,Fruits & Vegetables,Yes,238.2,9.5,5.46,13.0,2.0,5.0
ORD002015,Blinkit,Bangalore,20.0,Baby Care,No,182.82,28.4,9.09,13.0,3.0,4.0
ORD002016,Swiggy Instamart,Bangalore,19.0,Bakery,No,367.12,14.5,9.07,2.0,5.0,3.0
ORD002017,Swiggy Instamart,Pune,23.0,Dairy & Eggs,No,294.55,12.0,2.37,7.0,3.0,3.0
ORD002018,BigBasket Now,Pune,38.0,Beverages,Yes,493.63,25.3,4.12,7.0,2.0,5.0
ORD002019,Zepto,Delhi,26.0,Personal Care,No,262.2,16.1,1.78,1.0,3.0,3.0
ORD002020,Swiggy Instamart,Hyderabad,27.0,Snacks & Munchies,Yes,278.88,35.2,7.86,14.0,4.0,4.0
ORD002021,Swiggy Instamart,Pune,53.0,Meat & Seafood,No,758.88,11.7,5.29,6.0,4.0,5.0
ORD002022,Dunzo,Ahmedabad,20.0,Bakery,No,440.95,8.2,9.32,13.0,4.0,3.0
ORD002023,Dunzo,Bangalore,58.0,Beverages,No,264.64,14.7,2.48,1.0,3.0,3.0
ORD002024,JioMart Express,Bangalore,41.0,Snacks & Munchies,Yes,407.72,22.5,7.04,3.0,5.0,4.0
ORD002025,Blinkit,Delhi,39.0,Beverages,No,922.74,11.3,9.9,15.0,4.0,4.0
ORD002026,BigBasket Now,Ahmedabad,31.0,Household Essentials,No,481.19,9.7,6.82,18.0,4.0,5.0
ORD002027,Blinkit,Mumbai,59.0,Household Essentials,Yes,575.81,18.0,1.15,10.0,5.0,4.0
ORD002028,JioMart Express,Hyderabad,62.0,Fruits & Vegetables,No,256.89,9.2,6.09,15.0,,3.0
ORD002029,Dunzo,Delhi,61.0,Groceries,No,746.84,18.6,2.21,8.0,4.0,4.0
ORD002030,Zepto,Delhi,44.0,Personal Care,No,1621.1,14.4,0.79,5.0,5.0,2.0
ORD002031,Dunzo,Bangalore,50.0,Dairy & Eggs,Yes,250.92,20.0,3.68,9.0,4.0,2.0
ORD002032,BigBasket Now,Ahmedabad,39.0,Dairy & Eggs,Yes,198.51,9.5,3.03,1.0,3.0,4.0
ORD002033,Dunzo,Mumbai,46.0,Fruits & Vegetables,No,448.24,27.6,7.99,19.0,3.0,5.0
ORD002034,BigBasket Now,Hyderabad,36.0,Household Essentials,Yes,682.19,15.3,4.05,8.0,4.0,5.0
ORD002035,BigBasket Now,Mumbai,36.0,Fruits & Vegetables,Yes,381.9,22.3,7.46,5.0,,5.0
ORD002036,BigBasket Now,Mumbai,23.0,Baby Care,No,214.45,24.1,0.65,18.0,4.0,5.0
ORD002037,JioMart Express,Bangalore,62.0,Bakery,Yes,377.98,10.4,0.64,9.0,5.0,5.0
ORD002038,BigBasket Now,Bangalore,36.0,Bakery,No,577.58,23.4,0.78,1.0,4.0,5.0
ORD002039,BigBasket Now,Delhi,30.0,Meat & Seafood,No,316.01,9.3,2.58,19.0,3.0,4.0
ORD002040,Zepto,Delhi,43.0,Household Essentials,No,580.77,9.5,4.05,14.0,1.0,4.0
ORD002041,Blinkit,Mumbai,39.0,Groceries,No,811.45,36.1,6.27,14.0,5.0,2.0
ORD002042,Swiggy Instamart,Delhi,38.0,Baby Care,Yes,465.98,25.7,9.87,4.0,5.0,4.0
ORD002043,Blinkit,Ahmedabad,53.0,Baby Care,Yes,396.72,37.7,3.87,7.0,4.0,5.0
ORD002044,BigBasket Now,Ahmedabad,19.0,Household Essentials,No,663.55,14.2,1.03,11.0,5.0,4.0
ORD002045,Zepto,,64.0,Bakery,Yes,241.37,17.1,2.35,2.0,5.0,3.0
ORD002046,Dunzo,Hyderabad,61.0,Snacks & Munchies,No,227.51,20.3,9.03,18.0,5.0,4.0
ORD002047,Zepto,Pune,47.0,Bakery,No,343.8,16.4,7.14,10.0,4.0,4.0
ORD002048,BigBasket Now,Mumbai,44.0,Meat & Seafood,Yes,300.33,12.2,8.01,1.0,4.0,5.0
ORD002049,Zepto,Kolkata,24.0,Meat & Seafood,No,249.13,11.5,1.68,14.0,2.0,3.0
ORD002050,Zepto,Ahmedabad,37.0,Household Essentials,Yes,1209.89,17.9,1.78,10.0,5.0,5.0
ORD002051,BigBasket Now,Mumbai,48.0,Personal Care,Yes,1485.04,10.7,1.57,18.0,5.0,4.0
ORD002052,JioMart Express,Mumbai,40.0,Personal Care,No,326.29,10.6,8.64,7.0,5.0,5.0
ORD002053,Zepto,Ahmedabad,30.0,Groceries,No,426.25,19.2,2.49,19.0,4.0,4.0
ORD002054,Swiggy Instamart,Bangalore,34.0,Personal Care,No,360.43,15.8,6.61,4.0,4.0,5.0
ORD002055,Swiggy Instamart,,21.0,Beverages,Yes,784.07,23.9,5.4,14.0,4.0,1.0
ORD002056,Zepto,Delhi,31.0,Beverages,Yes,883.05,13.9,5.67,9.0,3.0,2.0
ORD002057,JioMart Express,Bangalore,37.0,Dairy & Eggs,Yes,138.88,13.0,2.36,4.0,4.0,4.0
ORD002058,Dunzo,Chennai,30.0,Beverages,Yes,536.79,19.5,6.53,6.0,2.0,4.0
ORD002059,BigBasket Now,Chennai,20.0,Snacks & Munchies,Yes,184.18,11.9,0.91,2.0,5.0,4.0
ORD002060,Swiggy Instamart,Ahmedabad,43.0,Snacks & Munchies,No,1158.59,12.6,9.94,1.0,4.0,3.0
ORD002061,Dunzo,Delhi,43.0,Snacks & Munchies,No,525.39,12.8,0.75,17.0,5.0,4.0
ORD002062,Zepto,Bangalore,35.0,Beverages,Yes,246.16,15.1,0.98,4.0,5.0,4.0
ORD002063,Dunzo,Bangalore,49.0,Groceries,Yes,349.05,33.4,3.58,5.0,3.0,4.0
ORD002064,Blinkit,Bangalore,31.0,Bakery,No,339.21,9.5,8.4,18.0,3.0,2.0
ORD002065,Swiggy Instamart,Mumbai,64.0,Household Essentials,No,552.84,27.6,2.94,13.0,5.0,5.0
ORD002066,Zepto,Ahmedabad,20.0,Fruits & Vegetables,No,753.82,22.1,4.98,11.0,5.0,4.0
ORD002067,BigBasket Now,Pune,18.0,Dairy & Eggs,Yes,202.57,30.8,0.67,1.0,,3.0
ORD002068,JioMart Express,Bangalore,43.0,Meat & Seafood,Yes,1215.92,57.7,1.25,12.0,2.0,4.0
ORD002069,Zepto,Hyderabad,41.0,Baby Care,No,1057.24,29.2,6.28,13.0,4.0,3.0
ORD002070,BigBasket Now,Delhi,52.0,Meat & Seafood,No,238.6,23.8,2.35,4.0,3.0,4.0
ORD002071,JioMart Express,Bangalore,31.0,Dairy & Eggs,No,421.44,9.7,7.1,12.0,3.0,4.0
ORD002072,JioMart Express,Chennai,20.0,Meat & Seafood,No,1126.07,10.2,7.96,6.0,5.0,5.0
ORD002073,Zepto,Bangalore,30.0,Bakery,Yes,845.35,19.0,8.58,13.0,4.0,5.0
ORD002074,Dunzo,Ahmedabad,64.0,Meat & Seafood,No,329.62,8.3,1.77,14.0,4.0,3.0
ORD002075,Dunzo,Hyderabad,31.0,Meat & Seafood,No,657.6,21.0,4.83,12.0,5.0,1.0
ORD002076,JioMart Express,Delhi,38.0,Bakery,Yes,2436.5,7.0,9.5,2.0,4.0,3.0
ORD002077,Dunzo,Kolkata,43.0,Bakery,No,429.7,26.1,7.83,,5.0,4.0
ORD002078,Blinkit,Mumbai,20.0,Beverages,No,276.0,14.5,1.61,6.0,3.0,3.0
ORD002079,JioMart Express,Bangalore,57.0,Bakery,Yes,447.4,17.3,5.27,4.0,3.0,5.0
ORD002080,JioMart Express,Delhi,21.0,Fruits & Vegetables,Yes,467.75,12.2,9.26,1.0,2.0,4.0
ORD002081,BigBasket Now,Bangalore,53.0,Personal Care,Yes,294.5,7.7,4.68,8.0,3.0,4.0
ORD002082,Dunzo,Kolkata,60.0,Fruits & Vegetables,Yes,525.83,26.9,8.46,8.0,5.0,4.0
ORD002083,JioMart Express,Bangalore,18.0,Meat & Seafood,No,190.06,28.1,5.21,12.0,5.0,5.0
ORD002084,Blinkit,Kolkata,57.0,Fruits & Vegetables,No,270.61,14.3,1.51,4.0,5.0,1.0
ORD002085,BigBasket Now,,64.0,Dairy & Eggs,Yes,635.84,21.4,1.9,16.0,4.0,
ORD002086,Zepto,Delhi,50.0,Household Essentials,Yes,140.76,14.1,0.94,14.0,5.0,4.0
ORD002087,JioMart Express,Kolkata,24.0,Personal Care,No,693.6,18.5,2.36,,4.0,
ORD002088,Blinkit,Delhi,28.0,Household Essentials,Yes,120.64,22.3,8.99,2.0,1.0,4.0
ORD002089,Swiggy Instamart,Delhi,44.0,Baby Care,Yes,142.77,20.5,6.68,17.0,4.0,1.0
ORD002090,Blinkit,Bangalore,31.0,Fruits & Vegetables,Yes,299.05,28.1,7.52,8.0,4.0,4.0
ORD002091,Blinkit,Delhi,39.0,Household Essentials,No,479.2,20.2,6.41,7.0,3.0,5.0
ORD002092,BigBasket Now,,33.0,Bakery,Yes,893.51,16.6,4.17,13.0,3.0,2.0
ORD002093,Zepto,Hyderabad,63.0,Groceries,No,417.62,12.1,2.56,11.0,3.0,4.0
ORD002094,Swiggy Instamart,Bangalore,29.0,Groceries,Yes,347.95,13.6,9.29,19.0,4.0,3.0
ORD002095,Dunzo,Bangalore,63.0,Bakery,Yes,571.21,22.7,5.39,19.0,2.0,4.0
ORD002096,Dunzo,Ahmedabad,27.0,Household Essentials,Yes,239.24,9.0,5.07,10.0,5.0,5.0
ORD002097,Blinkit,Hyderabad,41.0,Meat & Seafood,No,438.63,25.6,9.96,11.0,4.0,4.0
ORD002098,BigBasket Now,Pune,63.0,Bakery,No,196.44,14.7,4.15,16.0,4.0,3.0
ORD002099,BigBasket Now,Mumbai,35.0,Personal Care,Yes,423.92,11.9,8.61,8.0,5.0,3.0
ORD002100,Dunzo,Hyderabad,39.0,Snacks & Munchies,Yes,373.19,10.6,8.69,2.0,,5.0
ORD002101,Swiggy Instamart,,26.0,Dairy & Eggs,No,249.0,21.5,2.71,14.0,4.0,3.0
ORD002102,Zepto,Hyderabad,34.0,Meat & Seafood,No,445.42,16.3,1.4,17.0,5.0,1.0
ORD002103,Swiggy Instamart,Chennai,55.0,Personal Care,Yes,443.69,31.0,9.77,17.0,,4.0
ORD002104,JioMart Express,Delhi,57.0,Household Essentials,No,816.7,9.9,4.55,11.0,5.0,3.0
ORD002105,JioMart Express,Mumbai,30.0,Meat & Seafood,Yes,153.95,13.0,0.52,1.0,4.0,5.0
ORD002106,Zepto,Bangalore,54.0,Meat & Seafood,Yes,385.43,15.8,5.24,19.0,3.0,3.0
ORD002107,Dunzo,Bangalore,23.0,Household Essentials,Yes,255.66,12.2,6.38,1.0,4.0,4.0
ORD002108,Zepto,Pune,38.0,Bakery,No,679.84,16.5,7.87,4.0,3.0,3.0
ORD002109,BigBasket Now,Delhi,53.0,Household Essentials,Yes,634.19,18.7,9.46,7.0,2.0,4.0
ORD002110,JioMart Express,Ahmedabad,24.0,Fruits & Vegetables,No,547.15,20.0,9.19,1.0,2.0,4.0
ORD002111,Blinkit,Ahmedabad,53.0,Fruits & Vegetables,No,264.46,30.0,9.43,11.0,3.0,5.0
ORD002112,Blinkit,Delhi,42.0,Dairy & Eggs,No,686.28,9.8,0.81,13.0,5.0,4.0
ORD002113,Dunzo,Delhi,28.0,Groceries,Yes,161.08,18.8,7.26,3.0,5.0,1.0
ORD002114,BigBasket Now,Pune,61.0,Beverages,Yes,142.42,12.7,2.65,8.0,5.0,3.0
ORD002115,Swiggy Instamart,Ahmedabad,31.0,Dairy & Eggs,No,187.63,19.5,2.28,12.0,3.0,5.0
ORD002116,BigBasket Now,Bangalore,62.0,Dairy & Eggs,No,395.41,19.5,8.1,2.0,4.0,4.0
ORD002117,Blinkit,Delhi,46.0,Snacks & Munchies,No,604.92,11.1,4.46,1.0,3.0,4.0
ORD002118,Blinkit,Bangalore,27.0,Beverages,Yes,100.0,11.5,9.21,14.0,4.0,5.0
ORD002119,JioMart Express,Chennai,22.0,Groceries,Yes,892.16,20.2,0.9,15.0,5.0,1.0
ORD002120,BigBasket Now,Delhi,25.0,Meat & Seafood,No,436.45,16.6,8.12,4.0,1.0,4.0
ORD002121,BigBasket Now,Chennai,63.0,Beverages,Yes,157.49,15.1,1.8,7.0,,
ORD002122,Blinkit,Mumbai,22.0,Snacks & Munchies,No,428.62,21.4,2.18,1.0,5.0,3.0
ORD002123,Swiggy Instamart,Mumbai,41.0,Baby Care,Yes,777.06,22.0,5.03,5.0,5.0,3.0
ORD002124,Dunzo,Bangalore,57.0,Dairy & Eggs,Yes,578.05,13.3,4.26,14.0,4.0,5.0
ORD002125,Dunzo,Delhi,43.0,Household Essentials,Yes,780.12,11.7,5.12,6.0,5.0,4.0
ORD002126,BigBasket Now,Delhi,23.0,Dairy & Eggs,Yes,177.73,9.9,9.43,7.0,5.0,2.0
ORD002127,Dunzo,Bangalore,33.0,Bakery,Yes,314.69,16.7,6.75,12.0,5.0,2.0
ORD002128,Blinkit,Delhi,53.0,Snacks & Munchies,No,231.64,9.3,3.26,7.0,4.0,3.0
ORD002129,Blinkit,Mumbai,29.0,Dairy & Eggs,Yes,1130.65,17.1,2.14,18.0,4.0,5.0
ORD002130,BigBasket Now,Delhi,28.0,Dairy & Eggs,Yes,592.07,26.8,4.49,16.0,3.0,4.0
ORD002131,BigBasket Now,Ahmedabad,20.0,Beverages,No,2226.54,14.3,4.79,9.0,5.0,5.0
ORD002132,JioMart Express,Bangalore,61.0,Beverages,No,304.73,13.3,6.21,7.0,5.0,5.0
ORD002133,BigBasket Now,Bangalore,54.0,Household Essentials,Yes,261.18,36.6,3.03,14.0,4.0,5.0
ORD002134,Swiggy Instamart,Hyderabad,23.0,Personal Care,No,370.3,30.1,7.79,2.0,5.0,3.0
ORD002135,Dunzo,Ahmedabad,36.0,Bakery,No,922.43,12.1,1.44,13.0,5.0,3.0
ORD002136,BigBasket Now,Delhi,35.0,Household Essentials,Yes,323.87,17.4,5.82,7.0,3.0,4.0
ORD002137,Zepto,Chennai,33.0,Baby Care,Yes,434.7,18.8,6.42,,4.0,4.0
ORD002138,JioMart Express,Chennai,40.0,Bakery,No,427.53,17.8,2.46,2.0,4.0,4.0
ORD002139,Zepto,Hyderabad,60.0,Beverages,Yes,413.1,34.0,8.35,6.0,5.0,2.0
ORD002140,Blinkit,Mumbai,54.0,Dairy & Eggs,No,272.75,17.0,6.35,12.0,4.0,5.0
ORD002141,Dunzo,Chennai,26.0,Meat & Seafood,No,371.53,18.1,6.63,2.0,5.0,2.0
ORD002142,BigBasket Now,Mumbai,20.0,Dairy & Eggs,No,362.11,21.7,5.23,17.0,4.0,3.0
ORD002143,Zepto,Hyderabad,25.0,Groceries,Yes,401.6,26.5,9.14,12.0,2.0,4.0
ORD002144,Dunzo,Chennai,55.0,Household Essentials,Yes,710.6,23.9,7.09,9.0,2.0,
ORD002145,Blinkit,Delhi,21.0,Bakery,No,1160.23,20.4,4.13,14.0,2.0,2.0
ORD002146,Swiggy Instamart,Kolkata,29.0,Meat & Seafood,No,243.65,8.8,2.77,3.0,1.0,3.0
ORD002147,JioMart Express,Mumbai,61.0,Groceries,Yes,318.88,13.5,1.18,3.0,4.0,2.0
ORD002148,Dunzo,Kolkata,48.0,Baby Care,No,245.92,22.8,2.07,16.0,4.0,3.0
ORD002149,Dunzo,Bangalore,42.0,Dairy & Eggs,Yes,451.36,18.2,9.93,6.0,2.0,3.0
ORD002150,Swiggy Instamart,Delhi,33.0,Personal Care,Yes,292.07,22.9,4.36,8.0,4.0,4.0
ORD002151,Dunzo,Mumbai,59.0,Snacks & Munchies,No,465.86,35.0,9.04,13.0,4.0,4.0
ORD002152,Blinkit,Ahmedabad,31.0,Groceries,Yes,782.25,10.3,2.12,8.0,,4.0
ORD002153,Blinkit,Mumbai,30.0,Dairy & Eggs,Yes,100.0,25.9,4.54,8.0,4.0,4.0
ORD002154,Swiggy Instamart,Mumbai,58.0,Dairy & Eggs,Yes,541.89,14.4,9.62,7.0,5.0,3.0
ORD002155,JioMart Express,Delhi,24.0,Bakery,No,306.09,23.9,1.37,5.0,1.0,3.0
ORD002156,BigBasket Now,Hyderabad,29.0,Bakery,Yes,531.79,16.2,6.14,1.0,2.0,5.0
ORD002157,Zepto,Bangalore,54.0,Personal Care,No,235.6,38.5,9.23,13.0,5.0,4.0
ORD002158,BigBasket Now,Mumbai,21.0,Groceries,No,826.96,17.3,9.52,8.0,,2.0
ORD002159,Dunzo,Delhi,19.0,Beverages,No,697.83,12.7,8.54,11.0,4.0,5.0
ORD002160,Zepto,Delhi,52.0,Bakery,Yes,567.37,19.5,8.63,7.0,4.0,4.0
ORD002161,Swiggy Instamart,Delhi,61.0,Snacks & Munchies,No,649.33,18.7,6.7,19.0,5.0,3.0
ORD002162,Swiggy Instamart,Bangalore,20.0,Dairy & Eggs,Yes,257.91,25.9,2.59,7.0,5.0,5.0
ORD002163,JioMart Express,Chennai,21.0,Dairy & Eggs,No,278.17,19.7,7.44,16.0,3.0,4.0
ORD002164,Zepto,Delhi,55.0,Baby Care,Yes,633.63,44.3,9.79,12.0,4.0,5.0
ORD002165,Blinkit,Delhi,29.0,Baby Care,Yes,254.52,15.7,5.5,11.0,4.0,2.0
ORD002166,Zepto,Bangalore,36.0,Personal Care,No,960.43,15.8,2.98,9.0,2.0,3.0
ORD002167,Dunzo,Ahmedabad,27.0,Groceries,Yes,332.24,12.9,5.95,7.0,5.0,4.0
ORD002168,Blinkit,Ahmedabad,18.0,Fruits & Vegetables,Yes,545.19,17.0,7.06,14.0,4.0,1.0
ORD002169,Swiggy Instamart,Kolkata,34.0,Meat & Seafood,Yes,1421.62,18.0,2.48,4.0,4.0,1.0
ORD002170,Zepto,Delhi,33.0,Bakery,No,264.08,18.4,7.33,3.0,5.0,5.0
ORD002171,BigBasket Now,Mumbai,26.0,Groceries,Yes,420.42,16.9,6.08,9.0,2.0,3.0
ORD002172,JioMart Express,Delhi,26.0,Dairy & Eggs,Yes,759.39,12.9,6.32,5.0,1.0,5.0
ORD002173,BigBasket Now,Delhi,26.0,Household Essentials,Yes,713.92,11.6,3.41,3.0,4.0,4.0
ORD002174,JioMart Express,Bangalore,29.0,Baby Care,No,331.39,14.2,1.98,1.0,4.0,5.0
ORD002175,Dunzo,Kolkata,58.0,Meat & Seafood,Yes,295.88,26.0,6.42,18.0,5.0,4.0
ORD002176,BigBasket Now,Pune,32.0,Bakery,Yes,350.77,28.3,6.07,13.0,2.0,4.0
ORD002177,Zepto,Kolkata,19.0,Beverages,Yes,961.71,15.9,3.71,4.0,4.0,3.0
ORD002178,Zepto,Delhi,28.0,Beverages,Yes,341.22,11.3,3.31,18.0,3.0,4.0
ORD002179,BigBasket Now,Chennai,28.0,Baby Care,No,422.79,15.9,3.8,9.0,5.0,3.0
ORD002180,Zepto,Delhi,25.0,Groceries,No,312.29,38.0,5.15,7.0,3.0,3.0
ORD002181,Dunzo,Mumbai,49.0,Bakery,No,616.05,24.5,9.76,15.0,4.0,2.0
ORD002182,Blinkit,Chennai,23.0,Meat & Seafood,Yes,442.89,20.5,7.75,13.0,5.0,2.0
ORD002183,Dunzo,Mumbai,37.0,Dairy & Eggs,No,220.95,24.2,8.59,2.0,5.0,3.0
ORD002184,JioMart Express,Bangalore,56.0,Groceries,Yes,225.59,30.5,5.3,11.0,5.0,5.0
ORD002185,Dunzo,Delhi,52.0,Baby Care,No,121.61,10.4,5.5,4.0,4.0,3.0
ORD002186,JioMart Express,Chennai,25.0,Personal Care,Yes,244.99,14.1,2.44,18.0,4.0,3.0
ORD002187,Zepto,Chennai,60.0,Fruits & Vegetables,No,649.61,13.3,7.35,3.0,4.0,5.0
ORD002188,Blinkit,Delhi,51.0,Groceries,Yes,892.71,20.8,4.51,2.0,5.0,4.0
ORD002189,Zepto,Kolkata,36.0,Snacks & Munchies,Yes,608.71,17.5,7.55,12.0,5.0,5.0
ORD002190,Swiggy Instamart,Delhi,24.0,Bakery,No,562.72,22.3,4.39,4.0,5.0,5.0
ORD002191,Zepto,Bangalore,48.0,Beverages,No,373.94,13.4,1.53,14.0,5.0,2.0
ORD002192,JioMart Express,Chennai,35.0,Snacks & Munchies,No,642.23,28.5,2.14,16.0,2.0,5.0
ORD002193,Zepto,Chennai,57.0,Groceries,No,479.03,16.0,8.21,4.0,5.0,2.0
ORD002194,Zepto,Ahmedabad,31.0,Groceries,No,1191.14,21.7,2.96,12.0,5.0,5.0
ORD002195,Blinkit,Delhi,56.0,Snacks & Munchies,Yes,380.29,26.5,3.01,19.0,5.0,4.0
ORD002196,Zepto,Hyderabad,53.0,Personal Care,No,903.07,25.7,9.33,19.0,5.0,4.0
ORD002197,Blinkit,Hyderabad,34.0,Snacks & Munchies,No,681.62,19.0,6.75,12.0,4.0,5.0
ORD002198,BigBasket Now,Pune,54.0,Dairy & Eggs,No,627.2,22.8,1.59,15.0,,5.0
ORD002199,Swiggy Instamart,Mumbai,61.0,Meat & Seafood,Yes,120.68,33.0,1.86,3.0,1.0,4.0
ORD002200,Blinkit,Chennai,26.0,Snacks & Munchies,No,704.52,20.2,3.09,19.0,4.0,4.0
ORD002201,JioMart Express,Hyderabad,37.0,Snacks & Munchies,No,373.72,12.3,6.14,15.0,4.0,2.0
ORD002202,BigBasket Now,Delhi,62.0,Bakery,Yes,309.09,20.8,7.65,7.0,5.0,5.0
ORD002203,Blinkit,Bangalore,45.0,Meat & Seafood,Yes,165.71,16.2,3.11,4.0,5.0,2.0
ORD002204,Blinkit,Delhi,37.0,Fruits & Vegetables,Yes,402.08,6.4,8.77,1.0,5.0,5.0
ORD002205,Swiggy Instamart,Hyderabad,58.0,Snacks & Munchies,No,411.63,19.8,1.54,9.0,2.0,4.0
ORD002206,JioMart Express,Pune,53.0,Snacks & Munchies,Yes,184.6,17.2,2.47,7.0,4.0,4.0
ORD002207,Dunzo,Hyderabad,44.0,Dairy & Eggs,Yes,166.67,26.1,9.72,5.0,4.0,4.0
ORD002208,Dunzo,Hyderabad,25.0,Beverages,Yes,540.22,12.2,1.78,9.0,1.0,5.0
ORD002209,Blinkit,Bangalore,49.0,Dairy & Eggs,No,680.63,9.0,8.94,6.0,3.0,5.0
ORD002210,Zepto,Mumbai,18.0,Snacks & Munchies,Yes,452.22,17.6,7.19,12.0,5.0,3.0
ORD002211,JioMart Express,Delhi,34.0,Bakery,Yes,804.73,19.1,1.19,13.0,2.0,5.0
ORD002212,BigBasket Now,Bangalore,26.0,Dairy & Eggs,No,383.05,17.1,5.1,1.0,2.0,5.0
ORD002213,Zepto,Delhi,37.0,Bakery,No,390.48,16.6,5.43,15.0,4.0,5.0
ORD002214,Zepto,Mumbai,62.0,Meat & Seafood,Yes,232.71,10.7,9.36,16.0,5.0,
ORD002215,JioMart Express,Bangalore,49.0,Bakery,No,158.2,15.6,4.5,2.0,5.0,4.0
ORD002216,Blinkit,Delhi,19.0,Personal Care,No,1227.58,14.3,4.74,9.0,5.0,1.0
ORD002217,Blinkit,Delhi,49.0,Household Essentials,Yes,795.35,25.3,1.57,10.0,5.0,
ORD002218,Blinkit,Bangalore,62.0,Meat & Seafood,Yes,174.95,19.1,6.57,16.0,4.0,5.0
ORD002219,Blinkit,Mumbai,26.0,Household Essentials,No,442.95,14.7,2.5,,5.0,5.0
ORD002220,Dunzo,Pune,47.0,Snacks & Munchies,Yes,379.92,32.8,1.24,3.0,4.0,
ORD002221,Blinkit,Pune,37.0,Snacks & Munchies,Yes,342.27,14.8,9.97,2.0,4.0,5.0
ORD002222,Dunzo,Chennai,55.0,Personal Care,No,315.64,20.6,3.06,8.0,4.0,5.0
ORD002223,Dunzo,Mumbai,18.0,Groceries,No,507.13,15.4,1.84,16.0,5.0,3.0
ORD002224,Blinkit,Kolkata,22.0,Household Essentials,No,659.12,31.6,7.15,9.0,5.0,3.0
ORD002225,Swiggy Instamart,Kolkata,52.0,Dairy & Eggs,Yes,513.59,17.0,8.31,3.0,4.0,5.0
ORD002226,BigBasket Now,Chennai,53.0,Personal Care,No,375.29,17.2,1.11,17.0,4.0,3.0
ORD002227,Zepto,Mumbai,18.0,Meat & Seafood,Yes,367.11,15.5,1.5,13.0,5.0,3.0
ORD002228,Dunzo,Hyderabad,31.0,Fruits & Vegetables,No,707.75,17.8,1.36,16.0,1.0,4.0
ORD002229,JioMart Express,Kolkata,26.0,Dairy & Eggs,No,532.76,26.6,0.95,5.0,5.0,5.0
ORD002230,JioMart Express,Hyderabad,47.0,Bakery,No,421.41,23.1,6.76,5.0,4.0,4.0
ORD002231,BigBasket Now,Hyderabad,41.0,Snacks & Munchies,Yes,394.83,16.6,6.09,3.0,4.0,5.0
ORD002232,JioMart Express,Bangalore,21.0,Meat & Seafood,No,496.29,32.5,6.8,13.0,4.0,3.0
ORD002233,Swiggy Instamart,Bangalore,31.0,Personal Care,No,304.6,23.3,5.3,8.0,4.0,3.0
ORD002234,JioMart Express,Mumbai,42.0,Household Essentials,No,660.45,13.8,8.27,8.0,5.0,4.0
ORD002235,Zepto,Hyderabad,21.0,Household Essentials,Yes,211.55,9.5,5.69,17.0,5.0,5.0
ORD002236,Zepto,Mumbai,42.0,Baby Care,No,315.17,13.9,9.23,15.0,4.0,4.0
ORD002237,Dunzo,Bangalore,27.0,Snacks & Munchies,Yes,582.11,19.4,5.11,4.0,5.0,1.0
ORD002238,Blinkit,Delhi,52.0,Dairy & Eggs,No,204.44,20.9,8.01,18.0,5.0,4.0
ORD002239,Swiggy Instamart,Bangalore,24.0,Bakery,No,156.99,28.3,4.37,7.0,3.0,5.0
ORD002240,Dunzo,Mumbai,59.0,Bakery,Yes,418.99,10.6,4.63,10.0,,3.0
ORD002241,Swiggy Instamart,Chennai,30.0,Snacks & Munchies,Yes,145.78,13.8,8.57,1.0,4.0,2.0
ORD002242,Blinkit,Kolkata,21.0,Baby Care,Yes,185.07,10.3,1.52,4.0,1.0,4.0
ORD002243,JioMart Express,Mumbai,60.0,Baby Care,No,635.21,9.6,5.87,11.0,4.0,1.0
ORD002244,JioMart Express,Mumbai,53.0,Dairy & Eggs,Yes,356.78,12.8,7.4,15.0,5.0,4.0
ORD002245,Blinkit,Mumbai,31.0,Baby Care,No,872.44,19.0,7.63,15.0,4.0,1.0
ORD002246,Dunzo,Pune,35.0,Personal Care,No,195.8,22.4,6.12,3.0,,3.0
ORD002247,Blinkit,Bangalore,25.0,Baby Care,Yes,381.32,11.3,4.76,19.0,3.0,4.0
ORD002248,BigBasket Now,,49.0,Household Essentials,Yes,512.73,11.9,2.98,14.0,3.0,2.0
ORD002249,Zepto,Mumbai,44.0,Beverages,No,199.87,8.1,9.14,3.0,4.0,2.0
ORD002250,Dunzo,Hyderabad,59.0,Groceries,No,749.24,17.9,4.01,8.0,3.0,5.0
ORD002251,Swiggy Instamart,Pune,54.0,Household Essentials,Yes,548.07,12.3,8.09,10.0,2.0,1.0
ORD002252,BigBasket Now,Kolkata,40.0,Household Essentials,Yes,153.61,32.0,0.8,9.0,4.0,4.0
ORD002253,Dunzo,Hyderabad,24.0,Fruits & Vegetables,No,394.4,19.4,2.71,15.0,4.0,5.0
ORD002254,Blinkit,Mumbai,29.0,Fruits & Vegetables,No,508.56,15.4,3.78,9.0,2.0,3.0
ORD002255,Blinkit,Mumbai,42.0,Snacks & Munchies,Yes,283.15,12.7,6.88,4.0,1.0,3.0
ORD002256,Blinkit,Mumbai,20.0,Fruits & Vegetables,Yes,166.02,9.0,3.53,12.0,1.0,4.0
ORD002257,Blinkit,Delhi,43.0,Snacks & Munchies,Yes,476.79,9.5,0.89,19.0,3.0,3.0
ORD002258,Swiggy Instamart,Mumbai,21.0,Household Essentials,No,1520.43,12.8,2.15,1.0,3.0,4.0
ORD002259,BigBasket Now,Delhi,59.0,Groceries,Yes,319.84,12.4,2.96,14.0,4.0,5.0
ORD002260,JioMart Express,Bangalore,53.0,Dairy & Eggs,No,1034.37,11.0,2.17,10.0,4.0,3.0
ORD002261,Zepto,Ahmedabad,32.0,Dairy & Eggs,Yes,256.88,19.1,2.44,1.0,3.0,4.0
ORD002262,Swiggy Instamart,Hyderabad,49.0,Beverages,No,459.13,20.2,7.81,4.0,5.0,5.0
ORD002263,Swiggy Instamart,Kolkata,46.0,Meat & Seafood,No,640.93,13.7,4.41,10.0,4.0,2.0
ORD002264,JioMart Express,Chennai,27.0,Dairy & Eggs,No,401.4,35.7,4.35,3.0,2.0,2.0
ORD002265,JioMart Express,Mumbai,38.0,Meat & Seafood,Yes,337.43,8.2,9.68,16.0,3.0,4.0
ORD002266,Zepto,Chennai,33.0,Baby Care,No,623.7,16.8,4.74,18.0,5.0,5.0
ORD002267,Zepto,Delhi,64.0,Bakery,Yes,1254.98,15.1,9.31,12.0,5.0,3.0
ORD002268,JioMart Express,Hyderabad,36.0,Household Essentials,Yes,483.16,13.2,3.34,,3.0,4.0
ORD002269,Blinkit,Delhi,46.0,Groceries,Yes,296.0,12.4,4.31,9.0,3.0,2.0
ORD002270,Swiggy Instamart,Ahmedabad,35.0,Snacks & Munchies,No,360.02,16.4,4.26,5.0,,4.0
ORD002271,Dunzo,Delhi,61.0,Meat & Seafood,No,1829.55,15.0,5.69,5.0,4.0,1.0
ORD002272,Zepto,Delhi,33.0,Beverages,No,437.44,14.1,6.05,8.0,4.0,4.0
ORD002273,Zepto,Pune,18.0,Dairy & Eggs,No,282.41,9.8,2.86,7.0,4.0,4.0
ORD002274,JioMart Express,Mumbai,19.0,Personal Care,Yes,202.95,8.6,8.04,19.0,3.0,5.0
ORD002275,BigBasket Now,Chennai,32.0,Dairy & Eggs,No,134.89,14.7,5.22,18.0,2.0,5.0
ORD002276,Dunzo,Chennai,56.0,Fruits & Vegetables,No,501.77,14.0,0.57,15.0,4.0,5.0
ORD002277,Dunzo,Kolkata,45.0,Household Essentials,No,597.52,15.2,6.12,1.0,5.0,3.0
ORD002278,Zepto,Ahmedabad,18.0,Fruits & Vegetables,No,317.98,15.7,8.08,7.0,2.0,2.0
ORD002279,Blinkit,Ahmedabad,22.0,Dairy & Eggs,No,399.82,13.3,2.88,19.0,,4.0
ORD002280,BigBasket Now,Mumbai,59.0,Personal Care,No,199.88,15.1,0.86,5.0,4.0,4.0
ORD002281,Dunzo,Kolkata,39.0,Fruits & Vegetables,No,436.92,11.7,8.17,8.0,3.0,4.0
ORD002282,Zepto,Hyderabad,53.0,Groceries,Yes,538.56,30.3,9.77,5.0,5.0,2.0
ORD002283,Dunzo,Hyderabad,63.0,Fruits & Vegetables,No,292.63,11.9,1.23,5.0,4.0,4.0
ORD002284,BigBasket Now,Mumbai,30.0,Personal Care,No,1112.4,14.2,9.41,5.0,4.0,3.0
ORD002285,BigBasket Now,Hyderabad,18.0,Fruits & Vegetables,Yes,244.14,12.3,3.91,11.0,4.0,4.0
ORD002286,Swiggy Instamart,Ahmedabad,33.0,Meat & Seafood,Yes,478.23,12.2,9.44,7.0,2.0,2.0
ORD002287,JioMart Express,Pune,58.0,Baby Care,Yes,671.15,16.6,6.66,2.0,4.0,5.0
ORD002288,JioMart Express,Bangalore,39.0,Snacks & Munchies,No,385.15,15.8,8.96,17.0,4.0,1.0
ORD002289,Zepto,Mumbai,49.0,Dairy & Eggs,Yes,360.29,13.7,7.97,11.0,2.0,5.0
ORD002290,BigBasket Now,,33.0,Meat & Seafood,Yes,171.17,14.7,0.77,5.0,4.0,5.0
ORD002291,Swiggy Instamart,Kolkata,32.0,Snacks & Munchies,No,910.87,12.3,1.12,7.0,1.0,5.0
ORD002292,Swiggy Instamart,Chennai,63.0,Baby Care,No,364.33,19.3,5.49,1.0,3.0,5.0
ORD002293,Dunzo,Bangalore,59.0,Meat & Seafood,Yes,556.92,37.4,1.73,9.0,5.0,2.0
ORD002294,Dunzo,Mumbai,29.0,Beverages,Yes,604.04,11.6,4.88,11.0,1.0,4.0
ORD002295,Swiggy Instamart,Bangalore,18.0,Meat & Seafood,No,276.72,19.3,9.57,12.0,,5.0
ORD002296,Dunzo,Bangalore,34.0,Groceries,No,358.34,16.7,3.3,10.0,5.0,2.0
ORD002297,BigBasket Now,Pune,58.0,Personal Care,Yes,898.47,21.5,5.14,11.0,3.0,4.0
ORD002298,Blinkit,Hyderabad,45.0,Dairy & Eggs,No,206.37,21.7,4.15,1.0,4.0,4.0
ORD002299,BigBasket Now,Delhi,24.0,Household Essentials,Yes,1446.28,17.9,6.48,5.0,4.0,4.0
ORD002300,Swiggy Instamart,Bangalore,26.0,Snacks & Munchies,No,258.03,16.2,2.34,15.0,4.0,5.0
ORD002301,Swiggy Instamart,Mumbai,39.0,Fruits & Vegetables,Yes,198.8,13.8,2.97,10.0,4.0,4.0
ORD002302,BigBasket Now,Ahmedabad,43.0,Dairy & Eggs,Yes,436.76,12.1,8.66,12.0,4.0,2.0
ORD002303,Dunzo,Delhi,29.0,Household Essentials,Yes,1517.79,15.8,8.21,14.0,2.0,5.0
ORD002304,Dunzo,Bangalore,24.0,Baby Care,Yes,128.18,9.8,8.0,19.0,2.0,3.0
ORD002305,JioMart Express,Delhi,63.0,Meat & Seafood,No,370.7,13.0,7.82,10.0,5.0,5.0
ORD002306,Swiggy Instamart,Chennai,64.0,Household Essentials,No,536.87,25.6,4.86,12.0,3.0,5.0
ORD002307,Zepto,Hyderabad,32.0,Beverages,No,411.66,17.1,7.42,18.0,5.0,5.0
ORD002308,JioMart Express,Chennai,55.0,Dairy & Eggs,Yes,507.33,23.5,4.18,19.0,5.0,4.0
ORD002309,Dunzo,Delhi,38.0,Dairy & Eggs,Yes,262.22,29.6,1.46,4.0,1.0,5.0
ORD002310,BigBasket Now,Delhi,31.0,Dairy & Eggs,Yes,281.51,15.3,4.24,19.0,3.0,4.0
ORD002311,Dunzo,Mumbai,19.0,Personal Care,Yes,369.06,17.9,2.01,14.0,,
ORD002312,BigBasket Now,Hyderabad,25.0,Baby Care,No,204.81,14.6,4.21,8.0,4.0,3.0
ORD002313,JioMart Express,Mumbai,62.0,Personal Care,Yes,392.76,11.9,3.33,4.0,5.0,3.0
ORD002314,Swiggy Instamart,,23.0,Dairy & Eggs,No,319.5,11.2,6.19,16.0,2.0,5.0
ORD002315,Dunzo,Pune,54.0,Beverages,No,304.29,23.0,3.93,12.0,3.0,4.0
ORD002316,BigBasket Now,Pune,54.0,Fruits & Vegetables,Yes,488.97,17.9,7.2,18.0,4.0,4.0
ORD002317,Swiggy Instamart,,50.0,Beverages,No,135.31,34.4,5.37,12.0,3.0,4.0
ORD002318,Zepto,Bangalore,58.0,Snacks & Munchies,Yes,351.62,24.3,9.24,18.0,4.0,5.0
ORD002319,BigBasket Now,Mumbai,23.0,Baby Care,Yes,1620.37,12.3,1.36,4.0,4.0,5.0
ORD002320,JioMart Express,Chennai,43.0,Meat & Seafood,No,210.26,23.0,7.03,16.0,3.0,2.0
ORD002321,Zepto,Kolkata,56.0,Dairy & Eggs,No,872.45,14.6,6.89,18.0,4.0,4.0
ORD002322,Zepto,Delhi,58.0,Household Essentials,Yes,416.88,26.8,9.53,19.0,4.0,3.0
ORD002323,Blinkit,Bangalore,54.0,Fruits & Vegetables,No,280.96,13.5,4.03,16.0,3.0,4.0
ORD002324,Dunzo,Kolkata,31.0,Meat & Seafood,Yes,182.66,10.8,3.4,3.0,3.0,2.0
ORD002325,BigBasket Now,Pune,54.0,Bakery,No,438.7,12.0,2.14,17.0,4.0,5.0
ORD002326,Zepto,Delhi,25.0,Beverages,No,964.91,12.2,3.02,3.0,4.0,2.0
ORD002327,Blinkit,Hyderabad,56.0,Fruits & Vegetables,No,319.41,11.8,5.27,13.0,3.0,3.0
ORD002328,JioMart Express,Mumbai,30.0,Bakery,No,384.3,13.1,8.46,6.0,1.0,5.0
ORD002329,Swiggy Instamart,Mumbai,30.0,Personal Care,No,739.68,23.2,3.2,19.0,3.0,2.0
ORD002330,BigBasket Now,Pune,57.0,Bakery,Yes,494.98,33.7,2.0,9.0,1.0,4.0
ORD002331,Zepto,Kolkata,60.0,Meat & Seafood,Yes,157.06,9.7,3.09,19.0,4.0,5.0
ORD002332,Dunzo,Chennai,45.0,Baby Care,No,428.09,27.3,1.46,11.0,3.0,4.0
ORD002333,Blinkit,Mumbai,35.0,Beverages,Yes,999.59,13.6,9.3,3.0,4.0,5.0
ORD002334,Zepto,Kolkata,36.0,Fruits & Vegetables,No,394.59,18.9,8.79,15.0,3.0,5.0
ORD002335,Dunzo,Bangalore,55.0,Bakery,No,100.0,8.5,3.43,16.0,4.0,3.0
ORD002336,Zepto,Delhi,49.0,Beverages,No,509.24,20.3,2.85,3.0,5.0,4.0
ORD002337,BigBasket Now,Bangalore,39.0,Fruits & Vegetables,No,358.14,7.4,9.1,5.0,4.0,3.0
ORD002338,BigBasket Now,Mumbai,19.0,Fruits & Vegetables,No,134.63,18.6,0.52,7.0,2.0,3.0
ORD002339,BigBasket Now,Chennai,30.0,Meat & Seafood,No,147.3,18.2,6.21,,1.0,3.0
ORD002340,JioMart Express,Hyderabad,40.0,Beverages,No,724.2,17.8,9.2,1.0,3.0,4.0
ORD002341,JioMart Express,Mumbai,42.0,Meat & Seafood,No,259.97,12.3,5.33,19.0,4.0,5.0
ORD002342,Blinkit,Mumbai,45.0,Bakery,Yes,234.04,20.5,0.53,14.0,1.0,5.0
ORD002343,BigBasket Now,Mumbai,28.0,Snacks & Munchies,No,394.89,19.2,2.58,15.0,3.0,4.0
ORD002344,Dunzo,,50.0,Baby Care,No,274.1,15.1,9.26,3.0,5.0,4.0
ORD002345,Zepto,Hyderabad,41.0,Snacks & Munchies,No,428.39,21.5,0.66,4.0,2.0,
ORD002346,Swiggy Instamart,Kolkata,19.0,Groceries,Yes,357.23,15.8,4.25,17.0,5.0,5.0
ORD002347,Dunzo,Mumbai,47.0,Dairy & Eggs,Yes,196.37,20.3,8.0,14.0,,3.0
ORD002348,JioMart Express,Mumbai,34.0,Snacks & Munchies,No,296.87,15.6,8.46,7.0,5.0,3.0
ORD002349,JioMart Express,Hyderabad,57.0,Personal Care,No,526.18,17.9,5.04,8.0,5.0,4.0
ORD002350,Dunzo,Kolkata,51.0,Baby Care,Yes,413.7,20.7,2.71,,2.0,4.0
ORD002351,JioMart Express,Delhi,55.0,Dairy & Eggs,No,384.07,14.0,6.2,16.0,3.0,5.0
ORD002352,BigBasket Now,Delhi,39.0,Bakery,No,1290.04,10.0,3.01,14.0,2.0,
ORD002353,Blinkit,Hyderabad,22.0,Meat & Seafood,No,625.54,18.4,2.93,17.0,2.0,2.0
ORD002354,Zepto,Delhi,57.0,Personal Care,No,672.81,26.5,8.17,5.0,3.0,3.0
ORD002355,Blinkit,Mumbai,33.0,Dairy & Eggs,Yes,365.19,18.5,1.97,9.0,5.0,5.0
ORD002356,Zepto,Chennai,30.0,Dairy & Eggs,No,460.4,18.7,0.55,3.0,3.0,3.0
ORD002357,Zepto,Hyderabad,43.0,Fruits & Vegetables,No,311.48,16.2,3.7,5.0,3.0,2.0
ORD002358,Blinkit,Hyderabad,48.0,Groceries,No,643.25,22.1,5.16,18.0,4.0,5.0
ORD002359,Dunzo,Chennai,56.0,Meat & Seafood,Yes,377.57,15.3,7.2,10.0,2.0,4.0
ORD002360,Zepto,Chennai,40.0,Bakery,Yes,461.01,13.7,7.92,1.0,,4.0
ORD002361,Blinkit,Delhi,29.0,Beverages,No,444.24,25.6,6.8,17.0,3.0,4.0
ORD002362,Zepto,Delhi,31.0,Snacks & Munchies,Yes,399.06,13.3,6.45,8.0,5.0,5.0
ORD002363,Swiggy Instamart,Mumbai,35.0,Baby Care,No,2351.74,23.5,6.82,17.0,4.0,2.0
ORD002364,Dunzo,Mumbai,44.0,Groceries,No,270.43,25.6,3.08,18.0,4.0,4.0
ORD002365,BigBasket Now,Chennai,45.0,Fruits & Vegetables,No,268.96,20.6,4.13,5.0,2.0,4.0
ORD002366,Zepto,Pune,35.0,Fruits & Vegetables,No,611.83,10.0,6.36,7.0,5.0,1.0
ORD002367,Swiggy Instamart,Ahmedabad,33.0,Dairy & Eggs,No,282.28,16.6,1.12,5.0,3.0,4.0
ORD002368,BigBasket Now,Hyderabad,33.0,Household Essentials,No,338.71,15.2,3.31,10.0,5.0,5.0
ORD002369,BigBasket Now,Mumbai,30.0,Snacks & Munchies,No,210.22,13.5,4.36,6.0,5.0,4.0
ORD002370,Zepto,Mumbai,46.0,Groceries,No,541.82,17.4,5.57,7.0,4.0,5.0
ORD002371,Blinkit,Kolkata,26.0,Dairy & Eggs,No,545.96,22.4,5.12,3.0,4.0,4.0
ORD002372,Zepto,Hyderabad,43.0,Groceries,No,333.91,13.7,7.32,10.0,2.0,5.0
ORD002373,Swiggy Instamart,Hyderabad,45.0,Personal Care,No,619.49,15.4,5.0,6.0,4.0,5.0
ORD002374,BigBasket Now,Kolkata,58.0,Meat & Seafood,Yes,132.31,14.9,9.09,2.0,5.0,4.0
ORD002375,Zepto,Chennai,30.0,Baby Care,No,263.98,26.2,4.11,2.0,2.0,5.0
ORD002376,Blinkit,Kolkata,53.0,Snacks & Munchies,No,364.31,14.8,5.49,6.0,5.0,4.0
ORD002377,Zepto,Mumbai,26.0,Fruits & Vegetables,No,199.66,10.0,0.53,18.0,4.0,4.0
ORD002378,Dunzo,Chennai,64.0,Household Essentials,No,141.28,8.8,3.45,10.0,4.0,4.0
ORD002379,Blinkit,Pune,31.0,Bakery,No,335.38,19.0,8.73,7.0,4.0,3.0
ORD002380,Swiggy Instamart,Delhi,29.0,Beverages,No,611.8,12.1,3.67,17.0,3.0,5.0
ORD002381,BigBasket Now,Hyderabad,49.0,Meat & Seafood,No,870.67,21.5,2.91,4.0,3.0,3.0
ORD002382,Zepto,Delhi,55.0,Snacks & Munchies,No,290.51,9.7,5.66,12.0,3.0,4.0
ORD002383,Blinkit,Ahmedabad,20.0,Personal Care,Yes,626.36,13.3,1.25,8.0,4.0,3.0
ORD002384,Dunzo,Mumbai,33.0,Snacks & Munchies,Yes,591.06,9.7,5.55,9.0,5.0,4.0
ORD002385,Blinkit,Hyderabad,37.0,Bakery,No,838.12,19.6,3.38,10.0,4.0,5.0
ORD002386,JioMart Express,Mumbai,49.0,Baby Care,No,326.98,21.3,4.14,19.0,4.0,5.0
ORD002387,Dunzo,Chennai,40.0,Baby Care,No,137.13,18.8,8.02,9.0,3.0,4.0
ORD002388,Swiggy Instamart,Mumbai,34.0,Groceries,Yes,420.78,10.7,6.79,4.0,5.0,4.0
ORD002389,BigBasket Now,Delhi,33.0,Dairy & Eggs,Yes,219.58,12.2,4.74,16.0,4.0,
ORD002390,Swiggy Instamart,Bangalore,55.0,Baby Care,No,261.36,18.1,5.99,1.0,4.0,3.0
ORD002391,Zepto,Pune,25.0,Household Essentials,Yes,336.73,8.4,7.79,10.0,5.0,4.0
ORD002392,Blinkit,Delhi,36.0,Beverages,No,329.19,14.9,7.58,16.0,5.0,
ORD002393,JioMart Express,Mumbai,47.0,Personal Care,No,439.19,30.2,2.26,5.0,4.0,5.0
ORD002394,Dunzo,Chennai,51.0,Bakery,No,615.17,15.3,3.36,3.0,5.0,4.0
ORD002395,Dunzo,Bangalore,31.0,Fruits & Vegetables,Yes,323.55,9.1,3.81,4.0,4.0,4.0
ORD002396,Blinkit,Pune,39.0,Baby Care,No,511.54,12.9,2.28,10.0,5.0,5.0
ORD002397,JioMart Express,Mumbai,61.0,Fruits & Vegetables,No,407.03,12.8,0.62,2.0,4.0,4.0
ORD002398,Blinkit,Hyderabad,34.0,Baby Care,Yes,707.19,38.7,2.15,6.0,2.0,3.0
ORD002399,Zepto,Delhi,32.0,Household Essentials,Yes,360.27,32.0,8.18,14.0,5.0,4.0
ORD002400,Swiggy Instamart,Mumbai,49.0,Fruits & Vegetables,Yes,384.77,22.0,5.69,5.0,3.0,4.0
ORD002401,Dunzo,Chennai,30.0,Dairy & Eggs,Yes,322.26,14.3,3.75,19.0,3.0,5.0
ORD002402,Zepto,Hyderabad,38.0,Personal Care,No,366.01,26.6,6.28,15.0,3.0,3.0
ORD002403,Swiggy Instamart,Chennai,57.0,Beverages,No,252.12,10.5,7.53,17.0,3.0,5.0
ORD002404,Zepto,Delhi,50.0,Household Essentials,No,237.57,25.3,3.87,12.0,3.0,5.0
ORD002405,JioMart Express,Bangalore,44.0,Dairy & Eggs,No,642.56,23.8,4.93,13.0,4.0,
ORD002406,Dunzo,Bangalore,52.0,Beverages,No,210.62,15.5,1.11,16.0,5.0,3.0
ORD002407,Blinkit,Ahmedabad,33.0,Dairy & Eggs,Yes,333.13,25.9,6.17,15.0,2.0,4.0
ORD002408,Blinkit,Delhi,45.0,Dairy & Eggs,No,741.89,13.8,3.89,11.0,5.0,4.0
ORD002409,Swiggy Instamart,Delhi,51.0,Dairy & Eggs,No,326.48,9.9,4.62,5.0,2.0,4.0
ORD002410,BigBasket Now,Delhi,64.0,Groceries,No,663.31,24.3,4.51,18.0,1.0,4.0
ORD002411,JioMart Express,Hyderabad,18.0,Beverages,No,282.98,15.9,6.51,13.0,4.0,4.0
ORD002412,Swiggy Instamart,Delhi,58.0,Dairy & Eggs,No,214.71,20.9,5.94,11.0,5.0,5.0
ORD002413,BigBasket Now,Pune,48.0,Meat & Seafood,No,154.95,34.1,4.51,10.0,3.0,4.0
ORD002414,Zepto,Delhi,53.0,Meat & Seafood,No,886.81,12.3,0.66,15.0,3.0,3.0
ORD002415,JioMart Express,Pune,61.0,Baby Care,Yes,203.95,15.5,6.4,7.0,3.0,5.0
ORD002416,Zepto,Mumbai,50.0,Personal Care,No,631.64,30.8,8.86,12.0,5.0,3.0
ORD002417,Dunzo,Hyderabad,50.0,Fruits & Vegetables,No,221.41,21.5,7.81,18.0,3.0,2.0
ORD002418,JioMart Express,Pune,56.0,Baby Care,Yes,889.3,12.4,9.83,6.0,4.0,5.0
ORD002419,BigBasket Now,Mumbai,35.0,Groceries,Yes,1516.36,11.2,1.82,9.0,5.0,3.0
ORD002420,Dunzo,Ahmedabad,40.0,Meat & Seafood,No,146.65,13.3,2.61,16.0,4.0,3.0
ORD002421,Blinkit,Bangalore,40.0,Beverages,Yes,210.43,12.2,5.62,8.0,5.0,4.0
ORD002422,BigBasket Now,Ahmedabad,32.0,Personal Care,No,641.54,18.1,2.74,12.0,5.0,1.0
ORD002423,Swiggy Instamart,Chennai,43.0,Personal Care,No,548.85,17.0,0.83,19.0,4.0,
ORD002424,Blinkit,Delhi,47.0,Fruits & Vegetables,No,643.01,18.4,4.32,16.0,4.0,4.0
ORD002425,Blinkit,Mumbai,42.0,Beverages,No,285.93,11.7,3.23,4.0,3.0,4.0
ORD002426,Swiggy Instamart,Delhi,62.0,Bakery,No,1329.45,16.0,3.01,16.0,5.0,3.0
ORD002427,JioMart Express,Mumbai,33.0,Fruits & Vegetables,Yes,433.04,7.2,9.56,7.0,3.0,5.0
ORD002428,Blinkit,Mumbai,56.0,Personal Care,Yes,194.38,17.4,2.77,13.0,5.0,3.0
ORD002429,BigBasket Now,Mumbai,62.0,Groceries,Yes,346.58,26.3,1.73,12.0,3.0,4.0
ORD002430,Dunzo,Bangalore,31.0,Household Essentials,Yes,195.95,9.3,1.69,1.0,3.0,5.0
ORD002431,Blinkit,Kolkata,34.0,Household Essentials,No,1047.92,20.0,8.16,11.0,2.0,4.0
ORD002432,BigBasket Now,Mumbai,29.0,Meat & Seafood,No,271.46,12.9,7.29,17.0,4.0,3.0
ORD002433,Zepto,Mumbai,46.0,Personal Care,Yes,542.12,22.7,1.73,6.0,3.0,2.0
ORD002434,BigBasket Now,Hyderabad,49.0,Groceries,Yes,304.17,17.5,2.59,2.0,2.0,5.0
ORD002435,Dunzo,Mumbai,41.0,Fruits & Vegetables,No,278.88,19.3,7.6,3.0,3.0,5.0
ORD002436,BigBasket Now,Mumbai,30.0,Groceries,No,128.23,16.9,3.11,2.0,3.0,5.0
ORD002437,Swiggy Instamart,Mumbai,37.0,Snacks & Munchies,Yes,577.61,28.0,9.82,18.0,4.0,4.0
ORD002438,Dunzo,Pune,32.0,Fruits & Vegetables,No,879.64,18.9,5.64,13.0,4.0,4.0
ORD002439,JioMart Express,Kolkata,21.0,Dairy & Eggs,Yes,232.86,12.4,2.32,19.0,2.0,2.0
ORD002440,Zepto,Delhi,51.0,Fruits & Vegetables,Yes,159.63,17.1,8.66,7.0,,5.0
ORD002441,Swiggy Instamart,Hyderabad,45.0,Meat & Seafood,Yes,653.27,14.2,3.54,16.0,5.0,4.0
ORD002442,JioMart Express,Bangalore,19.0,Household Essentials,No,150.24,17.5,3.24,16.0,4.0,4.0
ORD002443,BigBasket Now,Chennai,64.0,Fruits & Vegetables,Yes,838.59,13.9,3.61,10.0,5.0,4.0
ORD002444,Dunzo,Chennai,47.0,Dairy & Eggs,Yes,234.48,12.5,7.8,7.0,2.0,2.0
ORD002445,Zepto,Hyderabad,43.0,Snacks & Munchies,Yes,208.1,17.8,2.15,16.0,5.0,3.0
ORD002446,Swiggy Instamart,Delhi,64.0,Groceries,No,468.29,16.8,4.13,10.0,4.0,4.0
ORD002447,JioMart Express,Mumbai,43.0,Beverages,Yes,216.4,25.2,0.79,14.0,4.0,
ORD002448,JioMart Express,Bangalore,37.0,Household Essentials,Yes,263.94,13.9,8.35,9.0,4.0,3.0
ORD002449,Zepto,Pune,59.0,Groceries,Yes,498.89,7.4,3.74,4.0,3.0,4.0
ORD002450,BigBasket Now,,45.0,Snacks & Munchies,Yes,100.0,14.2,2.86,12.0,3.0,4.0
ORD002451,Zepto,Kolkata,37.0,Beverages,No,1080.79,8.6,6.01,17.0,4.0,
ORD002452,JioMart Express,Ahmedabad,28.0,Personal Care,Yes,414.13,19.4,7.2,8.0,1.0,1.0
ORD002453,Blinkit,Mumbai,27.0,Baby Care,Yes,185.72,8.4,8.22,4.0,4.0,5.0
ORD002454,Swiggy Instamart,Chennai,40.0,Meat & Seafood,No,219.13,11.1,3.8,8.0,5.0,1.0
ORD002455,Zepto,Chennai,54.0,Groceries,Yes,731.42,14.2,8.22,9.0,4.0,1.0
ORD002456,JioMart Express,Ahmedabad,58.0,Bakery,Yes,578.61,30.5,4.92,12.0,3.0,3.0
ORD002457,BigBasket Now,Ahmedabad,36.0,Beverages,Yes,927.11,10.7,1.46,16.0,3.0,3.0
ORD002458,JioMart Express,Chennai,62.0,Personal Care,No,267.83,16.5,8.54,8.0,,4.0
ORD002459,BigBasket Now,Delhi,35.0,Bakery,No,482.0,20.7,5.7,15.0,2.0,5.0
ORD002460,Zepto,Kolkata,44.0,Baby Care,No,521.1,29.8,6.22,17.0,3.0,4.0
ORD002461,BigBasket Now,Mumbai,23.0,Baby Care,No,612.26,22.4,9.41,13.0,1.0,5.0
ORD002462,Dunzo,Kolkata,27.0,Household Essentials,No,793.43,25.5,5.81,14.0,3.0,5.0
ORD002463,Dunzo,Pune,19.0,Bakery,No,262.34,23.2,0.55,15.0,3.0,3.0
ORD002464,Dunzo,Bangalore,41.0,Household Essentials,No,376.72,10.1,8.77,9.0,5.0,4.0
ORD002465,Blinkit,Hyderabad,55.0,Household Essentials,Yes,279.75,19.0,3.21,12.0,5.0,4.0
ORD002466,Zepto,Bangalore,45.0,Household Essentials,Yes,390.89,23.1,5.27,19.0,3.0,4.0
ORD002467,JioMart Express,Bangalore,45.0,Household Essentials,No,613.43,11.2,2.45,9.0,3.0,5.0
ORD002468,JioMart Express,Delhi,62.0,Personal Care,No,149.54,13.0,3.32,13.0,4.0,5.0
ORD002469,Blinkit,Chennai,56.0,Meat & Seafood,No,784.95,11.9,7.02,18.0,2.0,4.0
ORD002470,BigBasket Now,Pune,19.0,Fruits & Vegetables,No,203.67,22.4,4.58,4.0,4.0,2.0
ORD002471,Blinkit,Ahmedabad,63.0,Personal Care,No,335.49,16.0,6.46,1.0,4.0,1.0
ORD002472,BigBasket Now,Mumbai,22.0,Snacks & Munchies,Yes,850.96,14.5,8.32,3.0,3.0,4.0
ORD002473,BigBasket Now,Pune,28.0,Household Essentials,Yes,491.18,9.8,3.74,11.0,5.0,2.0
ORD002474,Swiggy Instamart,Chennai,27.0,Beverages,No,494.58,16.0,5.9,2.0,5.0,5.0
ORD002475,JioMart Express,Delhi,60.0,Beverages,Yes,198.67,13.1,7.89,,5.0,4.0
ORD002476,Dunzo,Mumbai,19.0,Bakery,No,215.63,18.1,7.29,,3.0,4.0
ORD002477,BigBasket Now,Delhi,32.0,Bakery,No,709.64,10.4,5.63,10.0,5.0,4.0
ORD002478,Swiggy Instamart,Pune,56.0,Snacks & Munchies,No,283.3,17.7,4.14,9.0,4.0,5.0
ORD002479,JioMart Express,Hyderabad,58.0,Personal Care,Yes,299.78,13.8,4.37,14.0,4.0,5.0
ORD002480,Dunzo,Chennai,54.0,Beverages,No,719.37,10.0,4.61,16.0,5.0,5.0
ORD002481,BigBasket Now,Delhi,24.0,Dairy & Eggs,Yes,214.87,9.7,3.81,,5.0,
ORD002482,BigBasket Now,Chennai,37.0,Dairy & Eggs,Yes,474.16,10.3,7.14,4.0,5.0,2.0
ORD002483,Blinkit,Mumbai,51.0,Fruits & Vegetables,No,413.95,15.1,1.69,18.0,,4.0
ORD002484,Blinkit,Delhi,52.0,Dairy & Eggs,Yes,402.78,17.3,9.69,2.0,4.0,4.0
ORD002485,JioMart Express,Hyderabad,51.0,Groceries,Yes,295.58,18.3,7.9,10.0,4.0,5.0
ORD002486,Dunzo,Mumbai,39.0,Household Essentials,Yes,284.89,18.6,3.33,12.0,5.0,4.0
ORD002487,BigBasket Now,Kolkata,48.0,Snacks & Munchies,No,211.24,12.1,0.9,7.0,4.0,
ORD002488,JioMart Express,Delhi,40.0,Bakery,Yes,538.94,25.1,7.26,16.0,4.0,
ORD002489,JioMart Express,Hyderabad,36.0,Groceries,No,270.19,13.8,7.48,17.0,4.0,4.0
ORD002490,Zepto,,21.0,Meat & Seafood,No,721.44,19.7,9.65,14.0,2.0,4.0
ORD002491,Blinkit,Hyderabad,41.0,Household Essentials,No,352.58,15.4,2.91,18.0,5.0,3.0
ORD002492,Dunzo,Mumbai,37.0,Beverages,No,213.78,19.1,1.29,1.0,2.0,2.0
ORD002493,BigBasket Now,Mumbai,56.0,Household Essentials,Yes,349.78,15.1,9.19,2.0,4.0,5.0
ORD002494,JioMart Express,Pune,45.0,Bakery,Yes,315.29,19.2,2.96,14.0,5.0,5.0
ORD002495,BigBasket Now,Delhi,56.0,Baby Care,Yes,739.12,16.4,7.35,6.0,4.0,4.0
ORD002496,Zepto,Kolkata,34.0,Baby Care,Yes,323.31,22.8,1.08,15.0,5.0,4.0
ORD002497,Dunzo,Ahmedabad,36.0,Groceries,No,341.82,11.9,7.73,4.0,5.0,
ORD002498,JioMart Express,Delhi,52.0,Personal Care,Yes,940.99,8.1,1.71,9.0,2.0,4.0
ORD002499,BigBasket Now,Delhi,49.0,Beverages,Yes,547.28,11.1,7.11,15.0,4.0,3.0
ORD002500,Blinkit,Hyderabad,64.0,Bakery,No,1094.03,25.2,5.56,5.0,4.0,5.0
ORD002501,Zepto,Ahmedabad,63.0,Bakery,No,858.71,15.5,9.58,6.0,4.0,4.0
ORD002502,Dunzo,Pune,64.0,Bakery,No,236.92,17.1,0.85,11.0,4.0,4.0
ORD002503,Zepto,Bangalore,63.0,Dairy & Eggs,No,730.68,10.8,3.27,13.0,4.0,1.0
ORD002504,Blinkit,Kolkata,56.0,Bakery,No,1007.45,16.9,1.16,12.0,3.0,4.0
ORD002505,Dunzo,Mumbai,52.0,Baby Care,No,1012.0,10.9,8.85,,4.0,3.0
ORD002506,Zepto,Ahmedabad,47.0,Meat & Seafood,Yes,729.86,11.6,6.14,12.0,1.0,4.0
ORD002507,Swiggy Instamart,Ahmedabad,34.0,Snacks & Munchies,No,720.91,14.0,5.58,10.0,2.0,4.0
ORD002508,Blinkit,Mumbai,59.0,Household Essentials,No,336.43,19.6,1.75,3.0,4.0,4.0
ORD002509,Blinkit,Delhi,64.0,Snacks & Munchies,Yes,244.1,20.5,5.15,2.0,4.0,3.0
ORD002510,Blinkit,Mumbai,46.0,Baby Care,Yes,326.58,20.7,4.29,1.0,2.0,5.0
ORD002511,Swiggy Instamart,Delhi,23.0,Baby Care,No,148.58,8.7,3.5,6.0,5.0,4.0
ORD002512,Swiggy Instamart,Kolkata,34.0,Meat & Seafood,No,902.96,16.4,7.84,13.0,,4.0
ORD002513,BigBasket Now,Delhi,34.0,Fruits & Vegetables,Yes,340.37,15.2,1.08,10.0,5.0,4.0
ORD002514,JioMart Express,Mumbai,31.0,Groceries,Yes,875.5,8.9,6.64,13.0,4.0,4.0
ORD002515,Zepto,Delhi,41.0,Dairy & Eggs,No,192.69,16.6,8.32,5.0,2.0,4.0
ORD002516,BigBasket Now,Ahmedabad,54.0,Personal Care,No,772.46,14.9,9.12,8.0,5.0,5.0
ORD002517,Zepto,Hyderabad,57.0,Bakery,Yes,299.79,20.2,7.59,11.0,4.0,5.0
ORD002518,JioMart Express,Bangalore,56.0,Bakery,Yes,186.68,17.0,3.18,19.0,4.0,4.0
ORD002519,Swiggy Instamart,Mumbai,49.0,Meat & Seafood,No,1070.92,13.2,6.2,19.0,4.0,4.0
ORD002520,JioMart Express,Ahmedabad,53.0,Fruits & Vegetables,Yes,783.98,23.8,1.84,4.0,3.0,2.0
ORD002521,Swiggy Instamart,Kolkata,54.0,Bakery,No,458.09,6.8,1.61,10.0,3.0,2.0
ORD002522,JioMart Express,Delhi,31.0,Dairy & Eggs,Yes,411.73,16.0,6.57,9.0,1.0,4.0
ORD002523,BigBasket Now,Mumbai,44.0,Groceries,Yes,525.16,8.1,8.59,7.0,4.0,5.0
ORD002524,Dunzo,Mumbai,36.0,Dairy & Eggs,Yes,453.4,11.4,1.14,18.0,5.0,4.0
ORD002525,BigBasket Now,Mumbai,48.0,Fruits & Vegetables,Yes,250.79,20.3,1.51,9.0,5.0,4.0
ORD002526,Zepto,Hyderabad,63.0,Baby Care,Yes,315.06,9.9,5.87,6.0,1.0,3.0
ORD002527,BigBasket Now,Pune,26.0,Dairy & Eggs,Yes,1308.23,9.3,2.57,6.0,5.0,4.0
ORD002528,Blinkit,Bangalore,55.0,Snacks & Munchies,No,2004.79,42.6,6.31,13.0,4.0,4.0
ORD002529,Zepto,Kolkata,34.0,Dairy & Eggs,Yes,1030.3,9.5,2.54,17.0,3.0,5.0
ORD002530,JioMart Express,Bangalore,36.0,Baby Care,No,537.5,31.8,1.61,15.0,5.0,
ORD002531,Zepto,Chennai,61.0,Bakery,Yes,329.43,15.4,5.68,9.0,3.0,4.0
ORD002532,Dunzo,Chennai,21.0,Household Essentials,No,249.91,13.3,8.69,6.0,3.0,5.0
ORD002533,Swiggy Instamart,Mumbai,28.0,Household Essentials,Yes,259.99,20.6,7.01,,3.0,5.0
ORD002534,JioMart Express,Delhi,39.0,Household Essentials,Yes,289.47,28.1,8.28,5.0,4.0,
ORD002535,Zepto,Hyderabad,21.0,Bakery,No,1466.59,10.4,3.03,3.0,2.0,4.0
ORD002536,JioMart Express,Mumbai,34.0,Meat & Seafood,No,1192.45,13.4,8.92,16.0,5.0,5.0
ORD002537,JioMart Express,Delhi,25.0,Groceries,No,631.29,23.1,4.08,2.0,4.0,5.0
ORD002538,JioMart Express,,63.0,Groceries,No,226.7,18.5,8.6,3.0,4.0,5.0
ORD002539,Swiggy Instamart,Ahmedabad,51.0,Bakery,No,689.41,25.6,4.98,9.0,1.0,5.0
ORD002540,BigBasket Now,Bangalore,28.0,Dairy & Eggs,Yes,349.61,20.2,3.04,19.0,5.0,5.0
ORD002541,JioMart Express,Kolkata,48.0,Personal Care,No,110.85,33.9,2.97,14.0,4.0,3.0
ORD002542,Blinkit,Bangalore,28.0,Groceries,No,479.27,17.7,5.89,14.0,4.0,2.0
ORD002543,Dunzo,Kolkata,55.0,Snacks & Munchies,No,243.44,18.0,1.25,17.0,5.0,4.0
ORD002544,Swiggy Instamart,Hyderabad,38.0,Snacks & Munchies,No,248.43,18.7,9.34,8.0,2.0,4.0
ORD002545,Zepto,Pune,63.0,Beverages,Yes,347.15,15.5,3.08,17.0,4.0,3.0
ORD002546,Swiggy Instamart,Bangalore,47.0,Snacks & Munchies,Yes,299.17,23.1,3.69,17.0,4.0,4.0
ORD002547,Zepto,Hyderabad,27.0,Groceries,No,395.22,18.1,2.72,7.0,4.0,2.0
ORD002548,Swiggy Instamart,Hyderabad,43.0,Personal Care,No,383.98,22.5,0.53,9.0,3.0,1.0
ORD002549,Zepto,Bangalore,44.0,Baby Care,No,130.91,24.0,7.08,4.0,3.0,4.0
ORD002550,JioMart Express,Mumbai,25.0,Household Essentials,No,1004.42,19.5,6.11,10.0,3.0,3.0
ORD002551,BigBasket Now,Mumbai,56.0,Dairy & Eggs,Yes,223.63,20.1,8.19,4.0,5.0,5.0
ORD002552,Zepto,Mumbai,25.0,Baby Care,Yes,227.82,11.0,0.89,5.0,3.0,5.0
ORD002553,Zepto,Pune,25.0,Personal Care,Yes,331.25,13.2,9.32,2.0,3.0,4.0
ORD002554,Blinkit,Delhi,51.0,Meat & Seafood,No,378.04,23.0,3.64,15.0,5.0,4.0
ORD002555,Zepto,Delhi,33.0,Household Essentials,No,968.15,29.1,9.17,9.0,4.0,1.0
ORD002556,Blinkit,Chennai,58.0,Beverages,Yes,474.21,7.6,1.52,9.0,4.0,4.0
ORD002557,Dunzo,Delhi,30.0,Meat & Seafood,No,566.73,13.1,7.57,1.0,4.0,5.0
ORD002558,JioMart Express,Bangalore,40.0,Groceries,Yes,475.67,16.6,6.0,12.0,4.0,4.0
ORD002559,Blinkit,Mumbai,29.0,Personal Care,Yes,463.53,11.6,3.9,13.0,4.0,3.0
ORD002560,BigBasket Now,Ahmedabad,44.0,Household Essentials,No,485.82,11.8,1.25,13.0,1.0,5.0
ORD002561,JioMart Express,Pune,39.0,Beverages,Yes,126.51,19.9,6.24,14.0,5.0,5.0
ORD002562,Blinkit,Pune,49.0,Dairy & Eggs,No,347.25,31.0,0.75,10.0,3.0,3.0
ORD002563,JioMart Express,Bangalore,44.0,Dairy & Eggs,No,810.26,7.3,5.26,17.0,,3.0
ORD002564,JioMart Express,,19.0,Bakery,No,3000.0,15.4,6.24,17.0,3.0,4.0
ORD002565,JioMart Express,,62.0,Groceries,Yes,195.86,19.8,7.46,14.0,5.0,2.0
ORD002566,Dunzo,Mumbai,50.0,Snacks & Munchies,No,520.01,22.5,9.92,17.0,4.0,5.0
ORD002567,BigBasket Now,Mumbai,43.0,Personal Care,No,286.4,18.7,2.97,19.0,5.0,5.0
ORD002568,Swiggy Instamart,Hyderabad,45.0,Beverages,No,1378.28,33.3,3.56,3.0,4.0,4.0
ORD002569,Swiggy Instamart,Bangalore,36.0,Beverages,No,179.06,16.6,3.74,4.0,2.0,5.0
ORD002570,Blinkit,Bangalore,60.0,Snacks & Munchies,Yes,586.96,27.8,7.45,11.0,3.0,4.0
ORD002571,JioMart Express,Mumbai,22.0,Snacks & Munchies,Yes,173.41,12.7,9.35,16.0,4.0,4.0
ORD002572,Blinkit,Bangalore,50.0,Meat & Seafood,No,333.24,16.8,9.76,13.0,3.0,4.0
ORD002573,Dunzo,Chennai,37.0,Household Essentials,No,395.21,10.1,9.49,18.0,3.0,5.0
ORD002574,Dunzo,Bangalore,47.0,Meat & Seafood,Yes,766.48,23.6,8.85,11.0,5.0,5.0
ORD002575,Zepto,Chennai,62.0,Fruits & Vegetables,Yes,211.39,15.7,9.91,11.0,5.0,2.0
ORD002576,Dunzo,Delhi,25.0,Fruits & Vegetables,No,600.66,19.0,4.07,9.0,3.0,4.0
ORD002577,Zepto,Kolkata,55.0,Groceries,Yes,408.0,14.5,9.51,2.0,,4.0
ORD002578,BigBasket Now,Hyderabad,34.0,Bakery,Yes,475.17,20.8,7.73,3.0,4.0,5.0
ORD002579,Blinkit,Delhi,61.0,Personal Care,Yes,716.95,19.3,2.1,14.0,1.0,4.0
ORD002580,BigBasket Now,Delhi,18.0,Beverages,Yes,186.88,11.0,0.93,16.0,4.0,4.0
ORD002581,Dunzo,Hyderabad,20.0,Household Essentials,No,656.13,11.3,2.54,8.0,3.0,5.0
ORD002582,BigBasket Now,Kolkata,63.0,Dairy & Eggs,Yes,286.76,16.3,7.9,16.0,3.0,4.0
ORD002583,BigBasket Now,Bangalore,43.0,Dairy & Eggs,Yes,778.62,21.4,6.5,4.0,3.0,3.0
ORD002584,BigBasket Now,Delhi,48.0,Baby Care,Yes,493.11,34.6,2.63,9.0,5.0,5.0
ORD002585,Dunzo,Pune,25.0,Snacks & Munchies,Yes,355.77,18.6,7.55,4.0,4.0,2.0
ORD002586,JioMart Express,Hyderabad,60.0,Groceries,No,283.15,24.6,1.84,13.0,,1.0
ORD002587,BigBasket Now,Bangalore,63.0,Baby Care,Yes,661.15,8.6,8.31,2.0,3.0,3.0
ORD002588,Zepto,Bangalore,25.0,Baby Care,No,859.69,36.8,8.04,18.0,3.0,3.0
ORD002589,Dunzo,Delhi,52.0,Bakery,Yes,293.03,21.0,9.74,5.0,5.0,4.0
ORD002590,BigBasket Now,Hyderabad,56.0,Personal Care,Yes,204.42,16.1,1.93,17.0,4.0,4.0
ORD002591,JioMart Express,Delhi,45.0,Beverages,Yes,611.87,15.4,9.11,10.0,,4.0
ORD002592,Dunzo,Ahmedabad,21.0,Household Essentials,Yes,169.17,10.6,3.74,4.0,2.0,3.0
ORD002593,Swiggy Instamart,Bangalore,33.0,Dairy & Eggs,No,184.32,11.8,4.45,6.0,5.0,3.0
ORD002594,JioMart Express,Bangalore,30.0,Dairy & Eggs,No,213.23,35.3,4.95,10.0,,4.0
ORD002595,Zepto,Hyderabad,37.0,Dairy & Eggs,No,314.42,11.1,6.46,17.0,3.0,4.0
ORD002596,BigBasket Now,Pune,22.0,Fruits & Vegetables,Yes,180.95,11.0,9.95,5.0,4.0,3.0
ORD002597,Swiggy Instamart,Kolkata,54.0,Personal Care,Yes,126.06,12.4,6.2,7.0,5.0,3.0
ORD002598,Swiggy Instamart,Bangalore,37.0,Groceries,Yes,204.13,10.2,9.3,,1.0,2.0
ORD002599,Dunzo,Chennai,41.0,Dairy & Eggs,No,593.17,16.5,2.92,8.0,5.0,1.0
ORD002600,Swiggy Instamart,Hyderabad,53.0,Bakery,Yes,188.12,25.4,4.28,1.0,4.0,2.0
ORD002601,Zepto,,51.0,Dairy & Eggs,Yes,328.93,12.9,5.29,2.0,3.0,5.0
ORD002602,Zepto,Mumbai,62.0,Groceries,Yes,1297.27,9.5,3.57,16.0,3.0,4.0
ORD002603,Blinkit,Bangalore,51.0,Fruits & Vegetables,Yes,391.7,18.5,9.78,8.0,4.0,1.0
ORD002604,Zepto,,36.0,Bakery,No,495.48,16.1,7.39,15.0,3.0,4.0
ORD002605,JioMart Express,Pune,34.0,Baby Care,No,228.69,24.6,5.05,11.0,4.0,4.0
ORD002606,Swiggy Instamart,Delhi,22.0,Groceries,No,1477.47,13.7,7.64,16.0,5.0,4.0
ORD002607,Zepto,Ahmedabad,42.0,Baby Care,No,291.55,14.8,4.94,7.0,4.0,2.0
ORD002608,Dunzo,Bangalore,35.0,Snacks & Munchies,No,351.83,15.5,0.66,17.0,4.0,5.0
ORD002609,Blinkit,Hyderabad,25.0,Meat & Seafood,Yes,889.12,17.0,5.66,3.0,2.0,4.0
ORD002610,Swiggy Instamart,Bangalore,44.0,Dairy & Eggs,No,361.75,14.1,6.44,15.0,5.0,4.0
ORD002611,Blinkit,Mumbai,32.0,Groceries,Yes,415.19,13.2,9.82,4.0,3.0,4.0
ORD002612,Swiggy Instamart,Delhi,62.0,Meat & Seafood,Yes,340.69,7.8,0.89,3.0,3.0,3.0
ORD002613,Dunzo,Mumbai,30.0,Household Essentials,No,342.1,13.1,5.36,11.0,4.0,5.0
ORD002614,Blinkit,Hyderabad,33.0,Bakery,No,503.86,21.9,1.43,2.0,5.0,4.0
ORD002615,BigBasket Now,Bangalore,39.0,Personal Care,No,562.15,23.1,1.92,7.0,5.0,2.0
ORD002616,JioMart Express,Kolkata,37.0,Snacks & Munchies,No,274.25,13.6,6.3,15.0,5.0,4.0
ORD002617,JioMart Express,Delhi,30.0,Household Essentials,Yes,254.77,27.7,2.7,14.0,5.0,5.0
ORD002618,Swiggy Instamart,Mumbai,37.0,Household Essentials,Yes,279.92,16.3,7.62,7.0,4.0,4.0
ORD002619,BigBasket Now,Bangalore,19.0,Snacks & Munchies,Yes,174.03,9.6,5.38,17.0,3.0,3.0
ORD002620,Blinkit,Pune,52.0,Baby Care,No,155.36,8.5,2.57,10.0,4.0,4.0
ORD002621,BigBasket Now,Chennai,64.0,Groceries,No,482.17,26.8,5.19,18.0,1.0,3.0
ORD002622,BigBasket Now,Bangalore,36.0,Beverages,Yes,708.51,14.2,0.51,14.0,3.0,4.0
ORD002623,Blinkit,Bangalore,62.0,Dairy & Eggs,Yes,680.36,10.1,8.7,6.0,1.0,4.0
ORD002624,Dunzo,Mumbai,54.0,Bakery,No,100.0,6.7,0.62,19.0,3.0,5.0
ORD002625,BigBasket Now,Ahmedabad,23.0,Fruits & Vegetables,No,348.26,14.0,0.57,10.0,4.0,
ORD002626,BigBasket Now,Hyderabad,31.0,Groceries,No,208.25,19.3,6.31,17.0,4.0,4.0
ORD002627,Dunzo,Delhi,21.0,Dairy & Eggs,Yes,439.77,12.4,9.75,19.0,4.0,5.0
ORD002628,BigBasket Now,Hyderabad,39.0,Groceries,No,313.97,10.8,8.63,17.0,5.0,5.0
ORD002629,BigBasket Now,Mumbai,56.0,Household Essentials,No,575.45,13.2,2.89,14.0,4.0,4.0
ORD002630,BigBasket Now,Ahmedabad,53.0,Beverages,Yes,398.82,27.0,2.37,7.0,5.0,1.0
ORD002631,JioMart Express,Mumbai,51.0,Fruits & Vegetables,No,129.33,9.4,6.45,19.0,4.0,5.0
ORD002632,Zepto,Hyderabad,44.0,Groceries,No,225.82,12.7,8.32,7.0,3.0,3.0
ORD002633,Dunzo,Delhi,24.0,Dairy & Eggs,Yes,404.83,26.7,3.94,12.0,2.0,2.0
ORD002634,BigBasket Now,Chennai,20.0,Fruits & Vegetables,No,425.84,20.0,4.61,6.0,4.0,3.0
ORD002635,JioMart Express,Kolkata,64.0,Fruits & Vegetables,No,173.57,17.7,1.6,8.0,,4.0
ORD002636,Dunzo,Chennai,50.0,Personal Care,No,160.47,12.7,1.95,9.0,3.0,5.0
ORD002637,Swiggy Instamart,Hyderabad,19.0,Bakery,Yes,417.28,16.6,5.9,18.0,5.0,4.0
ORD002638,Swiggy Instamart,Pune,59.0,Household Essentials,No,173.78,13.3,1.48,10.0,4.0,1.0
ORD002639,BigBasket Now,Mumbai,33.0,Personal Care,Yes,148.24,11.7,2.42,16.0,2.0,4.0
ORD002640,JioMart Express,Delhi,42.0,Dairy & Eggs,No,308.87,10.7,2.73,17.0,4.0,4.0
ORD002641,JioMart Express,,32.0,Dairy & Eggs,No,300.95,22.5,4.72,1.0,4.0,5.0
ORD002642,Dunzo,Ahmedabad,41.0,Baby Care,Yes,238.16,16.1,0.93,7.0,1.0,4.0
ORD002643,Dunzo,Bangalore,32.0,Groceries,Yes,264.48,18.6,5.25,9.0,4.0,2.0
ORD002644,JioMart Express,Chennai,48.0,Groceries,No,406.79,17.5,9.32,12.0,5.0,4.0
ORD002645,Dunzo,Chennai,31.0,Baby Care,Yes,261.88,19.6,0.73,1.0,4.0,2.0
ORD002646,JioMart Express,,31.0,Meat & Seafood,No,420.91,14.9,6.49,10.0,3.0,1.0
ORD002647,Zepto,Delhi,23.0,Snacks & Munchies,No,321.09,13.6,8.44,10.0,5.0,
ORD002648,JioMart Express,Delhi,31.0,Groceries,No,446.12,11.9,3.47,10.0,3.0,4.0
ORD002649,Swiggy Instamart,Bangalore,34.0,Snacks & Munchies,No,683.29,9.3,1.75,7.0,3.0,4.0
ORD002650,Dunzo,Delhi,35.0,Groceries,Yes,667.51,10.5,0.91,15.0,4.0,4.0
ORD002651,JioMart Express,Mumbai,37.0,Bakery,Yes,873.87,14.2,6.62,10.0,5.0,
ORD002652,JioMart Express,Pune,34.0,Meat & Seafood,No,667.07,8.7,5.75,16.0,4.0,2.0
ORD002653,Dunzo,Ahmedabad,33.0,Beverages,No,465.51,9.5,2.68,16.0,4.0,3.0
ORD002654,Zepto,Delhi,57.0,Meat & Seafood,Yes,311.05,24.9,8.4,1.0,5.0,3.0
ORD002655,Zepto,Delhi,56.0,Dairy & Eggs,No,319.69,18.0,7.49,,5.0,5.0
ORD002656,Dunzo,,49.0,Baby Care,No,238.25,13.7,3.13,19.0,3.0,5.0
ORD002657,Blinkit,Chennai,61.0,Dairy & Eggs,Yes,404.53,40.8,7.66,18.0,5.0,4.0
ORD002658,Dunzo,Kolkata,26.0,Beverages,No,613.04,8.5,2.83,3.0,5.0,2.0
ORD002659,Dunzo,Mumbai,44.0,Personal Care,No,261.02,24.3,6.92,15.0,3.0,2.0
ORD002660,Zepto,Mumbai,63.0,Dairy & Eggs,Yes,394.52,15.7,1.63,6.0,3.0,5.0
ORD002661,Zepto,Kolkata,50.0,Dairy & Eggs,Yes,268.7,22.5,7.08,10.0,5.0,5.0
ORD002662,Dunzo,Hyderabad,27.0,Dairy & Eggs,No,457.42,17.2,2.77,3.0,3.0,1.0
ORD002663,Dunzo,Mumbai,34.0,Fruits & Vegetables,No,290.14,7.8,5.94,10.0,3.0,5.0
ORD002664,Dunzo,Hyderabad,53.0,Snacks & Munchies,Yes,258.86,17.1,2.14,16.0,5.0,4.0
ORD002665,Zepto,Delhi,34.0,Meat & Seafood,Yes,268.28,18.8,7.4,4.0,5.0,3.0
ORD002666,Dunzo,Delhi,35.0,Personal Care,Yes,545.66,6.8,1.08,1.0,2.0,2.0
ORD002667,Dunzo,Chennai,40.0,Meat & Seafood,No,380.68,35.8,2.07,18.0,4.0,5.0
ORD002668,BigBasket Now,Kolkata,51.0,Bakery,Yes,311.98,18.6,2.25,4.0,4.0,4.0
ORD002669,Blinkit,Bangalore,25.0,Snacks & Munchies,Yes,471.94,21.5,0.89,5.0,4.0,5.0
ORD002670,Swiggy Instamart,Ahmedabad,30.0,Personal Care,No,314.6,10.3,7.58,4.0,5.0,3.0
ORD002671,Blinkit,Bangalore,40.0,Bakery,No,793.07,21.7,9.82,19.0,4.0,4.0
ORD002672,BigBasket Now,Kolkata,37.0,Household Essentials,No,224.91,25.4,7.89,19.0,4.0,2.0
ORD002673,Swiggy Instamart,Bangalore,39.0,Fruits & Vegetables,Yes,360.62,18.2,8.68,3.0,5.0,2.0
ORD002674,Dunzo,Pune,64.0,Dairy & Eggs,Yes,173.67,16.4,0.56,13.0,2.0,3.0
ORD002675,BigBasket Now,Pune,40.0,Fruits & Vegetables,Yes,327.63,11.5,1.62,18.0,2.0,5.0
ORD002676,Dunzo,Mumbai,58.0,Meat & Seafood,No,147.26,15.1,5.81,6.0,,4.0
ORD002677,Zepto,Pune,52.0,Personal Care,No,631.31,13.4,9.79,6.0,4.0,3.0
ORD002678,JioMart Express,Kolkata,20.0,Bakery,Yes,639.0,20.7,6.78,6.0,2.0,4.0
ORD002679,BigBasket Now,Kolkata,51.0,Beverages,Yes,645.81,11.7,4.05,17.0,3.0,5.0
ORD002680,Zepto,Delhi,50.0,Bakery,No,410.48,20.6,1.89,17.0,4.0,3.0
ORD002681,BigBasket Now,Kolkata,63.0,Fruits & Vegetables,No,237.95,11.8,1.95,5.0,5.0,5.0
ORD002682,BigBasket Now,Pune,34.0,Dairy & Eggs,No,249.58,14.8,3.95,17.0,2.0,5.0
ORD002683,Zepto,Delhi,62.0,Beverages,No,1010.4,21.0,7.28,9.0,4.0,4.0
ORD002684,Swiggy Instamart,Ahmedabad,36.0,Meat & Seafood,No,954.71,12.4,0.8,2.0,3.0,4.0
ORD002685,Blinkit,Mumbai,47.0,Beverages,No,434.21,21.3,8.6,19.0,4.0,4.0
ORD002686,Dunzo,Mumbai,40.0,Snacks & Munchies,No,296.08,20.5,9.44,9.0,4.0,3.0
ORD002687,BigBasket Now,Bangalore,32.0,Household Essentials,No,917.06,14.8,8.94,8.0,5.0,4.0
ORD002688,Dunzo,Hyderabad,31.0,Dairy & Eggs,No,265.95,26.2,9.17,19.0,1.0,3.0
ORD002689,JioMart Express,Hyderabad,19.0,Fruits & Vegetables,No,462.81,17.0,0.65,13.0,4.0,
ORD002690,Zepto,Mumbai,56.0,Personal Care,Yes,907.94,25.6,9.79,4.0,3.0,5.0
ORD002691,Dunzo,Ahmedabad,35.0,Baby Care,Yes,244.25,33.7,3.98,6.0,4.0,1.0
ORD002692,Zepto,Mumbai,23.0,Beverages,No,663.5,14.9,8.76,4.0,5.0,4.0
ORD002693,Dunzo,Mumbai,49.0,Groceries,No,551.33,21.3,2.27,11.0,5.0,4.0
ORD002694,Blinkit,Mumbai,38.0,Baby Care,No,393.98,12.7,4.74,10.0,4.0,5.0
ORD002695,Blinkit,Hyderabad,57.0,Meat & Seafood,Yes,222.28,10.9,0.92,16.0,5.0,4.0
ORD002696,Blinkit,Pune,45.0,Groceries,No,261.21,15.2,0.88,18.0,3.0,4.0
ORD002697,Blinkit,Hyderabad,44.0,Groceries,Yes,479.94,9.5,9.46,19.0,1.0,3.0
ORD002698,Blinkit,Kolkata,19.0,Groceries,No,171.74,11.3,8.2,12.0,5.0,4.0
ORD002699,Blinkit,Mumbai,50.0,Bakery,Yes,436.35,20.8,5.53,14.0,2.0,3.0
ORD002700,Zepto,Bangalore,33.0,Baby Care,Yes,558.15,13.4,5.49,18.0,1.0,3.0
ORD002701,BigBasket Now,Bangalore,56.0,Meat & Seafood,Yes,728.61,21.9,7.61,1.0,,4.0
ORD002702,Dunzo,Bangalore,39.0,Fruits & Vegetables,No,174.34,18.5,3.75,13.0,4.0,4.0
ORD002703,Blinkit,Mumbai,60.0,Household Essentials,Yes,888.69,34.5,7.74,3.0,2.0,5.0
ORD002704,Zepto,Chennai,64.0,Meat & Seafood,Yes,1115.68,20.3,5.11,14.0,5.0,4.0
ORD002705,Zepto,Bangalore,30.0,Fruits & Vegetables,Yes,515.99,25.7,6.56,18.0,4.0,4.0
ORD002706,Zepto,Chennai,19.0,Fruits & Vegetables,Yes,216.41,19.3,9.67,19.0,4.0,5.0
ORD002707,BigBasket Now,Bangalore,31.0,Groceries,No,331.34,18.6,4.98,1.0,3.0,5.0
ORD002708,Dunzo,Mumbai,55.0,Dairy & Eggs,Yes,392.07,26.2,4.47,15.0,4.0,4.0
ORD002709,BigBasket Now,Hyderabad,58.0,Baby Care,Yes,474.51,21.5,9.1,16.0,5.0,4.0
ORD002710,Swiggy Instamart,Mumbai,45.0,Fruits & Vegetables,No,408.78,17.9,9.07,10.0,5.0,5.0
ORD002711,Zepto,Pune,24.0,Baby Care,No,477.56,17.9,9.93,4.0,5.0,4.0
ORD002712,Swiggy Instamart,Hyderabad,35.0,Snacks & Munchies,No,382.05,20.4,5.73,11.0,4.0,5.0
ORD002713,JioMart Express,Mumbai,58.0,Bakery,No,472.99,12.6,3.77,16.0,5.0,2.0
ORD002714,Blinkit,Ahmedabad,53.0,Household Essentials,No,306.03,12.4,2.78,5.0,3.0,
ORD002715,Blinkit,Bangalore,58.0,Snacks & Munchies,Yes,329.34,29.1,0.82,19.0,1.0,3.0
ORD002716,BigBasket Now,Mumbai,53.0,Fruits & Vegetables,No,285.54,34.7,7.4,11.0,5.0,2.0
ORD002717,Dunzo,Hyderabad,61.0,Meat & Seafood,No,1274.56,11.3,2.72,18.0,3.0,5.0
ORD002718,Swiggy Instamart,Delhi,21.0,Baby Care,No,971.01,12.6,6.26,15.0,2.0,4.0
ORD002719,Dunzo,Kolkata,47.0,Snacks & Munchies,No,562.94,26.0,9.21,2.0,5.0,4.0
ORD002720,BigBasket Now,Kolkata,41.0,Baby Care,No,893.53,20.4,9.53,13.0,5.0,4.0
ORD002721,Blinkit,Ahmedabad,37.0,Bakery,Yes,651.37,21.6,0.54,12.0,2.0,3.0
ORD002722,Dunzo,Bangalore,63.0,Meat & Seafood,Yes,449.78,23.5,3.51,14.0,5.0,1.0
ORD002723,Dunzo,Bangalore,48.0,Snacks & Munchies,No,163.47,14.9,8.46,1.0,5.0,4.0
ORD002724,Blinkit,Chennai,41.0,Baby Care,No,344.71,18.8,5.6,12.0,5.0,3.0
ORD002725,Swiggy Instamart,Mumbai,24.0,Meat & Seafood,Yes,329.96,18.2,8.17,13.0,4.0,4.0
ORD002726,Blinkit,Bangalore,43.0,Groceries,No,204.42,11.7,8.61,3.0,5.0,
ORD002727,Dunzo,Bangalore,30.0,Beverages,No,165.39,18.7,4.7,3.0,5.0,2.0
ORD002728,Swiggy Instamart,Mumbai,25.0,Groceries,Yes,542.2,27.0,3.91,1.0,4.0,
ORD002729,Swiggy Instamart,Bangalore,22.0,Household Essentials,No,490.15,14.4,4.83,11.0,4.0,5.0
ORD002730,Blinkit,Pune,61.0,Fruits & Vegetables,No,200.25,17.5,6.7,4.0,4.0,5.0
ORD002731,Dunzo,Pune,30.0,Dairy & Eggs,Yes,257.87,17.9,3.99,11.0,4.0,2.0
ORD002732,BigBasket Now,Mumbai,46.0,Beverages,No,809.76,14.7,7.86,2.0,5.0,2.0
ORD002733,Dunzo,Mumbai,37.0,Fruits & Vegetables,Yes,238.26,21.6,9.09,19.0,3.0,4.0
ORD002734,Zepto,Delhi,31.0,Snacks & Munchies,No,446.96,12.5,3.18,12.0,2.0,4.0
ORD002735,JioMart Express,Pune,49.0,Household Essentials,Yes,360.01,28.0,9.67,13.0,5.0,5.0
ORD002736,BigBasket Now,Mumbai,44.0,Bakery,No,546.66,21.1,6.42,17.0,3.0,4.0
ORD002737,Swiggy Instamart,Chennai,42.0,Household Essentials,Yes,241.37,11.3,8.84,19.0,4.0,5.0
ORD002738,BigBasket Now,Mumbai,21.0,Baby Care,Yes,425.83,32.4,1.49,4.0,2.0,4.0
ORD002739,Swiggy Instamart,Hyderabad,38.0,Household Essentials,No,446.41,17.6,2.89,6.0,4.0,
ORD002740,Swiggy Instamart,Delhi,35.0,Snacks & Munchies,Yes,463.18,12.3,3.55,3.0,5.0,4.0
ORD002741,BigBasket Now,Kolkata,56.0,Bakery,No,423.03,25.6,3.38,11.0,5.0,
ORD002742,Swiggy Instamart,Delhi,32.0,Bakery,No,496.09,20.0,2.13,12.0,3.0,3.0
ORD002743,Swiggy Instamart,Hyderabad,55.0,Personal Care,No,1502.77,8.1,8.75,12.0,5.0,1.0
ORD002744,Zepto,Delhi,41.0,Household Essentials,No,1875.78,13.3,4.48,18.0,3.0,2.0
ORD002745,Dunzo,Chennai,25.0,Groceries,Yes,274.92,18.4,9.65,14.0,4.0,4.0
ORD002746,Dunzo,Pune,45.0,Personal Care,Yes,100.39,6.9,6.04,11.0,4.0,4.0
ORD002747,JioMart Express,Mumbai,38.0,Personal Care,No,576.69,17.0,1.81,17.0,5.0,2.0
ORD002748,JioMart Express,Pune,33.0,Snacks & Munchies,No,451.13,17.5,5.69,16.0,2.0,4.0
ORD002749,Zepto,Hyderabad,33.0,Beverages,Yes,762.52,10.2,9.94,3.0,4.0,
ORD002750,JioMart Express,Mumbai,52.0,Groceries,No,478.63,18.3,5.87,4.0,4.0,5.0
ORD002751,BigBasket Now,Bangalore,34.0,Bakery,No,417.87,16.5,0.52,8.0,2.0,5.0
ORD002752,Blinkit,Mumbai,26.0,Household Essentials,No,794.21,10.2,9.36,11.0,5.0,5.0
ORD002753,Blinkit,Chennai,52.0,Personal Care,No,863.74,23.8,2.73,13.0,4.0,5.0
ORD002754,Blinkit,Chennai,46.0,Fruits & Vegetables,No,175.57,23.0,7.04,12.0,5.0,4.0
ORD002755,Zepto,Mumbai,56.0,Fruits & Vegetables,No,247.16,14.6,5.39,5.0,3.0,4.0
ORD002756,Zepto,,35.0,Personal Care,No,378.66,15.2,3.59,16.0,5.0,3.0
ORD002757,Swiggy Instamart,Kolkata,29.0,Baby Care,Yes,427.97,22.0,3.19,1.0,5.0,4.0
ORD002758,Blinkit,Pune,36.0,Household Essentials,No,352.27,15.2,9.32,9.0,4.0,3.0
ORD002759,BigBasket Now,Bangalore,39.0,Snacks & Munchies,No,523.49,7.6,9.16,14.0,4.0,4.0
ORD002760,JioMart Express,Ahmedabad,32.0,Bakery,No,733.38,20.0,5.37,8.0,5.0,1.0
ORD002761,BigBasket Now,Bangalore,18.0,Personal Care,No,1134.14,11.9,2.96,3.0,5.0,3.0
ORD002762,JioMart Express,Bangalore,19.0,Groceries,Yes,570.98,14.1,1.47,7.0,4.0,3.0
ORD002763,Blinkit,Kolkata,25.0,Personal Care,No,241.92,29.5,1.99,4.0,4.0,5.0
ORD002764,Blinkit,Bangalore,39.0,Meat & Seafood,No,369.29,15.6,5.46,15.0,5.0,3.0
ORD002765,Blinkit,Bangalore,42.0,Bakery,Yes,385.6,16.5,3.42,12.0,1.0,5.0
ORD002766,Zepto,Bangalore,19.0,Beverages,Yes,549.38,20.2,0.9,9.0,,2.0
ORD002767,JioMart Express,Kolkata,26.0,Bakery,No,509.23,20.1,4.82,18.0,5.0,4.0
ORD002768,Zepto,Kolkata,26.0,Groceries,Yes,1380.55,11.4,7.59,13.0,5.0,3.0
ORD002769,Zepto,Bangalore,30.0,Meat & Seafood,Yes,305.85,16.1,8.97,3.0,5.0,3.0
ORD002770,Dunzo,Delhi,23.0,Beverages,Yes,508.19,16.7,6.06,7.0,2.0,5.0
ORD002771,BigBasket Now,Bangalore,47.0,Dairy & Eggs,No,1657.1,18.3,7.37,19.0,5.0,3.0
ORD002772,BigBasket Now,Hyderabad,32.0,Groceries,No,283.97,18.5,3.96,8.0,4.0,3.0
ORD002773,Swiggy Instamart,Delhi,32.0,Fruits & Vegetables,Yes,440.14,46.3,5.21,11.0,3.0,4.0
ORD002774,Zepto,Kolkata,24.0,Baby Care,No,228.85,10.3,7.43,5.0,4.0,5.0
ORD002775,JioMart Express,Bangalore,28.0,Bakery,No,423.8,24.3,7.41,16.0,5.0,5.0
ORD002776,Dunzo,Delhi,57.0,Dairy & Eggs,Yes,252.62,26.4,4.53,3.0,2.0,5.0
ORD002777,Dunzo,Mumbai,55.0,Meat & Seafood,Yes,756.03,20.0,5.66,1.0,5.0,4.0
ORD002778,BigBasket Now,Delhi,57.0,Dairy & Eggs,No,440.71,12.7,9.28,10.0,5.0,
ORD002779,Zepto,Ahmedabad,19.0,Snacks & Munchies,No,230.16,32.0,6.5,10.0,1.0,4.0
ORD002780,Swiggy Instamart,Delhi,56.0,Household Essentials,No,668.04,6.8,6.6,16.0,5.0,4.0
ORD002781,Zepto,Mumbai,27.0,Bakery,Yes,449.35,12.5,7.95,11.0,5.0,3.0
ORD002782,Blinkit,Bangalore,61.0,Household Essentials,Yes,714.58,26.3,1.59,19.0,,4.0
ORD002783,Zepto,Delhi,34.0,Fruits & Vegetables,No,202.63,14.2,5.47,13.0,3.0,3.0
ORD002784,Blinkit,Mumbai,24.0,Dairy & Eggs,Yes,503.35,31.1,9.61,15.0,4.0,
ORD002785,Blinkit,Delhi,57.0,Meat & Seafood,No,641.63,9.0,3.94,10.0,3.0,3.0
ORD002786,Swiggy Instamart,Bangalore,56.0,Fruits & Vegetables,Yes,312.93,10.5,3.3,4.0,5.0,3.0
ORD002787,JioMart Express,Hyderabad,21.0,Household Essentials,Yes,189.54,13.3,6.21,19.0,4.0,4.0
ORD002788,BigBasket Now,Delhi,52.0,Dairy & Eggs,Yes,393.48,19.4,2.6,15.0,5.0,2.0
ORD002789,Zepto,Bangalore,64.0,Fruits & Vegetables,Yes,842.92,15.0,5.78,6.0,5.0,1.0
ORD002790,Blinkit,Ahmedabad,53.0,Groceries,Yes,792.79,13.5,1.98,17.0,3.0,3.0
ORD002791,Zepto,Delhi,48.0,Personal Care,Yes,311.98,29.0,6.01,13.0,4.0,3.0
ORD002792,JioMart Express,Delhi,42.0,Baby Care,No,186.82,30.1,6.22,17.0,4.0,3.0
ORD002793,BigBasket Now,Delhi,58.0,Beverages,No,311.47,13.9,4.47,15.0,4.0,5.0
ORD002794,JioMart Express,Bangalore,30.0,Groceries,Yes,304.57,8.3,4.14,7.0,4.0,4.0
ORD002795,BigBasket Now,Chennai,35.0,Fruits & Vegetables,No,527.35,6.9,2.83,11.0,3.0,4.0
ORD002796,Dunzo,Delhi,38.0,Meat & Seafood,Yes,378.8,18.1,3.64,18.0,2.0,4.0
ORD002797,BigBasket Now,Chennai,18.0,Snacks & Munchies,Yes,256.73,21.4,5.23,19.0,2.0,5.0
ORD002798,Swiggy Instamart,Mumbai,53.0,Personal Care,No,782.55,16.9,2.85,8.0,5.0,1.0
ORD002799,JioMart Express,Bangalore,25.0,Beverages,No,438.89,16.0,7.94,18.0,3.0,5.0
ORD002800,Blinkit,Kolkata,38.0,Groceries,No,523.87,11.9,7.24,10.0,2.0,5.0
ORD002801,Dunzo,Delhi,60.0,Snacks & Munchies,Yes,143.31,21.4,3.06,18.0,4.0,2.0
ORD002802,Swiggy Instamart,Hyderabad,38.0,Snacks & Munchies,No,100.0,32.2,1.43,17.0,2.0,4.0
ORD002803,Zepto,Delhi,44.0,Snacks & Munchies,No,170.28,6.8,0.5,9.0,2.0,1.0
ORD002804,JioMart Express,Chennai,36.0,Personal Care,Yes,302.38,15.9,6.17,3.0,4.0,1.0
ORD002805,Blinkit,Mumbai,40.0,Dairy & Eggs,Yes,570.1,11.2,2.51,15.0,4.0,3.0
ORD002806,BigBasket Now,Pune,60.0,Groceries,No,100.0,9.1,0.62,12.0,1.0,5.0
ORD002807,Blinkit,Mumbai,52.0,Dairy & Eggs,No,1049.12,10.5,3.91,17.0,4.0,4.0
ORD002808,Zepto,,57.0,Bakery,Yes,446.9,19.1,9.64,6.0,4.0,4.0
ORD002809,Dunzo,Delhi,59.0,Personal Care,Yes,912.49,19.3,7.05,9.0,4.0,4.0
ORD002810,Dunzo,Chennai,22.0,Snacks & Munchies,Yes,237.08,29.5,8.65,10.0,5.0,4.0
ORD002811,JioMart Express,Delhi,58.0,Snacks & Munchies,No,545.83,16.5,1.88,3.0,3.0,3.0
ORD002812,Dunzo,Pune,25.0,Personal Care,No,424.59,8.1,1.2,6.0,4.0,5.0
ORD002813,JioMart Express,Mumbai,28.0,Bakery,Yes,658.93,15.0,0.61,13.0,5.0,4.0
ORD002814,JioMart Express,Mumbai,33.0,Baby Care,Yes,350.63,9.4,9.58,14.0,5.0,4.0
ORD002815,JioMart Express,Bangalore,56.0,Meat & Seafood,No,535.89,10.1,3.35,4.0,5.0,4.0
ORD002816,BigBasket Now,Mumbai,64.0,Baby Care,No,781.58,20.7,4.87,,4.0,5.0
ORD002817,Swiggy Instamart,Mumbai,41.0,Dairy & Eggs,No,272.95,17.8,4.25,19.0,4.0,5.0
ORD002818,JioMart Express,Ahmedabad,38.0,Personal Care,Yes,466.54,20.8,7.44,16.0,4.0,3.0
ORD002819,JioMart Express,Ahmedabad,40.0,Meat & Seafood,No,129.97,14.3,3.44,7.0,5.0,4.0
ORD002820,Swiggy Instamart,Delhi,55.0,Baby Care,No,614.93,22.6,5.59,5.0,5.0,3.0
ORD002821,Blinkit,Pune,64.0,Dairy & Eggs,Yes,1303.49,13.9,9.96,12.0,3.0,5.0
ORD002822,JioMart Express,Bangalore,25.0,Fruits & Vegetables,No,191.2,25.7,4.72,15.0,3.0,4.0
ORD002823,BigBasket Now,Delhi,24.0,Household Essentials,No,381.9,18.9,5.74,1.0,4.0,
ORD002824,Dunzo,Chennai,19.0,Meat & Seafood,No,684.23,15.1,5.27,6.0,3.0,4.0
ORD002825,Dunzo,Hyderabad,47.0,Beverages,No,411.11,17.9,8.13,19.0,5.0,3.0
ORD002826,Zepto,Ahmedabad,30.0,Meat & Seafood,No,445.44,16.3,3.03,5.0,3.0,
ORD002827,Zepto,Delhi,40.0,Dairy & Eggs,Yes,319.07,31.1,2.12,9.0,3.0,
ORD002828,Dunzo,Chennai,46.0,Snacks & Munchies,Yes,312.03,18.1,7.66,7.0,5.0,1.0
ORD002829,Dunzo,Mumbai,55.0,Dairy & Eggs,No,382.98,16.4,4.45,9.0,2.0,2.0
ORD002830,BigBasket Now,,54.0,Groceries,No,413.64,14.9,9.18,16.0,3.0,3.0
ORD002831,Swiggy Instamart,Mumbai,37.0,Snacks & Munchies,No,198.57,23.0,6.62,5.0,4.0,4.0
ORD002832,Zepto,Ahmedabad,50.0,Dairy & Eggs,Yes,387.76,21.8,5.86,10.0,4.0,5.0
ORD002833,Swiggy Instamart,Kolkata,46.0,Baby Care,No,1033.93,14.7,1.17,15.0,3.0,3.0
ORD002834,BigBasket Now,Kolkata,32.0,Household Essentials,No,313.73,10.4,7.44,15.0,4.0,1.0
ORD002835,Dunzo,Bangalore,40.0,Dairy & Eggs,No,192.03,11.5,7.02,13.0,3.0,5.0
ORD002836,JioMart Express,Delhi,59.0,Baby Care,No,368.39,15.3,6.58,18.0,4.0,5.0
ORD002837,Swiggy Instamart,Mumbai,20.0,Beverages,No,262.76,28.2,3.05,7.0,4.0,4.0
ORD002838,Dunzo,Delhi,54.0,Groceries,Yes,180.73,14.9,9.49,8.0,5.0,3.0
ORD002839,Dunzo,Delhi,46.0,Fruits & Vegetables,Yes,438.56,13.0,3.56,8.0,,5.0
ORD002840,Blinkit,Chennai,62.0,Groceries,Yes,263.44,8.1,1.95,11.0,4.0,1.0
ORD002841,Swiggy Instamart,Bangalore,25.0,Snacks & Munchies,No,277.32,30.1,9.88,9.0,4.0,5.0
ORD002842,JioMart Express,Mumbai,39.0,Household Essentials,Yes,442.33,20.6,7.59,6.0,2.0,5.0
ORD002843,Swiggy Instamart,,46.0,Groceries,No,160.79,22.6,4.44,2.0,3.0,4.0
ORD002844,Dunzo,Mumbai,19.0,Meat & Seafood,Yes,141.89,24.2,9.39,5.0,5.0,3.0
ORD002845,JioMart Express,Bangalore,58.0,Fruits & Vegetables,No,603.37,15.4,1.37,4.0,3.0,1.0
ORD002846,BigBasket Now,Pune,62.0,Snacks & Munchies,No,126.66,17.0,1.33,15.0,4.0,5.0
ORD002847,Blinkit,Hyderabad,18.0,Meat & Seafood,No,224.53,29.8,6.98,7.0,2.0,5.0
ORD002848,Dunzo,Kolkata,61.0,Snacks & Munchies,No,137.02,17.7,2.19,1.0,5.0,4.0
ORD002849,Zepto,Bangalore,37.0,Meat & Seafood,Yes,301.36,20.8,9.21,19.0,5.0,1.0
ORD002850,Zepto,Delhi,38.0,Bakery,Yes,521.57,23.3,8.48,18.0,4.0,4.0
ORD002851,Blinkit,Mumbai,54.0,Household Essentials,No,431.56,21.3,3.41,2.0,4.0,5.0
ORD002852,BigBasket Now,Pune,25.0,Baby Care,No,1694.47,15.6,8.94,13.0,4.0,5.0
ORD002853,Dunzo,Kolkata,44.0,Groceries,No,774.45,16.2,0.91,14.0,5.0,2.0
ORD002854,Swiggy Instamart,Mumbai,64.0,Beverages,No,230.74,22.4,5.71,3.0,1.0,4.0
ORD002855,Blinkit,Bangalore,52.0,Meat & Seafood,No,196.72,22.4,9.39,16.0,4.0,2.0
ORD002856,BigBasket Now,Bangalore,23.0,Bakery,Yes,2046.76,26.2,8.63,14.0,4.0,5.0
ORD002857,Swiggy Instamart,Hyderabad,62.0,Household Essentials,No,763.22,20.5,3.88,15.0,4.0,4.0
ORD002858,Zepto,,61.0,Beverages,Yes,574.57,20.9,2.24,3.0,3.0,5.0
ORD002859,Zepto,Hyderabad,36.0,Groceries,Yes,421.96,13.8,2.5,2.0,3.0,2.0
ORD002860,Swiggy Instamart,Bangalore,35.0,Bakery,Yes,475.38,13.0,5.39,3.0,5.0,2.0
ORD002861,Blinkit,Mumbai,18.0,Beverages,Yes,165.8,22.5,6.17,9.0,2.0,4.0
ORD002862,Zepto,Mumbai,42.0,Fruits & Vegetables,Yes,443.29,13.1,0.81,8.0,4.0,5.0
ORD002863,Dunzo,Mumbai,44.0,Personal Care,No,421.04,16.3,4.43,19.0,3.0,3.0
ORD002864,JioMart Express,Mumbai,24.0,Snacks & Munchies,No,234.51,28.5,8.39,15.0,3.0,4.0
ORD002865,Swiggy Instamart,Chennai,61.0,Snacks & Munchies,Yes,292.04,26.8,4.72,12.0,,4.0
ORD002866,Swiggy Instamart,Chennai,59.0,Dairy & Eggs,No,1001.35,18.6,2.11,14.0,5.0,5.0
ORD002867,Zepto,Mumbai,46.0,Fruits & Vegetables,Yes,374.24,14.6,9.57,18.0,4.0,4.0
ORD002868,Blinkit,Kolkata,48.0,Personal Care,Yes,1397.87,15.7,3.03,2.0,5.0,2.0
ORD002869,Dunzo,Mumbai,61.0,Dairy & Eggs,No,141.97,23.3,8.09,11.0,4.0,4.0
ORD002870,Blinkit,Delhi,60.0,Beverages,No,294.93,16.2,2.34,1.0,4.0,5.0
ORD002871,BigBasket Now,Delhi,53.0,Dairy & Eggs,Yes,159.43,13.2,4.52,19.0,4.0,5.0
ORD002872,BigBasket Now,Delhi,36.0,Meat & Seafood,Yes,195.26,26.7,5.16,14.0,5.0,4.0
ORD002873,JioMart Express,Delhi,23.0,Fruits & Vegetables,No,245.45,17.7,5.26,9.0,4.0,5.0
ORD002874,Zepto,Bangalore,42.0,Bakery,Yes,487.45,13.1,5.41,3.0,4.0,2.0
ORD002875,Zepto,Bangalore,48.0,Bakery,No,473.47,19.9,2.64,14.0,4.0,4.0
ORD002876,Zepto,Ahmedabad,26.0,Personal Care,No,268.39,24.3,5.4,3.0,3.0,5.0
ORD002877,JioMart Express,Mumbai,37.0,Groceries,Yes,105.99,11.0,5.08,4.0,3.0,3.0
ORD002878,BigBasket Now,Mumbai,27.0,Bakery,No,979.08,15.2,2.48,2.0,2.0,5.0
ORD002879,Blinkit,Mumbai,54.0,Fruits & Vegetables,Yes,339.86,14.9,9.89,2.0,5.0,4.0
ORD002880,JioMart Express,Hyderabad,44.0,Household Essentials,No,206.48,19.7,8.72,15.0,3.0,4.0
ORD002881,JioMart Express,Mumbai,30.0,Snacks & Munchies,No,475.78,21.2,8.93,13.0,4.0,3.0
ORD002882,Blinkit,Kolkata,58.0,Household Essentials,No,456.08,13.2,7.01,,5.0,3.0
ORD002883,Zepto,Bangalore,19.0,Dairy & Eggs,No,332.42,9.1,2.02,14.0,4.0,4.0
ORD002884,Dunzo,Bangalore,38.0,Baby Care,No,441.03,24.8,5.9,17.0,2.0,4.0
ORD002885,Blinkit,Hyderabad,50.0,Meat & Seafood,Yes,201.74,10.5,8.3,15.0,5.0,3.0
ORD002886,BigBasket Now,Mumbai,41.0,Baby Care,No,636.48,18.3,0.87,14.0,3.0,5.0
ORD002887,Swiggy Instamart,,61.0,Fruits & Vegetables,No,221.82,15.6,5.21,19.0,4.0,2.0
ORD002888,Swiggy Instamart,Delhi,59.0,Baby Care,Yes,280.52,17.5,4.26,2.0,4.0,5.0
ORD002889,JioMart Express,Hyderabad,51.0,Household Essentials,No,595.43,31.8,2.52,4.0,3.0,3.0
ORD002890,Swiggy Instamart,Delhi,26.0,Groceries,Yes,830.79,55.4,4.09,8.0,,4.0
ORD002891,Dunzo,Mumbai,19.0,Fruits & Vegetables,No,1044.68,8.6,9.84,,3.0,4.0
ORD002892,Zepto,Ahmedabad,47.0,Snacks & Munchies,No,760.12,24.4,7.37,13.0,,4.0
ORD002893,BigBasket Now,Mumbai,39.0,Personal Care,No,332.14,15.4,3.35,18.0,3.0,5.0
ORD002894,Dunzo,Kolkata,63.0,Fruits & Vegetables,No,160.03,25.0,6.25,17.0,5.0,5.0
ORD002895,BigBasket Now,Kolkata,28.0,Beverages,Yes,937.33,24.1,2.84,13.0,4.0,3.0
ORD002896,BigBasket Now,Delhi,60.0,Snacks & Munchies,No,918.2,28.9,6.3,12.0,5.0,4.0
ORD002897,Zepto,Mumbai,34.0,Fruits & Vegetables,Yes,269.57,18.4,9.01,7.0,4.0,4.0
ORD002898,JioMart Express,Mumbai,53.0,Beverages,No,701.14,11.5,5.79,16.0,4.0,5.0
ORD002899,Swiggy Instamart,Chennai,30.0,Snacks & Munchies,No,330.53,23.8,7.47,14.0,3.0,5.0
ORD002900,Zepto,Hyderabad,24.0,Dairy & Eggs,No,993.04,17.2,4.81,5.0,3.0,4.0
ORD002901,Dunzo,,33.0,Bakery,No,296.21,15.0,5.48,11.0,4.0,4.0
ORD002902,JioMart Express,Pune,50.0,Meat & Seafood,No,1322.38,13.6,7.1,8.0,5.0,3.0
ORD002903,Dunzo,Chennai,62.0,Bakery,Yes,646.56,24.6,8.22,9.0,1.0,5.0
ORD002904,JioMart Express,Mumbai,18.0,Household Essentials,Yes,1186.22,31.2,6.76,18.0,4.0,5.0
ORD002905,Dunzo,Delhi,28.0,Personal Care,Yes,305.43,10.2,9.79,,2.0,5.0
ORD002906,Zepto,Kolkata,23.0,Bakery,No,514.41,21.1,8.29,7.0,4.0,4.0
ORD002907,JioMart Express,Delhi,37.0,Fruits & Vegetables,No,225.53,14.2,7.88,8.0,,4.0
ORD002908,JioMart Express,Mumbai,52.0,Dairy & Eggs,No,669.41,9.1,8.53,15.0,5.0,4.0
ORD002909,BigBasket Now,Chennai,61.0,Baby Care,No,691.89,17.4,3.17,19.0,2.0,4.0
ORD002910,BigBasket Now,Bangalore,54.0,Household Essentials,No,1699.71,11.8,4.6,,3.0,4.0
ORD002911,Blinkit,Pune,58.0,Bakery,Yes,538.74,8.7,5.86,7.0,4.0,5.0
ORD002912,Dunzo,Hyderabad,43.0,Groceries,Yes,622.94,12.0,4.89,4.0,5.0,1.0
ORD002913,BigBasket Now,Mumbai,29.0,Personal Care,Yes,304.14,10.9,8.55,15.0,4.0,1.0
ORD002914,Blinkit,Ahmedabad,47.0,Baby Care,No,558.26,12.7,0.76,2.0,4.0,5.0
ORD002915,BigBasket Now,Delhi,45.0,Meat & Seafood,Yes,321.2,9.7,2.49,12.0,4.0,5.0
ORD002916,Dunzo,Delhi,44.0,Fruits & Vegetables,No,432.47,14.0,8.88,6.0,2.0,4.0
ORD002917,JioMart Express,Bangalore,59.0,Dairy & Eggs,No,447.96,12.4,1.06,6.0,5.0,5.0
ORD002918,Swiggy Instamart,Mumbai,36.0,Snacks & Munchies,No,326.56,19.1,2.66,14.0,3.0,5.0
ORD002919,Dunzo,Bangalore,22.0,Bakery,Yes,418.96,20.9,3.84,6.0,5.0,4.0
ORD002920,Zepto,Mumbai,22.0,Groceries,Yes,322.09,18.2,7.63,1.0,4.0,2.0
ORD002921,BigBasket Now,Bangalore,58.0,Personal Care,Yes,321.23,15.0,5.82,6.0,4.0,5.0
ORD002922,BigBasket Now,Delhi,44.0,Meat & Seafood,No,769.7,14.8,9.57,18.0,2.0,5.0
ORD002923,JioMart Express,Kolkata,45.0,Bakery,Yes,448.2,11.8,2.66,16.0,5.0,4.0
ORD002924,Zepto,Kolkata,43.0,Meat & Seafood,No,496.83,11.9,8.79,1.0,3.0,3.0
ORD002925,JioMart Express,Mumbai,44.0,Baby Care,No,168.28,21.8,3.19,19.0,,5.0
ORD002926,Zepto,,59.0,Baby Care,Yes,520.13,8.1,2.83,18.0,5.0,
ORD002927,Swiggy Instamart,Delhi,38.0,Household Essentials,No,554.6,15.9,5.23,,,1.0
ORD002928,BigBasket Now,Mumbai,18.0,Bakery,No,317.66,14.4,1.18,19.0,3.0,2.0
ORD002929,BigBasket Now,Kolkata,45.0,Dairy & Eggs,No,1409.54,20.9,4.15,17.0,5.0,5.0
ORD002930,Swiggy Instamart,Chennai,32.0,Personal Care,Yes,102.15,9.3,3.88,18.0,3.0,1.0
ORD002931,Blinkit,Mumbai,34.0,Snacks & Munchies,Yes,645.88,16.5,2.02,4.0,5.0,3.0
ORD002932,JioMart Express,Delhi,43.0,Snacks & Munchies,Yes,618.74,18.9,8.68,18.0,3.0,4.0
ORD002933,Swiggy Instamart,Mumbai,37.0,Fruits & Vegetables,Yes,558.33,7.7,4.17,5.0,4.0,3.0
ORD002934,JioMart Express,Hyderabad,42.0,Fruits & Vegetables,No,448.42,10.7,9.83,12.0,,3.0
ORD002935,Dunzo,Mumbai,30.0,Personal Care,No,561.39,15.9,9.05,15.0,1.0,4.0
ORD002936,BigBasket Now,Ahmedabad,50.0,Bakery,No,679.19,20.2,2.35,15.0,3.0,3.0
ORD002937,JioMart Express,Kolkata,42.0,Bakery,Yes,260.99,17.7,5.3,3.0,2.0,5.0
ORD002938,Zepto,Bangalore,25.0,Baby Care,Yes,482.76,20.6,6.22,3.0,5.0,4.0
ORD002939,JioMart Express,Hyderabad,22.0,Groceries,No,361.41,10.7,8.28,11.0,5.0,3.0
ORD002940,Dunzo,Pune,23.0,Fruits & Vegetables,Yes,209.29,8.7,8.91,14.0,1.0,3.0
ORD002941,BigBasket Now,Hyderabad,40.0,Groceries,Yes,620.36,17.0,6.43,7.0,3.0,1.0
ORD002942,Swiggy Instamart,Mumbai,47.0,Bakery,No,287.55,10.1,0.83,18.0,4.0,1.0
ORD002943,Dunzo,Delhi,31.0,Fruits & Vegetables,Yes,164.23,11.6,5.07,6.0,4.0,5.0
ORD002944,BigBasket Now,Kolkata,40.0,Snacks & Munchies,No,291.94,23.9,8.91,6.0,5.0,
ORD002945,JioMart Express,Hyderabad,28.0,Meat & Seafood,Yes,249.8,17.7,7.28,11.0,4.0,4.0
ORD002946,Blinkit,Hyderabad,48.0,Fruits & Vegetables,No,747.76,13.1,8.77,3.0,4.0,5.0
ORD002947,Blinkit,Pune,23.0,Bakery,No,442.27,12.4,6.9,14.0,4.0,4.0
ORD002948,Zepto,Pune,28.0,Bakery,Yes,924.66,21.1,0.92,12.0,4.0,4.0
ORD002949,BigBasket Now,Pune,30.0,Meat & Seafood,No,270.44,17.9,9.7,14.0,3.0,5.0
ORD002950,Blinkit,Mumbai,29.0,Groceries,No,681.64,10.1,9.22,15.0,4.0,5.0
ORD002951,Swiggy Instamart,Bangalore,19.0,Personal Care,No,2216.7,7.5,1.7,9.0,2.0,5.0
ORD002952,BigBasket Now,Chennai,52.0,Meat & Seafood,Yes,499.51,34.9,1.57,19.0,4.0,4.0
ORD002953,Swiggy Instamart,Chennai,53.0,Snacks & Munchies,No,676.54,10.1,5.62,12.0,4.0,5.0
ORD002954,Swiggy Instamart,Hyderabad,34.0,Bakery,Yes,611.62,20.3,7.69,7.0,5.0,5.0
ORD002955,Blinkit,Mumbai,45.0,Dairy & Eggs,No,171.87,30.1,4.13,17.0,3.0,4.0
ORD002956,BigBasket Now,Kolkata,45.0,Snacks & Munchies,No,573.35,17.4,1.8,14.0,4.0,4.0
ORD002957,JioMart Express,Chennai,39.0,Groceries,No,484.87,12.9,5.35,15.0,3.0,2.0
ORD002958,Dunzo,Mumbai,55.0,Meat & Seafood,No,345.21,9.3,3.71,14.0,4.0,4.0
ORD002959,Blinkit,Bangalore,24.0,Bakery,Yes,237.36,9.2,3.84,19.0,5.0,3.0
ORD002960,Blinkit,Mumbai,32.0,Bakery,Yes,611.79,19.1,6.63,19.0,5.0,3.0
ORD002961,JioMart Express,Delhi,49.0,Meat & Seafood,No,225.1,29.4,8.91,14.0,5.0,2.0
ORD002962,BigBasket Now,Mumbai,28.0,Personal Care,No,1451.26,14.0,5.81,8.0,5.0,4.0
ORD002963,BigBasket Now,Bangalore,41.0,Meat & Seafood,Yes,432.03,13.2,7.03,13.0,5.0,4.0
ORD002964,Swiggy Instamart,Bangalore,20.0,Fruits & Vegetables,No,193.64,21.7,6.77,4.0,,4.0
ORD002965,JioMart Express,Hyderabad,47.0,Beverages,No,296.37,12.5,5.74,12.0,3.0,3.0
ORD002966,JioMart Express,Hyderabad,23.0,Personal Care,No,341.42,18.4,3.45,1.0,4.0,5.0
ORD002967,BigBasket Now,Kolkata,19.0,Beverages,Yes,1715.44,16.7,4.09,5.0,5.0,
ORD002968,Swiggy Instamart,Delhi,31.0,Groceries,Yes,237.28,14.0,3.5,4.0,4.0,4.0
ORD002969,Blinkit,Mumbai,58.0,Baby Care,No,376.26,16.3,9.22,16.0,3.0,3.0
ORD002970,Zepto,Pune,35.0,Snacks & Munchies,No,292.16,33.3,8.35,19.0,5.0,5.0
ORD002971,Dunzo,Mumbai,61.0,Household Essentials,No,544.33,20.9,6.0,19.0,4.0,4.0
ORD002972,Blinkit,Ahmedabad,48.0,Meat & Seafood,Yes,294.97,25.5,9.17,3.0,4.0,5.0
ORD002973,BigBasket Now,Kolkata,30.0,Snacks & Munchies,No,203.68,11.4,8.92,16.0,5.0,3.0
ORD002974,Dunzo,Bangalore,43.0,Household Essentials,No,358.82,25.5,9.31,7.0,5.0,4.0
ORD002975,Zepto,Ahmedabad,61.0,Groceries,Yes,337.09,21.2,2.61,5.0,5.0,2.0
ORD002976,Zepto,Mumbai,29.0,Groceries,No,282.78,9.0,7.32,1.0,5.0,3.0
ORD002977,Swiggy Instamart,Delhi,35.0,Baby Care,No,291.99,20.4,6.29,11.0,4.0,
ORD002978,Dunzo,Hyderabad,26.0,Personal Care,No,821.24,13.4,7.47,17.0,4.0,5.0
ORD002979,Swiggy Instamart,Delhi,38.0,Snacks & Munchies,No,333.0,8.9,3.0,12.0,4.0,4.0
ORD002980,Blinkit,Pune,57.0,Snacks & Munchies,No,204.29,17.3,7.1,18.0,5.0,4.0
ORD002981,JioMart Express,Mumbai,60.0,Meat & Seafood,No,305.74,20.4,4.39,2.0,4.0,5.0
ORD002982,JioMart Express,Bangalore,41.0,Groceries,No,416.8,17.5,8.42,10.0,3.0,1.0
ORD002983,JioMart Express,Hyderabad,51.0,Household Essentials,No,180.95,15.7,8.06,19.0,3.0,4.0
ORD002984,Dunzo,Hyderabad,25.0,Dairy & Eggs,Yes,1070.18,14.4,2.51,16.0,4.0,4.0
ORD002985,JioMart Express,Delhi,61.0,Baby Care,No,678.95,44.1,2.25,8.0,2.0,4.0
ORD002986,Blinkit,Delhi,50.0,Personal Care,No,951.56,10.2,7.32,2.0,5.0,4.0
ORD002987,Swiggy Instamart,Kolkata,40.0,Bakery,Yes,510.44,23.3,5.73,5.0,2.0,3.0
ORD002988,Dunzo,Mumbai,30.0,Dairy & Eggs,No,114.87,16.5,5.79,4.0,2.0,4.0
ORD002989,Swiggy Instamart,Kolkata,31.0,Fruits & Vegetables,Yes,1013.54,11.7,7.65,4.0,3.0,5.0
ORD002990,Dunzo,Hyderabad,31.0,Beverages,No,240.29,16.1,8.62,1.0,4.0,5.0
ORD002991,Swiggy Instamart,Chennai,33.0,Baby Care,Yes,252.32,9.4,2.77,15.0,3.0,3.0
ORD002992,Zepto,Chennai,55.0,Household Essentials,Yes,443.1,13.0,5.78,13.0,4.0,4.0
ORD002993,Swiggy Instamart,Delhi,56.0,Dairy & Eggs,No,922.36,16.1,8.38,17.0,5.0,3.0
ORD002994,JioMart Express,Hyderabad,43.0,Household Essentials,No,758.98,8.8,8.79,6.0,5.0,4.0
ORD002995,Zepto,Pune,43.0,Meat & Seafood,No,694.9,20.1,3.23,13.0,,5.0
ORD002996,Swiggy Instamart,Bangalore,18.0,Baby Care,No,334.59,11.2,1.49,12.0,4.0,4.0
ORD002997,Dunzo,Ahmedabad,49.0,Groceries,No,331.44,9.2,2.71,12.0,5.0,5.0
ORD002998,Dunzo,Bangalore,32.0,Personal Care,No,496.49,10.7,9.48,10.0,5.0,4.0
ORD002999,Dunzo,Mumbai,38.0,Household Essentials,No,373.14,39.3,4.89,2.0,5.0,4.0
ORD003000,BigBasket Now,Bangalore,35.0,Snacks & Munchies,No,687.86,7.5,4.48,15.0,2.0,1.0
ORD003001,Blinkit,Ahmedabad,47.0,Dairy & Eggs,Yes,663.86,19.6,0.62,19.0,1.0,5.0
ORD003002,Dunzo,Delhi,30.0,Snacks & Munchies,No,575.25,12.2,0.98,4.0,3.0,5.0
ORD003003,Zepto,Pune,41.0,Household Essentials,Yes,100.0,14.3,6.85,14.0,5.0,4.0
ORD003004,Dunzo,Pune,47.0,Dairy & Eggs,No,435.63,20.9,6.1,1.0,4.0,3.0
ORD003005,BigBasket Now,Delhi,19.0,Groceries,Yes,377.92,20.5,5.97,1.0,4.0,5.0
ORD003006,JioMart Express,Mumbai,36.0,Beverages,No,446.22,12.5,1.55,18.0,4.0,3.0
ORD003007,Zepto,Chennai,64.0,Beverages,No,256.57,9.6,3.84,15.0,5.0,4.0
ORD003008,BigBasket Now,Delhi,61.0,Meat & Seafood,No,182.2,21.1,8.22,11.0,5.0,2.0
ORD003009,JioMart Express,Kolkata,64.0,Fruits & Vegetables,No,532.66,20.5,2.16,18.0,5.0,2.0
ORD003010,Zepto,Bangalore,42.0,Beverages,No,325.78,14.7,8.89,10.0,5.0,3.0
ORD003011,Swiggy Instamart,Bangalore,31.0,Fruits & Vegetables,Yes,569.53,19.6,1.65,4.0,3.0,4.0
ORD003012,Blinkit,Kolkata,23.0,Dairy & Eggs,No,269.74,13.8,2.11,14.0,4.0,4.0
ORD003013,Blinkit,Bangalore,29.0,Beverages,No,943.45,11.8,5.04,18.0,5.0,4.0
ORD003014,BigBasket Now,Bangalore,37.0,Household Essentials,No,735.56,16.5,9.48,1.0,5.0,4.0
ORD003015,JioMart Express,Delhi,40.0,Groceries,Yes,482.07,20.2,3.63,7.0,4.0,
ORD003016,Blinkit,Delhi,47.0,Household Essentials,No,354.97,18.6,6.75,4.0,2.0,5.0
ORD003017,JioMart Express,Bangalore,47.0,Household Essentials,No,672.8,20.2,6.09,4.0,1.0,5.0
ORD003018,JioMart Express,Kolkata,55.0,Fruits & Vegetables,No,510.57,12.1,1.92,18.0,2.0,3.0
ORD003019,BigBasket Now,Delhi,47.0,Bakery,No,465.52,31.0,2.86,9.0,4.0,3.0
ORD003020,BigBasket Now,Bangalore,58.0,Bakery,No,754.25,14.3,9.34,2.0,4.0,4.0
ORD003021,BigBasket Now,Chennai,47.0,Personal Care,Yes,949.49,15.7,2.26,5.0,5.0,1.0
ORD003022,Blinkit,Delhi,53.0,Beverages,No,190.29,9.7,7.1,6.0,4.0,5.0
ORD003023,BigBasket Now,Delhi,51.0,Groceries,No,214.81,15.2,9.66,3.0,3.0,3.0
ORD003024,Blinkit,Pune,33.0,Groceries,Yes,252.61,20.3,1.64,19.0,3.0,4.0
ORD003025,BigBasket Now,Chennai,41.0,Snacks & Munchies,Yes,163.78,22.3,4.29,5.0,5.0,2.0
ORD003026,Dunzo,Hyderabad,31.0,Household Essentials,Yes,388.52,30.7,2.63,9.0,4.0,4.0
ORD003027,JioMart Express,Hyderabad,43.0,Groceries,No,578.29,20.2,2.6,6.0,4.0,1.0
ORD003028,BigBasket Now,Mumbai,25.0,Dairy & Eggs,Yes,398.28,18.4,1.63,5.0,4.0,5.0
ORD003029,Zepto,,31.0,Baby Care,No,292.81,13.8,6.67,6.0,2.0,5.0
ORD003030,JioMart Express,Bangalore,48.0,Household Essentials,Yes,793.04,12.6,7.59,15.0,2.0,3.0
ORD003031,JioMart Express,Bangalore,19.0,Fruits & Vegetables,No,438.93,24.2,6.93,11.0,4.0,3.0
ORD003032,BigBasket Now,Delhi,21.0,Household Essentials,No,495.61,24.1,9.28,18.0,4.0,4.0
ORD003033,Swiggy Instamart,Mumbai,18.0,Groceries,No,806.37,10.7,1.88,19.0,4.0,4.0
ORD003034,BigBasket Now,Mumbai,37.0,Meat & Seafood,No,374.67,22.0,3.54,12.0,4.0,3.0
ORD003035,JioMart Express,Ahmedabad,31.0,Dairy & Eggs,No,1388.71,21.3,3.77,12.0,,5.0
ORD003036,Zepto,Bangalore,57.0,Dairy & Eggs,Yes,308.37,10.5,2.7,7.0,5.0,3.0
ORD003037,JioMart Express,Bangalore,42.0,Beverages,No,1337.78,20.4,1.85,16.0,4.0,1.0
ORD003038,Zepto,Mumbai,42.0,Bakery,Yes,224.79,10.8,5.12,12.0,4.0,4.0
ORD003039,Blinkit,Mumbai,20.0,Fruits & Vegetables,Yes,550.32,6.2,8.43,4.0,4.0,2.0
ORD003040,Dunzo,Chennai,22.0,Beverages,No,274.37,15.4,9.57,10.0,2.0,4.0
ORD003041,JioMart Express,Bangalore,55.0,Personal Care,Yes,789.77,18.2,1.73,17.0,5.0,3.0
ORD003042,BigBasket Now,Bangalore,43.0,Baby Care,No,302.8,15.7,8.32,15.0,4.0,5.0
ORD003043,Blinkit,Delhi,57.0,Snacks & Munchies,Yes,480.35,51.8,8.33,8.0,5.0,
ORD003044,Dunzo,Chennai,55.0,Dairy & Eggs,No,273.06,19.1,4.2,14.0,5.0,4.0
ORD003045,BigBasket Now,Mumbai,55.0,Fruits & Vegetables,Yes,707.92,17.4,1.55,18.0,4.0,3.0
ORD003046,Swiggy Instamart,Mumbai,21.0,Bakery,Yes,272.2,19.5,9.91,8.0,,3.0
ORD003047,BigBasket Now,Bangalore,24.0,Fruits & Vegetables,Yes,1107.71,13.8,6.73,14.0,4.0,4.0
ORD003048,Zepto,Delhi,47.0,Snacks & Munchies,No,221.94,23.9,9.83,16.0,4.0,3.0
ORD003049,Zepto,Delhi,47.0,Snacks & Munchies,No,179.94,19.0,5.09,19.0,5.0,4.0
ORD003050,Swiggy Instamart,Hyderabad,36.0,Beverages,No,714.03,18.7,4.25,7.0,1.0,4.0
ORD003051,Blinkit,Hyderabad,56.0,Household Essentials,No,282.88,12.8,2.85,17.0,4.0,3.0
ORD003052,Dunzo,Kolkata,52.0,Personal Care,No,401.68,8.8,9.84,5.0,5.0,5.0
ORD003053,BigBasket Now,Bangalore,57.0,Personal Care,No,332.51,13.5,2.91,13.0,,5.0
ORD003054,Zepto,Mumbai,50.0,Groceries,No,183.54,18.4,0.73,18.0,3.0,
ORD003055,Blinkit,Delhi,50.0,Personal Care,Yes,385.22,13.8,5.37,,5.0,
ORD003056,Swiggy Instamart,Ahmedabad,31.0,Fruits & Vegetables,No,861.74,18.5,4.08,19.0,2.0,5.0
ORD003057,JioMart Express,Hyderabad,55.0,Personal Care,No,736.48,15.0,2.98,18.0,5.0,3.0
ORD003058,Zepto,Chennai,27.0,Bakery,Yes,463.62,19.5,6.53,17.0,3.0,3.0
ORD003059,Swiggy Instamart,Mumbai,45.0,Personal Care,Yes,786.32,11.1,3.96,4.0,5.0,4.0
ORD003060,BigBasket Now,Bangalore,31.0,Dairy & Eggs,No,213.64,17.8,4.32,17.0,4.0,4.0
ORD003061,Dunzo,Mumbai,53.0,Groceries,No,331.86,12.7,0.72,19.0,4.0,4.0
ORD003062,Zepto,Hyderabad,55.0,Fruits & Vegetables,No,511.57,8.9,6.1,8.0,3.0,3.0
ORD003063,Zepto,Pune,33.0,Snacks & Munchies,No,373.06,15.4,1.66,1.0,3.0,4.0
ORD003064,BigBasket Now,Ahmedabad,38.0,Beverages,No,347.9,30.4,2.53,7.0,4.0,4.0
ORD003065,JioMart Express,Bangalore,45.0,Baby Care,Yes,196.29,9.2,7.31,8.0,5.0,2.0
ORD003066,Blinkit,Bangalore,50.0,Beverages,Yes,115.72,17.2,3.48,5.0,5.0,5.0
ORD003067,Dunzo,Ahmedabad,23.0,Household Essentials,Yes,659.0,22.6,2.05,9.0,,5.0
ORD003068,Zepto,Chennai,58.0,Baby Care,Yes,466.81,41.3,5.99,7.0,5.0,5.0
ORD003069,Dunzo,Mumbai,32.0,Bakery,Yes,693.12,13.5,2.54,4.0,5.0,3.0
ORD003070,Zepto,Bangalore,61.0,Meat & Seafood,No,310.34,12.8,3.07,8.0,5.0,
ORD003071,Dunzo,Delhi,20.0,Groceries,No,263.05,10.3,6.4,2.0,3.0,4.0
ORD003072,Swiggy Instamart,,60.0,Snacks & Munchies,No,405.02,26.0,7.53,5.0,5.0,5.0
ORD003073,Zepto,Bangalore,64.0,Beverages,No,673.52,11.6,7.53,3.0,3.0,5.0
ORD003074,Dunzo,Hyderabad,52.0,Personal Care,No,351.12,14.2,5.08,5.0,5.0,4.0
ORD003075,Blinkit,Delhi,31.0,Groceries,No,652.67,7.8,4.82,1.0,4.0,3.0
ORD003076,Swiggy Instamart,Mumbai,19.0,Personal Care,No,220.57,23.4,7.98,7.0,3.0,5.0
ORD003077,Swiggy Instamart,Bangalore,46.0,Groceries,No,366.18,26.1,2.33,10.0,3.0,
ORD003078,Blinkit,Kolkata,21.0,Groceries,Yes,386.81,23.1,1.95,16.0,4.0,5.0
ORD003079,Dunzo,Hyderabad,43.0,Household Essentials,No,842.05,8.7,6.81,1.0,2.0,4.0
ORD003080,BigBasket Now,Delhi,29.0,Dairy & Eggs,Yes,456.95,21.0,4.39,17.0,5.0,4.0
ORD003081,Blinkit,Pune,19.0,Bakery,No,1150.15,8.4,7.24,4.0,,
ORD003082,Dunzo,Pune,34.0,Personal Care,Yes,179.72,16.8,2.94,16.0,3.0,5.0
ORD003083,Blinkit,Delhi,52.0,Personal Care,No,436.13,17.9,3.59,9.0,1.0,4.0
ORD003084,Blinkit,Mumbai,27.0,Personal Care,No,449.28,18.6,9.02,8.0,3.0,3.0
ORD003085,Zepto,Chennai,39.0,Household Essentials,Yes,585.26,20.4,4.51,19.0,4.0,4.0
ORD003086,Dunzo,Kolkata,58.0,Beverages,No,247.64,16.4,6.11,17.0,4.0,5.0
ORD003087,BigBasket Now,Ahmedabad,60.0,Fruits & Vegetables,Yes,1108.39,7.5,1.51,10.0,3.0,4.0
ORD003088,Zepto,Pune,38.0,Personal Care,Yes,406.58,20.4,2.2,17.0,,4.0
ORD003089,Blinkit,Hyderabad,32.0,Beverages,Yes,210.14,17.1,0.84,16.0,3.0,5.0
ORD003090,JioMart Express,Bangalore,52.0,Dairy & Eggs,No,399.57,11.5,4.53,9.0,5.0,4.0
ORD003091,Blinkit,Mumbai,38.0,Personal Care,Yes,334.32,8.8,9.89,5.0,4.0,2.0
ORD003092,Blinkit,Delhi,38.0,Bakery,No,2142.96,30.4,8.8,2.0,3.0,5.0
ORD003093,Dunzo,,38.0,Snacks & Munchies,Yes,757.46,26.9,6.51,14.0,3.0,4.0
ORD003094,Dunzo,Hyderabad,61.0,Meat & Seafood,Yes,415.63,21.8,8.68,,4.0,5.0
ORD003095,Zepto,Hyderabad,49.0,Personal Care,No,377.23,12.5,6.14,13.0,3.0,5.0
ORD003096,BigBasket Now,Chennai,22.0,Fruits & Vegetables,Yes,713.82,6.0,4.0,13.0,4.0,4.0
ORD003097,Zepto,Delhi,56.0,Snacks & Munchies,Yes,734.59,22.3,2.15,13.0,5.0,5.0
ORD003098,Swiggy Instamart,Hyderabad,26.0,Bakery,Yes,100.0,19.0,6.7,18.0,1.0,3.0
ORD003099,Blinkit,Mumbai,35.0,Household Essentials,No,593.36,14.2,2.33,1.0,3.0,4.0
ORD003100,JioMart Express,Bangalore,38.0,Meat & Seafood,No,410.26,25.8,4.47,4.0,3.0,2.0
ORD003101,Blinkit,Chennai,25.0,Household Essentials,Yes,183.7,23.1,8.35,5.0,4.0,3.0
ORD003102,Blinkit,Chennai,61.0,Fruits & Vegetables,Yes,684.12,17.6,1.73,11.0,1.0,5.0
ORD003103,Zepto,,51.0,Meat & Seafood,Yes,1552.64,16.7,1.73,,4.0,5.0
ORD003104,JioMart Express,Delhi,27.0,Fruits & Vegetables,Yes,563.45,16.8,2.63,2.0,5.0,4.0
ORD003105,JioMart Express,Bangalore,58.0,Household Essentials,No,780.75,21.6,5.74,16.0,1.0,4.0
ORD003106,JioMart Express,Delhi,41.0,Bakery,No,1190.91,11.7,2.89,3.0,4.0,4.0
ORD003107,Zepto,Bangalore,57.0,Meat & Seafood,No,245.14,19.5,5.28,6.0,5.0,5.0
ORD003108,Blinkit,Pune,41.0,Baby Care,Yes,132.35,11.4,3.37,4.0,3.0,3.0
ORD003109,Zepto,Chennai,49.0,Beverages,No,598.32,28.1,5.31,5.0,2.0,3.0
ORD003110,Dunzo,Pune,50.0,Bakery,No,347.73,20.3,3.14,7.0,4.0,5.0
ORD003111,Dunzo,Delhi,55.0,Meat & Seafood,No,176.88,12.5,9.81,7.0,1.0,5.0
ORD003112,Zepto,Pune,61.0,Fruits & Vegetables,No,384.94,17.0,5.18,17.0,5.0,2.0
ORD003113,JioMart Express,Mumbai,51.0,Fruits & Vegetables,No,624.24,11.7,7.56,6.0,2.0,5.0
ORD003114,Blinkit,Pune,28.0,Dairy & Eggs,No,368.93,30.0,7.16,4.0,4.0,4.0
ORD003115,Zepto,Delhi,48.0,Bakery,Yes,251.62,31.5,5.16,2.0,5.0,3.0
ORD003116,Zepto,Delhi,35.0,Fruits & Vegetables,No,352.8,21.7,2.77,6.0,3.0,5.0
ORD003117,Zepto,Bangalore,40.0,Groceries,Yes,398.74,30.7,5.35,7.0,2.0,5.0
ORD003118,Swiggy Instamart,Ahmedabad,39.0,Beverages,No,126.76,17.5,6.97,2.0,3.0,3.0
ORD003119,Dunzo,Mumbai,60.0,Household Essentials,No,370.31,22.3,4.87,18.0,5.0,4.0
ORD003120,JioMart Express,,35.0,Snacks & Munchies,No,180.08,26.8,1.28,10.0,5.0,5.0
ORD003121,BigBasket Now,Pune,57.0,Dairy & Eggs,No,599.09,16.4,0.67,7.0,3.0,3.0
ORD003122,JioMart Express,Bangalore,64.0,Fruits & Vegetables,Yes,158.12,16.9,3.61,9.0,5.0,4.0
ORD003123,BigBasket Now,Mumbai,58.0,Groceries,Yes,740.71,23.9,1.93,19.0,5.0,
ORD003124,Swiggy Instamart,Bangalore,64.0,Dairy & Eggs,No,315.61,21.3,9.11,19.0,5.0,
ORD003125,Zepto,,56.0,Groceries,No,291.26,12.2,2.17,2.0,4.0,3.0
ORD003126,Swiggy Instamart,Pune,37.0,Dairy & Eggs,No,481.39,6.9,4.25,12.0,5.0,4.0
ORD003127,Swiggy Instamart,Chennai,30.0,Fruits & Vegetables,Yes,239.94,15.3,7.26,,4.0,3.0
ORD003128,Blinkit,Bangalore,62.0,Groceries,No,476.87,7.1,8.25,6.0,5.0,4.0
ORD003129,Dunzo,Ahmedabad,18.0,Meat & Seafood,No,260.01,11.1,5.04,1.0,2.0,3.0
ORD003130,BigBasket Now,Bangalore,21.0,Bakery,Yes,288.86,11.6,2.22,15.0,3.0,5.0
ORD003131,Zepto,Mumbai,41.0,Snacks & Munchies,No,514.51,13.1,3.07,19.0,5.0,4.0
ORD003132,BigBasket Now,Delhi,53.0,Household Essentials,No,203.74,22.8,4.48,14.0,5.0,2.0
ORD003133,JioMart Express,Bangalore,53.0,Snacks & Munchies,No,188.93,24.9,3.96,13.0,3.0,5.0
ORD003134,BigBasket Now,Mumbai,62.0,Household Essentials,No,468.22,20.2,3.81,5.0,4.0,5.0
ORD003135,JioMart Express,Ahmedabad,19.0,Baby Care,Yes,396.97,21.2,1.75,2.0,4.0,4.0
ORD003136,Dunzo,Chennai,45.0,Beverages,No,446.4,21.4,9.18,15.0,1.0,
ORD003137,JioMart Express,Delhi,43.0,Baby Care,No,491.07,6.1,0.78,16.0,1.0,3.0
ORD003138,BigBasket Now,,40.0,Personal Care,No,417.56,16.5,4.68,7.0,2.0,5.0
ORD003139,BigBasket Now,Chennai,32.0,Fruits & Vegetables,No,581.06,8.0,9.81,6.0,4.0,1.0
ORD003140,JioMart Express,Ahmedabad,53.0,Meat & Seafood,No,427.72,20.2,6.77,17.0,3.0,4.0
ORD003141,Swiggy Instamart,Pune,44.0,Bakery,No,120.98,7.1,3.88,1.0,2.0,4.0
ORD003142,Dunzo,Bangalore,23.0,Meat & Seafood,No,141.35,15.3,1.89,6.0,5.0,5.0
ORD003143,Blinkit,Kolkata,52.0,Snacks & Munchies,Yes,1282.76,20.5,9.66,6.0,2.0,4.0
ORD003144,Zepto,Hyderabad,56.0,Household Essentials,Yes,403.45,10.5,0.63,4.0,,4.0
ORD003145,BigBasket Now,Hyderabad,55.0,Baby Care,Yes,713.47,24.2,6.97,8.0,5.0,5.0
ORD003146,Zepto,Mumbai,52.0,Meat & Seafood,No,327.86,20.1,8.86,9.0,3.0,1.0
ORD003147,Blinkit,Mumbai,53.0,Baby Care,No,389.63,19.2,0.74,10.0,3.0,2.0
ORD003148,Zepto,Bangalore,27.0,Beverages,Yes,307.35,21.7,7.39,8.0,4.0,3.0
ORD003149,Blinkit,Delhi,47.0,Beverages,Yes,1771.45,14.2,9.99,2.0,4.0,3.0
ORD003150,JioMart Express,Mumbai,58.0,Household Essentials,No,469.63,17.5,6.58,17.0,4.0,1.0
ORD003151,Swiggy Instamart,Chennai,55.0,Personal Care,No,292.68,16.5,4.44,1.0,4.0,4.0
ORD003152,BigBasket Now,Mumbai,46.0,Meat & Seafood,No,149.77,16.4,8.81,,5.0,5.0
ORD003153,Blinkit,Hyderabad,60.0,Bakery,Yes,1318.49,12.6,5.76,5.0,2.0,5.0
ORD003154,Zepto,Bangalore,56.0,Baby Care,Yes,365.78,10.0,7.62,9.0,5.0,4.0
ORD003155,BigBasket Now,Ahmedabad,21.0,Baby Care,No,630.52,14.4,6.08,17.0,3.0,3.0
ORD003156,Swiggy Instamart,Bangalore,22.0,Beverages,Yes,674.25,14.1,0.86,6.0,4.0,5.0
ORD003157,JioMart Express,Mumbai,21.0,Fruits & Vegetables,Yes,305.61,12.2,2.52,1.0,2.0,5.0
ORD003158,BigBasket Now,Hyderabad,53.0,Household Essentials,Yes,603.94,23.1,1.25,18.0,4.0,4.0
ORD003159,Blinkit,Kolkata,62.0,Baby Care,Yes,280.76,10.3,1.51,11.0,5.0,3.0
ORD003160,Swiggy Instamart,Ahmedabad,33.0,Beverages,Yes,222.68,15.4,0.65,4.0,2.0,5.0
ORD003161,Zepto,Bangalore,42.0,Beverages,No,811.33,26.2,4.5,6.0,3.0,3.0
ORD003162,Swiggy Instamart,Delhi,31.0,Groceries,Yes,366.9,23.7,2.2,8.0,4.0,1.0
ORD003163,Swiggy Instamart,Pune,28.0,Baby Care,Yes,550.65,26.7,8.63,19.0,2.0,5.0
ORD003164,Dunzo,Mumbai,46.0,Groceries,No,516.23,13.0,7.63,15.0,5.0,4.0
ORD003165,Swiggy Instamart,Hyderabad,51.0,Bakery,No,591.56,22.5,5.95,19.0,5.0,3.0
ORD003166,Swiggy Instamart,Bangalore,39.0,Bakery,No,158.55,10.7,5.15,2.0,5.0,4.0
ORD003167,BigBasket Now,Mumbai,31.0,Beverages,No,283.96,14.7,2.93,4.0,4.0,5.0
ORD003168,Zepto,Delhi,41.0,Fruits & Vegetables,No,332.06,15.3,5.01,4.0,4.0,
ORD003169,BigBasket Now,Delhi,56.0,Fruits & Vegetables,No,244.96,13.1,6.59,12.0,3.0,3.0
ORD003170,BigBasket Now,Chennai,43.0,Groceries,No,521.86,14.2,7.93,18.0,4.0,1.0
ORD003171,Blinkit,Ahmedabad,60.0,Beverages,No,822.33,13.5,1.28,12.0,4.0,4.0
ORD003172,BigBasket Now,Delhi,53.0,Groceries,No,904.25,11.1,7.23,19.0,5.0,5.0
ORD003173,Dunzo,Kolkata,56.0,Household Essentials,Yes,329.14,23.2,7.56,15.0,5.0,3.0
ORD003174,Dunzo,Mumbai,33.0,Groceries,No,480.67,15.3,5.81,10.0,5.0,4.0
ORD003175,Blinkit,Bangalore,55.0,Personal Care,No,527.1,17.8,2.54,7.0,,3.0
ORD003176,JioMart Express,Mumbai,49.0,Baby Care,No,585.67,17.6,5.62,2.0,4.0,1.0
ORD003177,Zepto,Pune,23.0,Bakery,Yes,238.2,16.8,5.28,13.0,5.0,5.0
ORD003178,Zepto,Chennai,51.0,Dairy & Eggs,Yes,1202.73,17.1,5.02,16.0,5.0,3.0
ORD003179,BigBasket Now,Hyderabad,25.0,Beverages,No,703.39,14.6,4.88,8.0,5.0,5.0
ORD003180,BigBasket Now,Kolkata,47.0,Fruits & Vegetables,Yes,714.5,29.0,1.55,1.0,3.0,4.0
ORD003181,JioMart Express,Hyderabad,44.0,Meat & Seafood,No,830.54,22.3,2.24,17.0,5.0,3.0
ORD003182,BigBasket Now,Ahmedabad,24.0,Baby Care,No,555.84,16.6,1.42,15.0,4.0,5.0
ORD003183,Zepto,Chennai,44.0,Dairy & Eggs,No,217.81,13.8,2.8,14.0,4.0,4.0
ORD003184,Swiggy Instamart,Pune,42.0,Personal Care,No,371.15,15.7,3.0,7.0,5.0,4.0
ORD003185,Dunzo,Bangalore,63.0,Meat & Seafood,No,149.81,19.4,2.83,19.0,4.0,5.0
ORD003186,Swiggy Instamart,Mumbai,58.0,Fruits & Vegetables,No,517.52,30.0,2.5,10.0,4.0,4.0
ORD003187,Swiggy Instamart,Bangalore,32.0,Personal Care,No,364.48,9.5,7.49,11.0,4.0,4.0
ORD003188,Zepto,Mumbai,42.0,Fruits & Vegetables,No,393.74,21.4,8.28,5.0,4.0,3.0
ORD003189,Swiggy Instamart,Hyderabad,39.0,Fruits & Vegetables,No,830.81,25.8,3.61,,1.0,5.0
ORD003190,JioMart Express,Bangalore,35.0,Beverages,No,306.68,9.1,3.4,12.0,4.0,4.0
ORD003191,Blinkit,Hyderabad,29.0,Meat & Seafood,No,346.79,15.3,8.52,2.0,4.0,3.0
ORD003192,BigBasket Now,Mumbai,40.0,Household Essentials,Yes,408.78,10.7,6.43,7.0,4.0,5.0
ORD003193,Blinkit,Mumbai,62.0,Groceries,Yes,133.75,19.5,3.29,,5.0,4.0
ORD003194,Dunzo,Bangalore,56.0,Groceries,No,343.9,14.2,7.28,12.0,3.0,4.0
ORD003195,BigBasket Now,Ahmedabad,42.0,Baby Care,Yes,100.0,15.6,3.77,4.0,5.0,1.0
ORD003196,Swiggy Instamart,Bangalore,27.0,Fruits & Vegetables,No,283.92,14.0,6.07,19.0,4.0,5.0
ORD003197,Dunzo,Bangalore,47.0,Baby Care,Yes,673.92,21.9,9.93,3.0,4.0,5.0
ORD003198,BigBasket Now,Chennai,27.0,Meat & Seafood,No,527.61,18.0,3.37,,2.0,4.0
ORD003199,JioMart Express,Hyderabad,51.0,Fruits & Vegetables,Yes,282.34,18.0,9.34,4.0,3.0,4.0
ORD003200,JioMart Express,Delhi,63.0,Fruits & Vegetables,Yes,413.43,17.5,3.55,9.0,5.0,4.0
ORD003201,JioMart Express,Bangalore,30.0,Dairy & Eggs,Yes,211.67,20.7,5.63,2.0,1.0,3.0
ORD003202,JioMart Express,Delhi,46.0,Bakery,No,402.86,14.8,4.87,10.0,5.0,4.0
ORD003203,Swiggy Instamart,Ahmedabad,55.0,Groceries,Yes,2340.67,32.5,7.94,9.0,,2.0
ORD003204,Blinkit,Mumbai,58.0,Meat & Seafood,Yes,1221.07,10.0,1.08,8.0,5.0,5.0
ORD003205,BigBasket Now,Delhi,62.0,Personal Care,No,416.37,8.2,6.46,18.0,4.0,3.0
ORD003206,Swiggy Instamart,Mumbai,26.0,Personal Care,Yes,444.12,8.0,7.73,11.0,4.0,5.0
ORD003207,JioMart Express,Delhi,30.0,Household Essentials,Yes,224.14,7.2,4.99,19.0,2.0,3.0
ORD003208,Blinkit,Kolkata,54.0,Snacks & Munchies,No,249.37,21.5,1.5,18.0,4.0,3.0
ORD003209,Dunzo,Delhi,31.0,Meat & Seafood,Yes,501.35,20.5,2.83,19.0,3.0,4.0
ORD003210,Dunzo,Mumbai,54.0,Snacks & Munchies,Yes,294.44,26.7,6.96,17.0,4.0,5.0
ORD003211,Dunzo,Bangalore,26.0,Dairy & Eggs,Yes,694.01,10.8,9.01,17.0,4.0,5.0
ORD003212,JioMart Express,Mumbai,25.0,Personal Care,Yes,1034.64,22.2,4.51,15.0,5.0,3.0
ORD003213,Dunzo,Mumbai,56.0,Meat & Seafood,No,492.54,16.8,5.82,16.0,5.0,4.0
ORD003214,Zepto,Kolkata,57.0,Fruits & Vegetables,Yes,428.82,17.6,2.67,17.0,4.0,5.0
ORD003215,BigBasket Now,Kolkata,20.0,Bakery,No,147.16,21.1,4.42,8.0,3.0,5.0
ORD003216,BigBasket Now,Pune,64.0,Beverages,No,631.8,12.2,3.7,7.0,3.0,5.0
ORD003217,JioMart Express,Pune,57.0,Bakery,Yes,203.12,46.3,6.73,4.0,5.0,3.0
ORD003218,Zepto,Chennai,50.0,Household Essentials,No,313.94,28.0,9.85,7.0,2.0,5.0
ORD003219,Swiggy Instamart,Mumbai,49.0,Personal Care,Yes,717.48,13.3,8.23,,4.0,4.0
ORD003220,Swiggy Instamart,Kolkata,24.0,Baby Care,Yes,748.34,10.6,2.33,3.0,1.0,4.0
ORD003221,Dunzo,Kolkata,36.0,Baby Care,Yes,304.93,15.9,5.99,,3.0,3.0
ORD003222,Blinkit,Kolkata,51.0,Beverages,Yes,315.66,17.7,1.13,1.0,,2.0
ORD003223,Swiggy Instamart,,31.0,Personal Care,No,265.18,25.2,2.85,6.0,4.0,4.0
ORD003224,Blinkit,Delhi,64.0,Meat & Seafood,Yes,196.62,10.3,2.14,14.0,4.0,1.0
ORD003225,BigBasket Now,Kolkata,63.0,Fruits & Vegetables,No,275.65,18.4,3.69,4.0,4.0,4.0
ORD003226,Blinkit,Chennai,36.0,Household Essentials,No,153.26,8.9,6.95,16.0,3.0,5.0
ORD003227,BigBasket Now,Ahmedabad,43.0,Baby Care,Yes,607.79,19.6,5.24,10.0,3.0,5.0
ORD003228,Zepto,Mumbai,34.0,Beverages,No,511.18,15.8,9.36,5.0,4.0,2.0
ORD003229,Zepto,Delhi,45.0,Bakery,No,564.71,35.7,2.52,11.0,4.0,3.0
ORD003230,JioMart Express,Delhi,36.0,Fruits & Vegetables,Yes,227.55,8.9,3.96,1.0,1.0,4.0
ORD003231,JioMart Express,Kolkata,44.0,Baby Care,Yes,196.95,28.5,3.63,17.0,4.0,3.0
ORD003232,Dunzo,Mumbai,36.0,Bakery,No,416.59,8.3,2.74,14.0,4.0,2.0
ORD003233,Swiggy Instamart,Mumbai,50.0,Meat & Seafood,No,419.25,9.7,9.94,7.0,2.0,4.0
ORD003234,Dunzo,Ahmedabad,24.0,Bakery,No,369.31,8.4,4.18,14.0,5.0,4.0
ORD003235,BigBasket Now,Mumbai,46.0,Fruits & Vegetables,Yes,339.11,18.2,9.43,1.0,4.0,5.0
ORD003236,Dunzo,Kolkata,60.0,Bakery,No,1126.04,10.3,4.21,6.0,3.0,5.0
ORD003237,Blinkit,Delhi,22.0,Meat & Seafood,No,520.93,9.6,2.44,7.0,4.0,5.0
ORD003238,BigBasket Now,Kolkata,47.0,Household Essentials,No,1316.07,17.8,1.63,11.0,4.0,3.0
ORD003239,JioMart Express,Hyderabad,60.0,Fruits & Vegetables,Yes,863.83,19.7,8.63,10.0,5.0,5.0
ORD003240,Zepto,Pune,25.0,Household Essentials,No,1120.98,16.7,0.8,3.0,5.0,4.0
ORD003241,JioMart Express,Pune,59.0,Beverages,Yes,211.73,15.4,9.66,19.0,3.0,4.0
ORD003242,Swiggy Instamart,Mumbai,29.0,Personal Care,No,575.88,34.2,4.47,2.0,2.0,5.0
ORD003243,BigBasket Now,Mumbai,59.0,Bakery,No,311.36,17.4,2.85,12.0,5.0,5.0
ORD003244,BigBasket Now,Delhi,30.0,Dairy & Eggs,No,148.71,22.7,6.37,12.0,5.0,4.0
ORD003245,Blinkit,Hyderabad,43.0,Household Essentials,Yes,989.9,17.4,1.76,1.0,3.0,1.0
ORD003246,Swiggy Instamart,Pune,35.0,Meat & Seafood,Yes,338.25,10.6,1.19,14.0,2.0,5.0
ORD003247,Zepto,Bangalore,59.0,Baby Care,No,214.21,20.5,8.36,11.0,5.0,5.0
ORD003248,BigBasket Now,Hyderabad,37.0,Household Essentials,No,314.59,12.7,4.53,8.0,5.0,
ORD003249,BigBasket Now,Mumbai,33.0,Baby Care,No,250.2,15.9,5.42,9.0,3.0,3.0
ORD003250,Blinkit,Kolkata,54.0,Bakery,Yes,266.08,18.6,2.18,18.0,4.0,2.0
ORD003251,Dunzo,Ahmedabad,20.0,Beverages,No,353.2,7.6,1.08,13.0,3.0,2.0
ORD003252,Zepto,Delhi,44.0,Groceries,No,1139.66,8.6,3.99,4.0,3.0,4.0
ORD003253,JioMart Express,Bangalore,32.0,Fruits & Vegetables,No,270.48,23.7,5.31,16.0,3.0,3.0
ORD003254,Swiggy Instamart,Mumbai,51.0,Baby Care,No,1091.78,12.6,7.77,3.0,4.0,5.0
ORD003255,BigBasket Now,Hyderabad,62.0,Baby Care,No,671.36,12.9,5.26,4.0,5.0,5.0
ORD003256,BigBasket Now,Bangalore,39.0,Fruits & Vegetables,No,511.71,17.6,7.93,,4.0,4.0
ORD003257,JioMart Express,Mumbai,57.0,Groceries,Yes,631.99,14.1,1.6,8.0,3.0,4.0
ORD003258,Zepto,Bangalore,40.0,Bakery,No,406.75,19.4,1.11,11.0,5.0,3.0
ORD003259,Dunzo,Delhi,21.0,Meat & Seafood,No,872.73,16.1,2.01,3.0,2.0,2.0
ORD003260,BigBasket Now,Bangalore,58.0,Personal Care,No,566.9,17.8,7.83,19.0,5.0,1.0
ORD003261,Zepto,Hyderabad,40.0,Baby Care,No,148.59,12.4,7.71,6.0,5.0,4.0
ORD003262,JioMart Express,Mumbai,64.0,Groceries,Yes,481.91,17.8,1.84,3.0,3.0,5.0
ORD003263,Blinkit,Chennai,26.0,Groceries,No,645.73,25.6,0.79,4.0,3.0,5.0
ORD003264,Dunzo,,41.0,Beverages,Yes,339.2,13.1,7.01,4.0,5.0,5.0
ORD003265,Swiggy Instamart,Delhi,38.0,Baby Care,Yes,435.18,23.7,8.63,2.0,4.0,4.0
ORD003266,BigBasket Now,Mumbai,58.0,Household Essentials,Yes,279.3,16.1,7.66,16.0,1.0,5.0
ORD003267,Zepto,Chennai,63.0,Bakery,No,176.52,22.1,2.43,5.0,5.0,4.0
ORD003268,Blinkit,Ahmedabad,33.0,Meat & Seafood,No,159.14,17.3,6.05,15.0,3.0,3.0
ORD003269,Swiggy Instamart,Delhi,42.0,Groceries,Yes,160.41,16.2,7.69,5.0,3.0,4.0
ORD003270,Zepto,Delhi,43.0,Beverages,No,602.7,18.9,2.93,12.0,4.0,5.0
ORD003271,Zepto,Mumbai,62.0,Beverages,Yes,100.0,26.7,5.51,19.0,4.0,1.0
ORD003272,Swiggy Instamart,Hyderabad,26.0,Fruits & Vegetables,No,270.46,18.1,3.49,15.0,4.0,3.0
ORD003273,Blinkit,,32.0,Baby Care,No,254.83,19.9,2.64,6.0,2.0,3.0
ORD003274,JioMart Express,Delhi,56.0,Groceries,No,340.6,14.2,9.71,1.0,4.0,2.0
ORD003275,Blinkit,Chennai,50.0,Meat & Seafood,Yes,132.44,30.8,9.17,5.0,4.0,3.0
ORD003276,Dunzo,Hyderabad,18.0,Household Essentials,No,514.06,21.2,4.73,19.0,5.0,4.0
ORD003277,BigBasket Now,Bangalore,22.0,Dairy & Eggs,No,187.94,17.0,1.8,11.0,4.0,5.0
ORD003278,Swiggy Instamart,Bangalore,26.0,Dairy & Eggs,No,795.88,15.7,7.42,14.0,4.0,5.0
ORD003279,JioMart Express,Hyderabad,61.0,Household Essentials,Yes,277.81,24.3,2.93,14.0,2.0,5.0
ORD003280,Swiggy Instamart,,23.0,Groceries,Yes,380.94,12.9,2.1,2.0,5.0,2.0
ORD003281,Swiggy Instamart,Mumbai,45.0,Baby Care,No,404.34,8.1,4.12,5.0,3.0,1.0
ORD003282,Blinkit,Pune,62.0,Meat & Seafood,Yes,467.1,16.9,5.53,9.0,4.0,2.0
ORD003283,BigBasket Now,Mumbai,43.0,Fruits & Vegetables,Yes,412.49,26.5,1.43,17.0,5.0,5.0
ORD003284,Dunzo,Chennai,45.0,Baby Care,No,312.23,31.1,5.93,19.0,5.0,3.0
ORD003285,Zepto,Pune,57.0,Personal Care,Yes,495.63,15.8,0.65,15.0,4.0,4.0
ORD003286,Zepto,Delhi,32.0,Baby Care,No,533.62,16.7,8.97,2.0,5.0,
ORD003287,Swiggy Instamart,Delhi,23.0,Baby Care,Yes,254.91,20.2,9.25,9.0,5.0,1.0
ORD003288,BigBasket Now,Hyderabad,44.0,Bakery,No,521.04,14.8,7.46,11.0,5.0,2.0
ORD003289,JioMart Express,Pune,55.0,Groceries,No,824.71,20.2,4.93,6.0,4.0,5.0
ORD003290,Blinkit,Ahmedabad,21.0,Fruits & Vegetables,No,616.18,15.9,2.92,15.0,,3.0
ORD003291,BigBasket Now,Chennai,28.0,Bakery,No,705.87,24.6,7.57,4.0,,3.0
ORD003292,BigBasket Now,Mumbai,38.0,Groceries,Yes,447.27,22.0,9.35,15.0,4.0,4.0
ORD003293,Blinkit,Hyderabad,47.0,Snacks & Munchies,No,230.05,22.7,2.01,18.0,3.0,4.0
ORD003294,Swiggy Instamart,Bangalore,35.0,Fruits & Vegetables,No,248.19,15.1,4.93,7.0,4.0,4.0
ORD003295,BigBasket Now,Bangalore,52.0,Groceries,Yes,488.79,35.5,3.49,16.0,4.0,5.0
ORD003296,Zepto,Mumbai,20.0,Dairy & Eggs,No,710.28,20.0,3.89,3.0,2.0,4.0
ORD003297,Blinkit,Mumbai,29.0,Bakery,Yes,2146.4,18.2,4.35,12.0,1.0,3.0
ORD003298,JioMart Express,Kolkata,44.0,Snacks & Munchies,No,727.12,12.1,9.54,7.0,,4.0
ORD003299,Dunzo,Bangalore,47.0,Fruits & Vegetables,Yes,199.88,15.8,2.96,9.0,3.0,4.0
ORD003300,Swiggy Instamart,Delhi,38.0,Personal Care,No,254.59,17.2,5.18,10.0,4.0,5.0
ORD003301,Blinkit,Bangalore,55.0,Meat & Seafood,No,1583.05,12.0,9.54,1.0,5.0,5.0
ORD003302,Dunzo,Pune,38.0,Personal Care,Yes,354.73,14.6,5.02,12.0,5.0,5.0
ORD003303,Dunzo,Chennai,55.0,Dairy & Eggs,No,415.1,15.4,8.7,18.0,3.0,4.0
ORD003304,JioMart Express,Delhi,57.0,Dairy & Eggs,Yes,226.73,16.8,1.06,1.0,3.0,3.0
ORD003305,BigBasket Now,Mumbai,32.0,Household Essentials,Yes,1031.8,8.1,9.55,18.0,4.0,5.0
ORD003306,JioMart Express,Delhi,35.0,Household Essentials,Yes,544.68,15.6,2.28,7.0,4.0,4.0
ORD003307,BigBasket Now,Pune,46.0,Personal Care,Yes,253.47,14.1,9.81,17.0,4.0,5.0
ORD003308,BigBasket Now,Hyderabad,55.0,Bakery,Yes,222.23,16.3,2.17,13.0,3.0,5.0
ORD003309,Blinkit,Bangalore,38.0,Baby Care,No,485.08,24.9,4.72,10.0,1.0,4.0
ORD003310,Blinkit,Hyderabad,34.0,Groceries,No,414.27,37.4,3.43,14.0,3.0,4.0
ORD003311,Swiggy Instamart,Delhi,58.0,Meat & Seafood,No,664.65,21.6,4.62,1.0,4.0,4.0
ORD003312,BigBasket Now,Kolkata,35.0,Snacks & Munchies,Yes,560.14,10.0,2.88,6.0,5.0,3.0
ORD003313,Dunzo,Bangalore,54.0,Meat & Seafood,No,344.23,14.3,9.67,4.0,5.0,4.0
ORD003314,Zepto,Mumbai,55.0,Dairy & Eggs,No,291.12,20.9,3.4,19.0,4.0,3.0
ORD003315,Swiggy Instamart,Mumbai,29.0,Household Essentials,Yes,366.51,20.0,6.71,15.0,5.0,3.0
ORD003316,Blinkit,Bangalore,28.0,Baby Care,No,289.92,24.4,1.81,19.0,5.0,4.0
ORD003317,JioMart Express,Pune,37.0,Beverages,No,373.11,15.8,8.33,12.0,5.0,4.0
ORD003318,Swiggy Instamart,Delhi,26.0,Fruits & Vegetables,No,407.43,14.2,5.65,14.0,5.0,5.0
ORD003319,Swiggy Instamart,Pune,18.0,Beverages,Yes,235.39,33.1,9.8,,5.0,5.0
ORD003320,Swiggy Instamart,Chennai,20.0,Beverages,Yes,588.99,16.8,4.52,,3.0,3.0
ORD003321,Swiggy Instamart,Delhi,38.0,Bakery,No,323.03,10.9,2.36,3.0,1.0,5.0
ORD003322,Zepto,Mumbai,40.0,Bakery,No,243.44,29.7,3.79,12.0,5.0,4.0
ORD003323,JioMart Express,Mumbai,26.0,Household Essentials,Yes,326.7,9.0,7.5,9.0,4.0,4.0
ORD003324,JioMart Express,Chennai,36.0,Beverages,Yes,466.55,5.0,6.76,19.0,5.0,5.0
ORD003325,JioMart Express,Mumbai,62.0,Snacks & Munchies,No,424.04,22.4,7.89,16.0,5.0,3.0
ORD003326,BigBasket Now,Delhi,63.0,Dairy & Eggs,No,519.71,23.7,1.2,1.0,4.0,4.0
ORD003327,Dunzo,Bangalore,36.0,Beverages,No,691.6,19.4,6.01,14.0,4.0,4.0
ORD003328,JioMart Express,Chennai,40.0,Baby Care,Yes,882.68,9.8,9.36,13.0,4.0,5.0
ORD003329,Swiggy Instamart,Mumbai,44.0,Fruits & Vegetables,Yes,478.8,16.1,1.53,12.0,,4.0
ORD003330,Swiggy Instamart,Bangalore,44.0,Groceries,Yes,212.38,14.7,1.4,5.0,2.0,5.0
ORD003331,JioMart Express,Bangalore,56.0,Household Essentials,Yes,343.28,13.3,7.31,3.0,4.0,3.0
ORD003332,JioMart Express,Bangalore,53.0,Household Essentials,Yes,220.83,28.9,3.49,2.0,2.0,5.0
ORD003333,Swiggy Instamart,Kolkata,29.0,Personal Care,No,1116.68,10.8,6.76,11.0,3.0,4.0
ORD003334,BigBasket Now,Mumbai,44.0,Baby Care,No,1329.34,18.7,5.68,2.0,3.0,4.0
ORD003335,Blinkit,Kolkata,63.0,Bakery,No,595.97,26.5,9.87,16.0,5.0,4.0
ORD003336,Blinkit,Chennai,51.0,Dairy & Eggs,Yes,675.24,19.2,8.95,8.0,5.0,4.0
ORD003337,JioMart Express,Hyderabad,50.0,Snacks & Munchies,Yes,468.98,27.0,6.94,3.0,4.0,1.0
ORD003338,Zepto,Chennai,45.0,Baby Care,Yes,502.52,20.6,2.99,4.0,4.0,3.0
ORD003339,JioMart Express,Bangalore,48.0,Meat & Seafood,Yes,154.71,19.5,2.99,4.0,5.0,
ORD003340,JioMart Express,,49.0,Groceries,No,385.92,19.0,8.88,8.0,1.0,5.0
ORD003341,Blinkit,Hyderabad,37.0,Fruits & Vegetables,Yes,237.77,21.0,6.06,6.0,3.0,5.0
ORD003342,Swiggy Instamart,Bangalore,57.0,Personal Care,Yes,477.62,14.1,8.0,14.0,3.0,5.0
ORD003343,JioMart Express,Hyderabad,52.0,Baby Care,Yes,389.25,9.8,4.77,15.0,4.0,5.0
ORD003344,Swiggy Instamart,Delhi,48.0,Personal Care,Yes,1297.37,24.1,1.48,17.0,3.0,3.0
ORD003345,Swiggy Instamart,Pune,48.0,Groceries,No,699.23,26.2,3.66,,3.0,
ORD003346,Zepto,Hyderabad,55.0,Beverages,Yes,478.52,18.2,2.03,1.0,3.0,5.0
ORD003347,Swiggy Instamart,,39.0,Personal Care,No,343.72,13.2,7.93,12.0,4.0,5.0
ORD003348,Blinkit,Bangalore,62.0,Household Essentials,No,1102.81,8.8,7.15,19.0,4.0,1.0
ORD003349,BigBasket Now,Chennai,58.0,Bakery,Yes,396.24,17.0,1.34,12.0,4.0,4.0
ORD003350,BigBasket Now,Kolkata,26.0,Beverages,Yes,492.26,9.6,6.4,11.0,4.0,1.0
ORD003351,Dunzo,Bangalore,26.0,Baby Care,No,413.79,9.1,8.8,9.0,3.0,3.0
ORD003352,JioMart Express,Pune,32.0,Fruits & Vegetables,No,316.56,16.3,7.12,19.0,5.0,
ORD003353,Blinkit,Delhi,30.0,Household Essentials,Yes,412.36,12.1,5.36,4.0,4.0,5.0
ORD003354,Swiggy Instamart,Bangalore,39.0,Groceries,Yes,124.32,18.9,3.46,13.0,3.0,4.0
ORD003355,BigBasket Now,Pune,33.0,Beverages,Yes,159.39,15.4,8.93,10.0,3.0,4.0
ORD003356,Blinkit,Pune,49.0,Household Essentials,Yes,497.59,12.9,4.52,1.0,5.0,4.0
ORD003357,BigBasket Now,Chennai,19.0,Bakery,Yes,1033.72,8.3,8.63,10.0,,5.0
ORD003358,Swiggy Instamart,Pune,43.0,Beverages,Yes,497.17,11.7,7.94,18.0,4.0,3.0
ORD003359,BigBasket Now,Mumbai,31.0,Dairy & Eggs,Yes,261.85,11.9,8.25,13.0,3.0,4.0
ORD003360,JioMart Express,Pune,55.0,Dairy & Eggs,Yes,169.74,10.1,9.9,7.0,4.0,3.0
ORD003361,JioMart Express,Delhi,51.0,Beverages,Yes,645.95,14.4,7.61,8.0,4.0,4.0
ORD003362,Dunzo,Mumbai,25.0,Beverages,No,287.06,10.4,0.82,17.0,5.0,1.0
ORD003363,Dunzo,Delhi,53.0,Dairy & Eggs,No,593.44,15.4,2.45,1.0,4.0,5.0
ORD003364,BigBasket Now,,38.0,Baby Care,No,509.75,18.1,0.83,16.0,3.0,1.0
ORD003365,Blinkit,Delhi,63.0,Personal Care,Yes,537.53,11.8,2.3,4.0,1.0,3.0
ORD003366,JioMart Express,Delhi,60.0,Fruits & Vegetables,No,411.64,19.5,1.08,17.0,3.0,4.0
ORD003367,Blinkit,Mumbai,45.0,Household Essentials,Yes,507.85,9.5,5.27,13.0,4.0,4.0
ORD003368,Blinkit,Delhi,63.0,Household Essentials,No,375.53,10.5,0.77,10.0,3.0,5.0
ORD003369,BigBasket Now,Hyderabad,61.0,Groceries,Yes,275.56,15.7,4.99,9.0,4.0,2.0
ORD003370,Blinkit,Bangalore,23.0,Fruits & Vegetables,Yes,226.31,21.6,9.04,14.0,4.0,1.0
ORD003371,JioMart Express,Delhi,37.0,Snacks & Munchies,No,100.0,23.3,7.61,17.0,3.0,5.0
ORD003372,Swiggy Instamart,Chennai,48.0,Dairy & Eggs,No,361.89,31.3,9.47,3.0,4.0,5.0
ORD003373,Dunzo,Pune,50.0,Snacks & Munchies,No,1003.88,14.1,2.65,1.0,4.0,5.0
ORD003374,Swiggy Instamart,Chennai,61.0,Bakery,Yes,625.19,15.6,5.55,1.0,4.0,4.0
ORD003375,Blinkit,Delhi,24.0,Fruits & Vegetables,Yes,462.49,10.9,3.53,2.0,5.0,5.0
ORD003376,Swiggy Instamart,Chennai,25.0,Meat & Seafood,Yes,259.72,10.0,5.19,16.0,4.0,4.0
ORD003377,JioMart Express,Mumbai,26.0,Groceries,No,733.92,18.0,5.79,9.0,4.0,4.0
ORD003378,JioMart Express,Mumbai,19.0,Beverages,No,375.56,12.1,0.84,14.0,5.0,5.0
ORD003379,Blinkit,Delhi,34.0,Bakery,No,1037.91,26.9,2.72,1.0,5.0,3.0
ORD003380,BigBasket Now,Kolkata,62.0,Personal Care,Yes,223.93,9.2,7.2,3.0,5.0,4.0
ORD003381,Swiggy Instamart,Delhi,54.0,Meat & Seafood,No,257.24,20.0,7.84,18.0,4.0,5.0
ORD003382,BigBasket Now,Mumbai,59.0,Fruits & Vegetables,Yes,242.65,11.0,5.91,1.0,4.0,4.0
ORD003383,BigBasket Now,Mumbai,61.0,Fruits & Vegetables,Yes,165.79,11.8,3.07,11.0,3.0,
ORD003384,Zepto,Pune,34.0,Snacks & Munchies,No,229.93,20.4,4.35,5.0,4.0,3.0
ORD003385,Blinkit,Hyderabad,55.0,Baby Care,No,429.2,12.5,1.41,11.0,2.0,1.0
ORD003386,Dunzo,Delhi,52.0,Snacks & Munchies,Yes,263.14,13.4,9.56,6.0,5.0,1.0
ORD003387,JioMart Express,Hyderabad,64.0,Household Essentials,Yes,100.0,11.9,8.75,7.0,4.0,5.0
ORD003388,JioMart Express,Bangalore,56.0,Snacks & Munchies,Yes,768.59,33.6,1.12,13.0,4.0,5.0
ORD003389,Blinkit,Hyderabad,47.0,Baby Care,Yes,146.87,12.8,2.08,16.0,4.0,3.0
ORD003390,Dunzo,Delhi,23.0,Personal Care,Yes,574.52,16.8,6.02,3.0,4.0,3.0
ORD003391,JioMart Express,Pune,21.0,Bakery,Yes,411.06,15.2,2.71,15.0,5.0,1.0
ORD003392,Blinkit,Delhi,54.0,Dairy & Eggs,Yes,1437.16,18.0,9.38,8.0,4.0,3.0
ORD003393,JioMart Express,Chennai,52.0,Fruits & Vegetables,No,733.75,12.9,7.68,16.0,3.0,
ORD003394,BigBasket Now,Mumbai,26.0,Beverages,No,298.04,15.2,3.1,17.0,2.0,3.0
ORD003395,Swiggy Instamart,Delhi,23.0,Snacks & Munchies,No,264.74,19.3,0.56,13.0,5.0,5.0
ORD003396,Swiggy Instamart,Delhi,30.0,Meat & Seafood,No,993.9,11.6,8.09,3.0,5.0,5.0
ORD003397,JioMart Express,Bangalore,39.0,Personal Care,No,166.41,25.4,4.53,3.0,3.0,2.0
ORD003398,Zepto,Mumbai,45.0,Groceries,Yes,452.38,26.4,6.6,13.0,3.0,4.0
ORD003399,Dunzo,Kolkata,47.0,Fruits & Vegetables,Yes,372.91,21.0,3.23,17.0,3.0,4.0
ORD003400,Dunzo,Delhi,53.0,Baby Care,No,328.34,16.9,1.86,14.0,5.0,3.0
ORD003401,Dunzo,Chennai,19.0,Household Essentials,No,498.75,5.0,6.92,5.0,3.0,5.0
ORD003402,BigBasket Now,Kolkata,53.0,Baby Care,No,452.02,19.5,4.78,12.0,3.0,2.0
ORD003403,Dunzo,Hyderabad,25.0,Snacks & Munchies,No,530.83,14.1,2.73,16.0,3.0,3.0
ORD003404,Swiggy Instamart,Chennai,62.0,Bakery,Yes,438.51,14.9,1.81,6.0,5.0,3.0
ORD003405,BigBasket Now,Hyderabad,59.0,Household Essentials,Yes,518.33,7.7,6.01,,5.0,5.0
ORD003406,Blinkit,Delhi,26.0,Meat & Seafood,Yes,426.67,20.0,7.39,16.0,4.0,4.0
ORD003407,Dunzo,Kolkata,18.0,Baby Care,Yes,271.6,9.2,3.2,4.0,2.0,4.0
ORD003408,Dunzo,Delhi,30.0,Meat & Seafood,Yes,404.4,17.2,7.48,6.0,4.0,5.0
ORD003409,Blinkit,Hyderabad,32.0,Groceries,Yes,262.79,23.6,2.24,,3.0,3.0
ORD003410,Dunzo,Chennai,49.0,Meat & Seafood,Yes,252.59,13.6,3.71,1.0,2.0,5.0
ORD003411,Blinkit,Delhi,51.0,Fruits & Vegetables,Yes,329.74,26.7,7.58,8.0,5.0,
ORD003412,BigBasket Now,Delhi,60.0,Personal Care,Yes,375.53,12.2,6.77,6.0,5.0,4.0
ORD003413,Swiggy Instamart,Bangalore,48.0,Household Essentials,Yes,412.05,20.9,3.07,3.0,5.0,5.0
ORD003414,Blinkit,Kolkata,31.0,Fruits & Vegetables,No,699.12,9.8,1.66,14.0,4.0,4.0
ORD003415,Zepto,Pune,64.0,Beverages,Yes,299.14,24.8,0.9,,3.0,5.0
ORD003416,Blinkit,Bangalore,31.0,Baby Care,No,454.01,23.3,8.46,16.0,5.0,5.0
ORD003417,Dunzo,Hyderabad,46.0,Baby Care,No,433.03,19.8,1.21,13.0,3.0,3.0
ORD003418,BigBasket Now,Pune,64.0,Beverages,Yes,280.01,14.1,1.59,16.0,3.0,3.0
ORD003419,JioMart Express,Mumbai,36.0,Meat & Seafood,Yes,421.68,9.4,2.76,11.0,3.0,2.0
ORD003420,BigBasket Now,Delhi,44.0,Fruits & Vegetables,No,736.3,14.1,4.73,,5.0,3.0
ORD003421,JioMart Express,Chennai,26.0,Household Essentials,No,451.2,25.6,8.0,16.0,5.0,4.0
ORD003422,Blinkit,Kolkata,54.0,Household Essentials,No,462.18,17.3,2.85,10.0,2.0,1.0
ORD003423,Swiggy Instamart,Pune,54.0,Beverages,Yes,264.23,8.8,5.66,17.0,2.0,3.0
ORD003424,Zepto,Bangalore,60.0,Baby Care,No,1314.64,10.5,1.36,12.0,5.0,5.0
ORD003425,BigBasket Now,Mumbai,45.0,Beverages,No,273.41,27.1,4.91,5.0,5.0,5.0
ORD003426,Dunzo,Bangalore,41.0,Groceries,No,148.31,20.0,2.19,12.0,4.0,1.0
ORD003427,JioMart Express,,45.0,Groceries,Yes,675.94,10.0,2.51,3.0,3.0,1.0
ORD003428,Dunzo,Delhi,53.0,Groceries,No,376.57,8.1,3.98,19.0,4.0,3.0
ORD003429,Swiggy Instamart,Kolkata,35.0,Dairy & Eggs,No,336.36,12.8,7.73,10.0,4.0,5.0
ORD003430,JioMart Express,Mumbai,42.0,Personal Care,No,290.81,7.8,7.57,16.0,5.0,4.0
ORD003431,BigBasket Now,Kolkata,52.0,Bakery,Yes,1240.2,15.5,4.44,19.0,3.0,5.0
ORD003432,Blinkit,Bangalore,21.0,Snacks & Munchies,No,499.07,43.8,1.63,11.0,4.0,5.0
ORD003433,Dunzo,Hyderabad,31.0,Dairy & Eggs,Yes,561.07,8.7,3.17,16.0,3.0,5.0
ORD003434,Swiggy Instamart,Mumbai,56.0,Household Essentials,Yes,444.78,15.3,5.3,10.0,4.0,2.0
ORD003435,BigBasket Now,Delhi,43.0,Meat & Seafood,No,474.39,27.8,8.76,15.0,3.0,4.0
ORD003436,BigBasket Now,Mumbai,25.0,Baby Care,Yes,933.72,22.2,9.7,3.0,5.0,5.0
ORD003437,BigBasket Now,Ahmedabad,41.0,Meat & Seafood,No,347.06,15.5,6.56,10.0,3.0,3.0
ORD003438,BigBasket Now,Kolkata,33.0,Beverages,No,168.32,15.5,3.83,12.0,4.0,4.0
ORD003439,JioMart Express,Bangalore,37.0,Baby Care,Yes,679.14,10.4,7.09,9.0,4.0,
ORD003440,BigBasket Now,Delhi,32.0,Snacks & Munchies,No,543.5,14.8,3.69,19.0,5.0,
ORD003441,Dunzo,Pune,24.0,Snacks & Munchies,No,430.43,18.1,6.44,1.0,5.0,5.0
ORD003442,Swiggy Instamart,Delhi,34.0,Fruits & Vegetables,Yes,535.1,25.6,2.82,13.0,2.0,4.0
ORD003443,JioMart Express,Mumbai,39.0,Meat & Seafood,No,322.97,12.8,3.04,7.0,2.0,5.0
ORD003444,BigBasket Now,Hyderabad,39.0,Bakery,Yes,408.47,15.2,1.21,7.0,4.0,4.0
ORD003445,Zepto,Ahmedabad,29.0,Snacks & Munchies,No,372.78,11.2,4.49,6.0,4.0,4.0
ORD003446,Zepto,Mumbai,35.0,Personal Care,Yes,282.9,18.0,6.37,12.0,3.0,5.0
ORD003447,Swiggy Instamart,Delhi,63.0,Fruits & Vegetables,Yes,823.45,22.5,7.99,4.0,5.0,5.0
ORD003448,Blinkit,Pune,64.0,Bakery,Yes,172.89,21.2,8.2,10.0,2.0,5.0
ORD003449,Blinkit,Mumbai,32.0,Baby Care,No,1663.25,10.3,9.93,19.0,5.0,5.0
ORD003450,JioMart Express,Mumbai,54.0,Meat & Seafood,No,682.95,17.4,1.33,2.0,1.0,4.0
ORD003451,JioMart Express,Hyderabad,33.0,Meat & Seafood,No,138.83,12.5,5.18,4.0,2.0,3.0
ORD003452,JioMart Express,Pune,22.0,Bakery,Yes,352.66,24.6,5.45,15.0,3.0,1.0
ORD003453,Blinkit,Bangalore,19.0,Bakery,No,364.63,15.4,8.14,6.0,4.0,3.0
ORD003454,Zepto,Ahmedabad,45.0,Snacks & Munchies,Yes,510.37,9.0,3.03,1.0,3.0,4.0
ORD003455,Blinkit,Chennai,58.0,Baby Care,Yes,222.82,15.1,1.16,18.0,5.0,2.0
ORD003456,Dunzo,Mumbai,44.0,Fruits & Vegetables,No,411.26,19.8,3.48,8.0,4.0,3.0
ORD003457,BigBasket Now,Ahmedabad,48.0,Personal Care,Yes,375.15,18.1,9.85,13.0,1.0,2.0
ORD003458,JioMart Express,Bangalore,58.0,Household Essentials,Yes,259.16,13.4,9.04,19.0,5.0,4.0
ORD003459,Zepto,Delhi,53.0,Household Essentials,No,238.4,13.0,4.25,16.0,,2.0
ORD003460,Swiggy Instamart,Hyderabad,64.0,Dairy & Eggs,No,700.14,11.1,8.82,1.0,4.0,5.0
ORD003461,Swiggy Instamart,,60.0,Personal Care,Yes,145.77,14.0,0.81,2.0,5.0,4.0
ORD003462,BigBasket Now,Mumbai,18.0,Baby Care,Yes,537.39,11.7,3.48,19.0,2.0,4.0
ORD003463,Zepto,Mumbai,46.0,Baby Care,Yes,651.0,24.2,7.4,14.0,3.0,5.0
ORD003464,Blinkit,Bangalore,18.0,Fruits & Vegetables,No,353.85,11.5,2.6,15.0,3.0,2.0
ORD003465,Blinkit,Kolkata,25.0,Meat & Seafood,No,416.31,17.3,2.38,2.0,5.0,5.0
ORD003466,Dunzo,Hyderabad,33.0,Dairy & Eggs,No,810.86,16.8,8.69,13.0,4.0,4.0
ORD003467,Dunzo,Ahmedabad,45.0,Fruits & Vegetables,No,264.3,24.0,6.35,11.0,1.0,2.0
ORD003468,Blinkit,Delhi,39.0,Dairy & Eggs,Yes,281.18,25.4,9.9,10.0,4.0,3.0
ORD003469,Swiggy Instamart,,35.0,Meat & Seafood,No,299.68,21.7,1.78,2.0,1.0,5.0
ORD003470,JioMart Express,Mumbai,39.0,Beverages,Yes,811.75,18.9,3.88,17.0,3.0,4.0
ORD003471,Swiggy Instamart,Mumbai,58.0,Dairy & Eggs,Yes,876.01,10.8,3.46,3.0,4.0,3.0
ORD003472,Dunzo,Delhi,29.0,Fruits & Vegetables,No,174.59,10.7,8.86,,3.0,5.0
ORD003473,BigBasket Now,Kolkata,36.0,Beverages,Yes,737.85,11.7,2.93,5.0,1.0,5.0
ORD003474,Blinkit,Pune,42.0,Bakery,No,659.41,22.2,3.86,2.0,2.0,5.0
ORD003475,Dunzo,Ahmedabad,22.0,Personal Care,Yes,1024.7,16.9,1.86,4.0,4.0,5.0
ORD003476,Dunzo,Delhi,51.0,Snacks & Munchies,No,508.3,23.3,7.87,12.0,4.0,5.0
ORD003477,JioMart Express,Pune,56.0,Fruits & Vegetables,Yes,392.86,24.6,2.76,6.0,4.0,3.0
ORD003478,Blinkit,Delhi,27.0,Bakery,Yes,802.02,12.3,1.15,15.0,5.0,4.0
ORD003479,JioMart Express,Mumbai,64.0,Household Essentials,No,613.6,16.7,4.63,7.0,3.0,5.0
ORD003480,Blinkit,Pune,24.0,Household Essentials,No,1551.44,16.4,4.22,6.0,2.0,3.0
ORD003481,JioMart Express,Hyderabad,54.0,Baby Care,No,717.11,14.4,2.19,14.0,5.0,3.0
ORD003482,Swiggy Instamart,Mumbai,64.0,Fruits & Vegetables,No,442.36,13.3,1.77,18.0,3.0,3.0
ORD003483,BigBasket Now,Bangalore,32.0,Groceries,No,199.44,26.4,9.02,7.0,4.0,3.0
ORD003484,BigBasket Now,Delhi,59.0,Snacks & Munchies,No,284.7,16.8,1.14,6.0,5.0,2.0
ORD003485,Blinkit,Chennai,41.0,Groceries,Yes,170.45,16.5,1.44,6.0,4.0,5.0
ORD003486,Zepto,Bangalore,43.0,Personal Care,Yes,354.59,11.9,2.83,6.0,1.0,5.0
ORD003487,Dunzo,Ahmedabad,43.0,Baby Care,Yes,703.2,21.5,9.55,10.0,5.0,3.0
ORD003488,Dunzo,Mumbai,63.0,Snacks & Munchies,No,402.54,11.0,1.31,4.0,1.0,5.0
ORD003489,Blinkit,Delhi,43.0,Beverages,Yes,744.74,19.7,8.25,10.0,4.0,4.0
ORD003490,JioMart Express,Bangalore,27.0,Dairy & Eggs,No,494.0,19.9,8.97,1.0,3.0,3.0
ORD003491,Zepto,Bangalore,34.0,Snacks & Munchies,No,316.76,13.9,4.09,14.0,4.0,3.0
ORD003492,Swiggy Instamart,Delhi,31.0,Meat & Seafood,No,425.21,18.7,3.29,18.0,4.0,3.0
ORD003493,JioMart Express,,19.0,Beverages,Yes,535.53,17.7,6.94,9.0,,5.0
ORD003494,JioMart Express,Pune,30.0,Dairy & Eggs,Yes,438.58,16.2,7.18,10.0,5.0,3.0
ORD003495,Blinkit,Pune,44.0,Personal Care,No,441.6,16.5,7.91,19.0,5.0,3.0
ORD003496,Blinkit,Kolkata,26.0,Household Essentials,Yes,254.31,16.9,8.39,4.0,2.0,1.0
ORD003497,Dunzo,Pune,24.0,Dairy & Eggs,Yes,311.13,17.3,3.05,13.0,5.0,5.0
ORD003498,Blinkit,Hyderabad,27.0,Meat & Seafood,Yes,1564.12,16.8,7.03,10.0,2.0,5.0
ORD003499,Blinkit,Kolkata,26.0,Baby Care,Yes,843.1,10.6,1.78,13.0,2.0,4.0
ORD003500,Blinkit,Delhi,39.0,Dairy & Eggs,Yes,166.62,15.5,5.35,12.0,5.0,
ORD003501,Dunzo,Bangalore,40.0,Snacks & Munchies,No,100.0,18.3,6.32,3.0,4.0,3.0
ORD003502,Swiggy Instamart,Delhi,24.0,Snacks & Munchies,No,422.3,17.1,2.04,19.0,3.0,4.0
ORD003503,Swiggy Instamart,Bangalore,26.0,Baby Care,No,689.58,24.1,1.23,9.0,4.0,3.0
ORD003504,Blinkit,Delhi,44.0,Snacks & Munchies,Yes,295.31,21.1,2.35,13.0,3.0,3.0
ORD003505,Dunzo,Ahmedabad,41.0,Personal Care,No,744.71,11.6,4.5,8.0,4.0,5.0
ORD003506,Swiggy Instamart,Delhi,46.0,Meat & Seafood,No,418.13,15.4,8.93,4.0,4.0,5.0
ORD003507,JioMart Express,Mumbai,34.0,Fruits & Vegetables,Yes,365.83,14.5,5.55,9.0,5.0,3.0
ORD003508,Swiggy Instamart,Bangalore,37.0,Fruits & Vegetables,Yes,635.03,16.4,7.61,7.0,1.0,2.0
ORD003509,Swiggy Instamart,Mumbai,24.0,Household Essentials,Yes,293.21,16.4,2.15,11.0,3.0,4.0
ORD003510,Dunzo,Mumbai,60.0,Bakery,No,339.67,21.0,1.51,15.0,2.0,5.0
ORD003511,JioMart Express,Delhi,57.0,Personal Care,No,603.11,17.7,2.78,13.0,2.0,2.0
ORD003512,Dunzo,Bangalore,24.0,Bakery,No,395.9,26.9,3.48,3.0,5.0,4.0
ORD003513,Blinkit,Bangalore,45.0,Fruits & Vegetables,Yes,1268.09,18.1,5.71,3.0,5.0,5.0
ORD003514,BigBasket Now,Kolkata,36.0,Dairy & Eggs,No,611.73,11.8,8.87,11.0,5.0,3.0
ORD003515,Swiggy Instamart,Chennai,37.0,Dairy & Eggs,Yes,588.33,13.6,4.55,5.0,4.0,5.0
ORD003516,BigBasket Now,Bangalore,61.0,Dairy & Eggs,Yes,391.62,20.9,5.43,19.0,5.0,2.0
ORD003517,Dunzo,Delhi,56.0,Snacks & Munchies,No,681.88,8.6,0.54,12.0,2.0,4.0
ORD003518,Dunzo,Delhi,57.0,Snacks & Munchies,Yes,332.43,9.6,0.82,18.0,2.0,5.0
ORD003519,Dunzo,Kolkata,24.0,Groceries,No,477.91,16.5,1.3,4.0,3.0,4.0
ORD003520,BigBasket Now,Mumbai,23.0,Dairy & Eggs,No,232.81,24.1,7.14,8.0,5.0,3.0
ORD003521,Dunzo,Mumbai,42.0,Dairy & Eggs,No,752.7,27.7,5.12,14.0,4.0,5.0
ORD003522,Blinkit,Kolkata,58.0,Beverages,Yes,480.28,15.1,2.33,16.0,4.0,1.0
ORD003523,Dunzo,Bangalore,30.0,Baby Care,No,1325.45,25.1,6.13,8.0,3.0,4.0
ORD003524,Zepto,Mumbai,56.0,Fruits & Vegetables,No,1694.9,16.9,5.67,5.0,,4.0
ORD003525,BigBasket Now,Delhi,57.0,Snacks & Munchies,No,637.78,8.9,1.34,9.0,5.0,4.0
ORD003526,Zepto,Pune,39.0,Meat & Seafood,No,420.34,16.4,6.58,2.0,3.0,4.0
ORD003527,Dunzo,Pune,34.0,Snacks & Munchies,No,228.69,12.8,7.79,8.0,4.0,4.0
ORD003528,Blinkit,Chennai,39.0,Meat & Seafood,No,694.26,23.7,3.22,7.0,3.0,3.0
ORD003529,Swiggy Instamart,Bangalore,51.0,Groceries,Yes,457.68,16.3,7.03,18.0,5.0,4.0
ORD003530,JioMart Express,Bangalore,25.0,Meat & Seafood,No,557.14,9.9,2.4,9.0,4.0,1.0
ORD003531,JioMart Express,Ahmedabad,62.0,Snacks & Munchies,No,1138.96,9.0,7.69,11.0,3.0,1.0
ORD003532,Dunzo,Ahmedabad,35.0,Household Essentials,No,246.0,16.3,9.16,12.0,4.0,4.0
ORD003533,Blinkit,Delhi,41.0,Snacks & Munchies,No,231.69,6.2,4.7,8.0,2.0,
ORD003534,BigBasket Now,Kolkata,59.0,Personal Care,Yes,350.07,13.4,2.82,17.0,5.0,3.0
ORD003535,Zepto,Mumbai,19.0,Household Essentials,No,660.32,18.0,4.29,19.0,5.0,4.0
ORD003536,Zepto,Delhi,19.0,Dairy & Eggs,No,562.8,10.8,2.88,1.0,4.0,4.0
ORD003537,Zepto,,44.0,Fruits & Vegetables,Yes,235.71,24.5,0.51,3.0,3.0,4.0
ORD003538,BigBasket Now,Bangalore,31.0,Meat & Seafood,Yes,635.19,26.5,6.68,14.0,4.0,4.0
ORD003539,JioMart Express,Pune,56.0,Snacks & Munchies,No,196.23,10.9,0.9,18.0,4.0,5.0
ORD003540,Blinkit,Mumbai,29.0,Snacks & Munchies,Yes,244.05,14.6,2.5,2.0,3.0,4.0
ORD003541,BigBasket Now,Bangalore,49.0,Meat & Seafood,Yes,376.43,24.5,7.36,8.0,1.0,5.0
ORD003542,Zepto,Pune,45.0,Bakery,Yes,289.44,16.4,6.82,17.0,5.0,3.0
ORD003543,Dunzo,Pune,45.0,Fruits & Vegetables,No,688.09,9.4,1.2,9.0,5.0,5.0
ORD003544,Swiggy Instamart,Mumbai,63.0,Beverages,Yes,479.06,15.5,6.77,12.0,5.0,4.0
ORD003545,BigBasket Now,Delhi,42.0,Baby Care,Yes,1163.67,11.7,9.34,7.0,4.0,4.0
ORD003546,BigBasket Now,Hyderabad,21.0,Dairy & Eggs,No,347.82,25.6,1.21,1.0,5.0,5.0
ORD003547,Blinkit,Mumbai,43.0,Household Essentials,No,374.91,21.0,4.45,14.0,4.0,3.0
ORD003548,Blinkit,Ahmedabad,53.0,Snacks & Munchies,No,834.0,14.5,7.43,2.0,4.0,4.0
ORD003549,BigBasket Now,Pune,20.0,Groceries,Yes,382.01,17.4,6.84,17.0,,2.0
ORD003550,Zepto,Mumbai,18.0,Fruits & Vegetables,No,988.71,9.7,2.65,7.0,5.0,5.0
ORD003551,Swiggy Instamart,Mumbai,34.0,Meat & Seafood,Yes,558.08,12.2,2.05,15.0,5.0,5.0
ORD003552,Blinkit,Mumbai,24.0,Snacks & Munchies,No,100.0,30.6,7.95,9.0,5.0,4.0
ORD003553,Zepto,Pune,22.0,Household Essentials,No,817.74,16.8,9.58,8.0,5.0,4.0
ORD003554,Dunzo,,36.0,Groceries,Yes,697.59,23.9,7.79,7.0,4.0,4.0
ORD003555,Blinkit,Bangalore,56.0,Baby Care,No,713.94,18.0,9.65,4.0,5.0,2.0
ORD003556,Zepto,Bangalore,63.0,Baby Care,Yes,128.18,27.8,6.25,10.0,4.0,3.0
ORD003557,Zepto,Hyderabad,51.0,Household Essentials,No,271.02,7.4,9.33,7.0,3.0,4.0
ORD003558,Swiggy Instamart,Mumbai,52.0,Fruits & Vegetables,Yes,283.38,15.3,7.06,15.0,5.0,4.0
ORD003559,Swiggy Instamart,Delhi,33.0,Groceries,No,243.55,31.8,9.13,13.0,5.0,4.0
ORD003560,Dunzo,Pune,57.0,Meat & Seafood,Yes,1147.28,24.1,2.04,8.0,3.0,3.0
ORD003561,Zepto,Pune,64.0,Groceries,Yes,400.59,27.9,8.25,9.0,5.0,
ORD003562,JioMart Express,Kolkata,56.0,Personal Care,No,394.68,16.4,2.37,9.0,3.0,5.0
ORD003563,Zepto,Mumbai,44.0,Meat & Seafood,No,561.83,13.3,0.76,5.0,5.0,1.0
ORD003564,Swiggy Instamart,Delhi,58.0,Dairy & Eggs,No,567.69,10.9,5.42,6.0,4.0,4.0
ORD003565,JioMart Express,Hyderabad,55.0,Beverages,Yes,100.0,10.6,3.52,16.0,4.0,4.0
ORD003566,Blinkit,Delhi,42.0,Dairy & Eggs,Yes,273.74,22.7,0.91,16.0,5.0,5.0
ORD003567,Blinkit,Pune,43.0,Beverages,No,172.83,20.2,9.81,14.0,5.0,
ORD003568,BigBasket Now,Hyderabad,31.0,Dairy & Eggs,No,512.95,16.0,6.83,19.0,5.0,4.0
ORD003569,Swiggy Instamart,Mumbai,31.0,Groceries,Yes,339.23,20.2,9.07,19.0,5.0,5.0
ORD003570,BigBasket Now,,31.0,Fruits & Vegetables,No,407.17,17.4,9.99,,2.0,3.0
ORD003571,JioMart Express,Ahmedabad,42.0,Household Essentials,Yes,115.92,24.2,4.22,5.0,2.0,4.0
ORD003572,Swiggy Instamart,Mumbai,53.0,Snacks & Munchies,Yes,334.99,24.1,2.92,1.0,5.0,4.0
ORD003573,Dunzo,Bangalore,21.0,Beverages,Yes,787.67,10.7,2.25,5.0,5.0,4.0
ORD003574,Zepto,Delhi,64.0,Snacks & Munchies,No,939.8,18.3,5.39,9.0,3.0,2.0
ORD003575,Dunzo,Bangalore,32.0,Personal Care,No,620.99,8.4,6.26,7.0,1.0,3.0
ORD003576,JioMart Express,Mumbai,49.0,Personal Care,No,181.04,17.3,4.99,10.0,3.0,3.0
ORD003577,Swiggy Instamart,Hyderabad,35.0,Snacks & Munchies,No,858.89,20.9,4.18,15.0,4.0,5.0
ORD003578,JioMart Express,Ahmedabad,31.0,Personal Care,Yes,622.91,9.7,2.1,12.0,5.0,5.0
ORD003579,Zepto,Bangalore,18.0,Meat & Seafood,No,376.04,13.9,4.7,13.0,1.0,3.0
ORD003580,Blinkit,Mumbai,59.0,Snacks & Munchies,No,119.7,16.5,1.31,18.0,3.0,2.0
ORD003581,Blinkit,Hyderabad,37.0,Personal Care,No,714.91,18.1,8.72,10.0,5.0,5.0
ORD003582,JioMart Express,Delhi,27.0,Beverages,Yes,282.79,14.7,0.95,1.0,3.0,4.0
ORD003583,BigBasket Now,Pune,27.0,Fruits & Vegetables,No,496.56,10.3,4.12,4.0,5.0,5.0
ORD003584,Swiggy Instamart,Bangalore,41.0,Personal Care,No,420.33,16.1,1.45,17.0,4.0,3.0
ORD003585,Swiggy Instamart,Mumbai,51.0,Snacks & Munchies,No,1015.4,8.5,7.86,13.0,4.0,5.0
ORD003586,Blinkit,Mumbai,45.0,Beverages,No,374.2,15.0,3.47,2.0,2.0,5.0
ORD003587,Dunzo,Chennai,44.0,Snacks & Munchies,No,399.79,13.8,1.57,15.0,3.0,3.0
ORD003588,Zepto,Delhi,57.0,Baby Care,Yes,1040.2,15.6,5.55,12.0,4.0,3.0
ORD003589,Dunzo,Chennai,18.0,Groceries,No,271.8,13.1,9.2,2.0,5.0,3.0
ORD003590,Dunzo,Delhi,50.0,Groceries,No,657.6,9.0,9.13,7.0,4.0,3.0
ORD003591,JioMart Express,Delhi,21.0,Groceries,No,358.11,14.2,2.87,4.0,1.0,5.0
ORD003592,Blinkit,Bangalore,24.0,Dairy & Eggs,Yes,221.07,23.9,7.34,14.0,5.0,4.0
ORD003593,Blinkit,Ahmedabad,26.0,Meat & Seafood,Yes,403.71,27.2,0.79,18.0,2.0,5.0
ORD003594,Blinkit,Pune,33.0,Snacks & Munchies,No,610.95,43.6,1.75,11.0,5.0,5.0
ORD003595,JioMart Express,Delhi,22.0,Meat & Seafood,Yes,908.89,32.4,5.24,3.0,3.0,
ORD003596,BigBasket Now,Delhi,51.0,Snacks & Munchies,Yes,977.32,10.2,2.67,3.0,4.0,4.0
ORD003597,Dunzo,Mumbai,40.0,Baby Care,No,338.03,14.0,8.08,18.0,2.0,2.0
ORD003598,JioMart Express,Bangalore,60.0,Personal Care,Yes,223.11,16.3,9.35,1.0,,4.0
ORD003599,Swiggy Instamart,Bangalore,42.0,Dairy & Eggs,Yes,333.2,15.9,0.54,13.0,4.0,5.0
ORD003600,Zepto,Pune,30.0,Fruits & Vegetables,Yes,198.56,16.9,2.71,5.0,4.0,3.0
ORD003601,BigBasket Now,Pune,41.0,Snacks & Munchies,Yes,354.1,43.1,4.68,4.0,1.0,4.0
ORD003602,Swiggy Instamart,Bangalore,28.0,Beverages,No,328.65,10.7,5.85,3.0,5.0,5.0
ORD003603,Dunzo,Bangalore,34.0,Personal Care,Yes,624.21,12.4,9.2,19.0,5.0,4.0
ORD003604,Blinkit,Pune,54.0,Household Essentials,Yes,107.39,31.7,8.97,13.0,4.0,4.0
ORD003605,Dunzo,Kolkata,30.0,Household Essentials,No,259.78,12.9,6.55,16.0,4.0,5.0
ORD003606,JioMart Express,Mumbai,44.0,Fruits & Vegetables,No,261.04,19.2,2.95,19.0,4.0,1.0
ORD003607,Zepto,Delhi,37.0,Beverages,Yes,822.44,24.9,7.94,1.0,2.0,
ORD003608,JioMart Express,,50.0,Groceries,No,206.79,20.0,2.43,18.0,5.0,5.0
ORD003609,BigBasket Now,Delhi,59.0,Dairy & Eggs,No,462.2,17.8,9.67,7.0,3.0,1.0
ORD003610,BigBasket Now,Mumbai,49.0,Meat & Seafood,No,373.58,23.9,0.56,3.0,4.0,4.0
ORD003611,Zepto,Mumbai,25.0,Bakery,No,754.33,11.5,5.91,10.0,4.0,4.0
ORD003612,Swiggy Instamart,Hyderabad,46.0,Bakery,No,576.8,13.5,1.34,8.0,,2.0
ORD003613,Swiggy Instamart,Delhi,57.0,Dairy & Eggs,Yes,433.87,20.4,4.37,2.0,5.0,4.0
ORD003614,BigBasket Now,Mumbai,36.0,Personal Care,Yes,289.22,7.2,6.53,10.0,3.0,4.0
ORD003615,BigBasket Now,Delhi,23.0,Baby Care,Yes,132.77,29.0,7.05,18.0,5.0,5.0
ORD003616,Blinkit,Kolkata,61.0,Personal Care,Yes,467.9,18.6,7.96,12.0,4.0,4.0
ORD003617,Swiggy Instamart,Pune,56.0,Household Essentials,No,554.63,17.5,6.14,14.0,2.0,5.0
ORD003618,Zepto,Bangalore,58.0,Meat & Seafood,No,156.82,8.6,2.89,2.0,4.0,2.0
ORD003619,Swiggy Instamart,Bangalore,38.0,Household Essentials,Yes,192.44,9.8,8.95,17.0,5.0,3.0
ORD003620,Blinkit,Ahmedabad,39.0,Snacks & Munchies,Yes,469.37,14.0,8.21,12.0,3.0,5.0
ORD003621,JioMart Express,Delhi,59.0,Household Essentials,Yes,494.47,22.7,2.02,7.0,4.0,5.0
ORD003622,BigBasket Now,Delhi,27.0,Bakery,No,222.65,7.2,8.35,15.0,,3.0
ORD003623,BigBasket Now,Delhi,27.0,Bakery,No,285.88,22.5,9.74,,4.0,4.0
ORD003624,Blinkit,Mumbai,46.0,Meat & Seafood,No,134.04,14.2,6.55,12.0,5.0,4.0
ORD003625,Zepto,Delhi,33.0,Household Essentials,No,921.83,15.0,3.18,17.0,3.0,4.0
ORD003626,BigBasket Now,Pune,18.0,Dairy & Eggs,No,184.95,18.2,6.26,1.0,4.0,5.0
ORD003627,Dunzo,Hyderabad,34.0,Dairy & Eggs,No,558.56,18.3,3.75,8.0,4.0,5.0
ORD003628,BigBasket Now,Bangalore,47.0,Fruits & Vegetables,Yes,395.05,12.4,6.92,5.0,3.0,3.0
ORD003629,Dunzo,Pune,43.0,Baby Care,No,874.59,21.1,5.68,8.0,5.0,3.0
ORD003630,Blinkit,Mumbai,63.0,Meat & Seafood,No,250.8,6.5,9.33,14.0,1.0,3.0
ORD003631,Blinkit,Delhi,36.0,Household Essentials,No,418.53,13.7,6.37,,2.0,5.0
ORD003632,BigBasket Now,Hyderabad,38.0,Meat & Seafood,No,145.61,17.5,2.53,18.0,5.0,4.0
ORD003633,Swiggy Instamart,Hyderabad,34.0,Personal Care,No,126.08,14.3,7.39,5.0,3.0,5.0
ORD003634,Dunzo,Mumbai,63.0,Groceries,No,576.98,7.9,3.36,10.0,5.0,5.0
ORD003635,Zepto,Bangalore,57.0,Beverages,No,138.24,22.3,3.09,15.0,,3.0
ORD003636,BigBasket Now,Hyderabad,38.0,Personal Care,Yes,351.8,10.0,4.22,3.0,3.0,5.0
ORD003637,Zepto,Chennai,58.0,Personal Care,No,740.09,16.0,0.61,3.0,3.0,4.0
ORD003638,BigBasket Now,Hyderabad,57.0,Household Essentials,No,631.45,17.5,9.71,17.0,2.0,3.0
ORD003639,Swiggy Instamart,Delhi,62.0,Groceries,Yes,270.76,16.6,5.56,14.0,3.0,4.0
ORD003640,Swiggy Instamart,,36.0,Dairy & Eggs,No,155.54,26.2,7.85,10.0,3.0,5.0
ORD003641,Swiggy Instamart,Bangalore,24.0,Dairy & Eggs,No,547.68,16.1,2.95,19.0,5.0,4.0
ORD003642,JioMart Express,Mumbai,34.0,Personal Care,No,902.67,19.5,7.59,16.0,5.0,5.0
ORD003643,Swiggy Instamart,Ahmedabad,18.0,Baby Care,No,271.15,16.1,5.89,17.0,1.0,4.0
ORD003644,Blinkit,Bangalore,54.0,Dairy & Eggs,Yes,249.14,21.0,4.53,13.0,5.0,4.0
ORD003645,Blinkit,Delhi,23.0,Snacks & Munchies,No,294.44,28.7,9.72,1.0,2.0,5.0
ORD003646,JioMart Express,Chennai,43.0,Personal Care,No,568.48,17.4,5.19,1.0,4.0,5.0
ORD003647,Dunzo,Bangalore,19.0,Beverages,Yes,843.12,22.5,6.75,17.0,3.0,
ORD003648,Zepto,Delhi,49.0,Groceries,Yes,191.76,29.4,0.65,18.0,2.0,3.0
ORD003649,BigBasket Now,Kolkata,22.0,Fruits & Vegetables,No,164.19,28.3,3.36,17.0,5.0,4.0
ORD003650,BigBasket Now,Pune,54.0,Bakery,No,1642.54,14.1,8.94,12.0,,
ORD003651,JioMart Express,Chennai,48.0,Meat & Seafood,No,362.71,24.9,7.71,6.0,4.0,5.0
ORD003652,Blinkit,Mumbai,29.0,Personal Care,No,469.53,18.2,5.6,7.0,4.0,2.0
ORD003653,BigBasket Now,Hyderabad,52.0,Dairy & Eggs,Yes,266.36,25.7,9.05,17.0,2.0,5.0
ORD003654,Blinkit,Chennai,47.0,Meat & Seafood,Yes,541.3,20.6,5.12,16.0,5.0,4.0
ORD003655,Dunzo,Mumbai,23.0,Beverages,Yes,717.69,18.4,5.88,1.0,5.0,3.0
ORD003656,Zepto,Delhi,32.0,Household Essentials,No,482.93,19.6,4.13,11.0,1.0,4.0
ORD003657,Dunzo,Pune,32.0,Bakery,Yes,1146.55,18.2,6.39,10.0,4.0,3.0
ORD003658,JioMart Express,Mumbai,33.0,Baby Care,No,331.61,18.5,3.53,1.0,4.0,3.0
ORD003659,Swiggy Instamart,Chennai,37.0,Fruits & Vegetables,No,344.56,15.4,4.16,11.0,4.0,5.0
ORD003660,Swiggy Instamart,Bangalore,30.0,Household Essentials,No,463.52,14.9,9.68,3.0,4.0,4.0
ORD003661,Swiggy Instamart,Bangalore,61.0,Beverages,No,533.24,33.3,1.56,16.0,4.0,4.0
ORD003662,Dunzo,Mumbai,59.0,Dairy & Eggs,No,462.56,19.9,1.5,1.0,5.0,4.0
ORD003663,BigBasket Now,Kolkata,63.0,Snacks & Munchies,Yes,186.67,13.1,0.91,7.0,4.0,3.0
ORD003664,Zepto,Delhi,48.0,Groceries,Yes,486.63,14.7,3.54,11.0,4.0,4.0
ORD003665,Swiggy Instamart,Bangalore,51.0,Household Essentials,Yes,322.3,25.1,4.28,17.0,4.0,5.0
ORD003666,JioMart Express,,46.0,Household Essentials,No,284.69,12.2,1.4,19.0,4.0,3.0
ORD003667,JioMart Express,Chennai,20.0,Fruits & Vegetables,Yes,411.37,9.1,5.72,14.0,4.0,4.0
ORD003668,Swiggy Instamart,Ahmedabad,26.0,Groceries,No,226.58,9.4,6.04,16.0,4.0,
ORD003669,Swiggy Instamart,Bangalore,28.0,Beverages,Yes,204.13,8.2,7.63,17.0,4.0,3.0
ORD003670,Zepto,Bangalore,28.0,Meat & Seafood,Yes,100.0,9.8,9.77,14.0,4.0,4.0
ORD003671,Swiggy Instamart,Ahmedabad,42.0,Meat & Seafood,Yes,1150.95,10.3,6.38,9.0,3.0,4.0
ORD003672,Zepto,Hyderabad,39.0,Groceries,No,563.09,28.6,1.56,13.0,4.0,5.0
ORD003673,JioMart Express,Delhi,59.0,Baby Care,No,376.13,16.1,1.34,2.0,5.0,4.0
ORD003674,Swiggy Instamart,Mumbai,63.0,Personal Care,No,270.34,14.2,7.89,8.0,5.0,2.0
ORD003675,Dunzo,Kolkata,26.0,Baby Care,No,100.0,9.2,6.68,4.0,5.0,4.0
ORD003676,Dunzo,Delhi,37.0,Baby Care,No,260.57,15.5,2.04,5.0,4.0,
ORD003677,JioMart Express,Hyderabad,38.0,Household Essentials,No,619.88,8.2,2.91,15.0,3.0,4.0
ORD003678,Zepto,Bangalore,27.0,Household Essentials,No,710.03,14.2,7.63,2.0,4.0,5.0
ORD003679,Dunzo,,39.0,Bakery,No,593.11,37.6,5.88,9.0,2.0,
ORD003680,Zepto,Hyderabad,46.0,Dairy & Eggs,No,443.65,21.4,6.06,8.0,5.0,5.0
ORD003681,Dunzo,Mumbai,26.0,Beverages,No,882.12,15.1,2.5,11.0,3.0,4.0
ORD003682,Dunzo,Bangalore,22.0,Beverages,No,331.25,21.7,6.48,13.0,5.0,
ORD003683,Zepto,Bangalore,57.0,Bakery,No,773.65,13.3,7.82,7.0,,5.0
ORD003684,BigBasket Now,Bangalore,28.0,Household Essentials,No,320.3,11.9,8.91,19.0,5.0,
ORD003685,Dunzo,Chennai,18.0,Fruits & Vegetables,Yes,237.77,32.5,7.5,15.0,5.0,2.0
ORD003686,Swiggy Instamart,Kolkata,59.0,Fruits & Vegetables,No,220.65,10.4,5.98,12.0,4.0,4.0
ORD003687,JioMart Express,Kolkata,18.0,Dairy & Eggs,Yes,213.0,14.3,6.9,13.0,4.0,
ORD003688,BigBasket Now,Mumbai,56.0,Groceries,No,599.11,18.6,5.11,1.0,3.0,4.0
ORD003689,Zepto,Mumbai,63.0,Household Essentials,No,258.36,11.3,2.66,8.0,3.0,5.0
ORD003690,BigBasket Now,Bangalore,22.0,Meat & Seafood,No,217.06,21.3,8.88,,2.0,4.0
ORD003691,Blinkit,Pune,39.0,Meat & Seafood,Yes,619.08,14.5,5.56,14.0,3.0,2.0
ORD003692,Blinkit,Kolkata,43.0,Household Essentials,Yes,491.17,21.4,6.15,8.0,,4.0
ORD003693,Dunzo,Kolkata,23.0,Snacks & Munchies,Yes,718.78,20.8,9.91,3.0,3.0,1.0
ORD003694,Dunzo,Delhi,49.0,Groceries,Yes,548.7,14.9,9.86,12.0,5.0,4.0
ORD003695,Swiggy Instamart,Bangalore,28.0,Meat & Seafood,No,256.76,32.6,6.07,15.0,3.0,4.0
ORD003696,JioMart Express,Bangalore,27.0,Personal Care,No,422.28,12.6,0.82,16.0,5.0,4.0
ORD003697,BigBasket Now,Mumbai,64.0,Baby Care,No,434.88,28.2,4.26,7.0,4.0,4.0
ORD003698,Blinkit,Mumbai,56.0,Household Essentials,No,232.41,26.3,9.4,18.0,4.0,3.0
ORD003699,Dunzo,Ahmedabad,51.0,Snacks & Munchies,Yes,207.93,33.4,3.24,13.0,4.0,5.0
ORD003700,JioMart Express,Delhi,48.0,Personal Care,Yes,268.16,17.6,9.99,6.0,5.0,4.0
ORD003701,BigBasket Now,,29.0,Baby Care,Yes,1369.16,12.0,1.3,2.0,3.0,3.0
ORD003702,Dunzo,Mumbai,61.0,Baby Care,No,314.93,37.7,5.9,2.0,5.0,5.0
ORD003703,Dunzo,Pune,33.0,Dairy & Eggs,No,845.32,14.4,5.4,19.0,4.0,5.0
ORD003704,Blinkit,Hyderabad,55.0,Groceries,No,304.54,11.9,2.93,6.0,3.0,3.0
ORD003705,Blinkit,Hyderabad,20.0,Household Essentials,Yes,687.67,15.2,9.51,10.0,2.0,4.0
ORD003706,Dunzo,Pune,19.0,Snacks & Munchies,Yes,693.32,11.1,6.38,17.0,5.0,4.0
ORD003707,Zepto,Delhi,22.0,Bakery,No,714.48,20.3,2.69,19.0,3.0,3.0
ORD003708,Dunzo,Hyderabad,28.0,Dairy & Eggs,Yes,509.13,12.9,4.15,16.0,5.0,3.0
ORD003709,JioMart Express,Mumbai,42.0,Fruits & Vegetables,No,921.88,14.7,7.35,18.0,2.0,4.0
ORD003710,Dunzo,Mumbai,52.0,Personal Care,Yes,506.24,24.2,3.33,19.0,4.0,3.0
ORD003711,Swiggy Instamart,Kolkata,52.0,Bakery,Yes,1127.91,21.1,8.86,2.0,4.0,5.0
ORD003712,Swiggy Instamart,Chennai,39.0,Personal Care,No,152.63,16.5,2.07,3.0,4.0,2.0
ORD003713,Swiggy Instamart,Delhi,54.0,Household Essentials,Yes,497.19,17.6,3.01,15.0,3.0,5.0
ORD003714,Zepto,,39.0,Snacks & Munchies,No,478.18,16.5,1.88,15.0,5.0,5.0
ORD003715,Zepto,Bangalore,28.0,Snacks & Munchies,No,230.0,13.8,1.49,12.0,5.0,5.0
ORD003716,Dunzo,Mumbai,49.0,Baby Care,No,571.21,16.4,3.35,13.0,4.0,3.0
ORD003717,Swiggy Instamart,Delhi,52.0,Bakery,No,165.0,20.0,9.99,2.0,4.0,5.0
ORD003718,Zepto,Delhi,48.0,Snacks & Munchies,No,272.46,15.6,1.4,18.0,,4.0
ORD003719,Blinkit,Delhi,62.0,Meat & Seafood,Yes,121.58,19.5,2.52,15.0,5.0,4.0
ORD003720,Dunzo,Kolkata,25.0,Personal Care,No,1027.8,11.8,3.08,18.0,5.0,3.0
ORD003721,JioMart Express,Delhi,37.0,Baby Care,No,351.1,12.9,6.38,13.0,3.0,5.0
ORD003722,BigBasket Now,,59.0,Household Essentials,Yes,1480.49,12.3,7.58,6.0,3.0,1.0
ORD003723,Dunzo,Bangalore,51.0,Snacks & Munchies,No,653.13,13.1,7.64,8.0,5.0,4.0
ORD003724,BigBasket Now,Pune,21.0,Beverages,No,527.87,27.5,0.58,16.0,,5.0
ORD003725,Swiggy Instamart,Delhi,35.0,Household Essentials,No,283.8,22.0,6.69,3.0,5.0,4.0
ORD003726,BigBasket Now,Mumbai,21.0,Bakery,No,215.33,10.7,6.49,,4.0,3.0
ORD003727,Swiggy Instamart,Delhi,37.0,Meat & Seafood,Yes,552.13,19.6,5.42,18.0,2.0,3.0
ORD003728,Blinkit,Chennai,26.0,Groceries,No,386.48,14.1,4.1,12.0,3.0,4.0
ORD003729,BigBasket Now,Hyderabad,33.0,Fruits & Vegetables,Yes,180.63,12.5,8.08,7.0,4.0,3.0
ORD003730,Dunzo,Kolkata,43.0,Beverages,Yes,162.37,9.1,3.77,12.0,5.0,1.0
ORD003731,Swiggy Instamart,Ahmedabad,55.0,Baby Care,No,226.96,24.3,2.69,3.0,3.0,1.0
ORD003732,Dunzo,Kolkata,42.0,Personal Care,No,1203.01,9.5,3.45,12.0,3.0,5.0
ORD003733,Zepto,Hyderabad,21.0,Bakery,Yes,1522.28,16.1,4.68,15.0,5.0,
ORD003734,Swiggy Instamart,,58.0,Bakery,No,456.23,11.3,2.53,17.0,2.0,5.0
ORD003735,BigBasket Now,Mumbai,62.0,Groceries,No,441.14,22.4,6.27,12.0,4.0,4.0
ORD003736,Swiggy Instamart,Ahmedabad,58.0,Beverages,No,329.71,14.4,8.9,9.0,4.0,5.0
ORD003737,Dunzo,Bangalore,55.0,Personal Care,No,230.28,15.6,6.16,1.0,2.0,2.0
ORD003738,Blinkit,Mumbai,36.0,Fruits & Vegetables,No,920.68,15.8,4.74,,2.0,5.0
ORD003739,Swiggy Instamart,Hyderabad,31.0,Dairy & Eggs,Yes,1241.59,18.6,8.07,15.0,,
ORD003740,BigBasket Now,Delhi,38.0,Dairy & Eggs,Yes,236.03,16.5,7.61,11.0,2.0,1.0
ORD003741,Zepto,Hyderabad,32.0,Bakery,No,383.87,16.2,3.99,5.0,4.0,2.0
ORD003742,JioMart Express,Hyderabad,20.0,Beverages,No,307.99,13.4,6.24,7.0,4.0,2.0
ORD003743,Blinkit,Bangalore,54.0,Groceries,No,313.52,8.8,7.43,3.0,4.0,4.0
ORD003744,Zepto,Kolkata,63.0,Bakery,No,821.84,10.5,2.83,13.0,4.0,5.0
ORD003745,Swiggy Instamart,Delhi,33.0,Dairy & Eggs,No,183.61,21.9,3.98,13.0,4.0,3.0
ORD003746,Dunzo,Bangalore,31.0,Bakery,Yes,533.73,14.6,1.5,19.0,2.0,5.0
ORD003747,Dunzo,,26.0,Dairy & Eggs,Yes,624.49,12.6,9.88,10.0,3.0,5.0
ORD003748,BigBasket Now,Hyderabad,64.0,Beverages,Yes,370.45,9.4,1.32,7.0,4.0,5.0
ORD003749,Dunzo,Kolkata,24.0,Beverages,No,689.41,8.3,2.1,15.0,5.0,3.0
ORD003750,Blinkit,,31.0,Groceries,Yes,440.8,12.4,5.06,18.0,,3.0
ORD003751,Dunzo,Hyderabad,23.0,Baby Care,No,837.38,23.5,8.72,7.0,,2.0
ORD003752,BigBasket Now,Mumbai,38.0,Baby Care,Yes,161.85,13.2,3.88,3.0,5.0,4.0
ORD003753,JioMart Express,Pune,32.0,Bakery,No,327.25,19.3,7.8,10.0,5.0,4.0
ORD003754,Swiggy Instamart,Bangalore,25.0,Bakery,Yes,386.42,12.9,6.92,15.0,5.0,4.0
ORD003755,Swiggy Instamart,Chennai,51.0,Bakery,No,100.0,21.2,6.57,12.0,3.0,3.0
ORD003756,Dunzo,Mumbai,57.0,Groceries,Yes,210.28,14.3,8.53,16.0,1.0,4.0
ORD003757,Zepto,Delhi,18.0,Household Essentials,Yes,247.61,10.0,0.63,19.0,3.0,4.0
ORD003758,Swiggy Instamart,Bangalore,49.0,Bakery,No,712.6,14.8,9.33,12.0,2.0,4.0
ORD003759,JioMart Express,Pune,22.0,Baby Care,Yes,263.99,34.2,8.38,2.0,4.0,2.0
ORD003760,Dunzo,,47.0,Baby Care,No,246.94,33.6,9.41,8.0,5.0,4.0
ORD003761,BigBasket Now,Pune,39.0,Personal Care,No,658.85,20.0,8.04,,4.0,4.0
ORD003762,JioMart Express,Bangalore,37.0,Beverages,No,152.82,15.6,8.85,1.0,2.0,5.0
ORD003763,Dunzo,Bangalore,33.0,Household Essentials,No,116.43,18.6,2.43,2.0,2.0,5.0
ORD003764,JioMart Express,Mumbai,24.0,Dairy & Eggs,Yes,324.75,18.7,3.53,14.0,5.0,5.0
ORD003765,Swiggy Instamart,Kolkata,24.0,Baby Care,No,169.25,16.2,3.49,4.0,4.0,3.0
ORD003766,BigBasket Now,Delhi,19.0,Fruits & Vegetables,No,173.16,19.6,1.54,6.0,5.0,3.0
ORD003767,Dunzo,Pune,64.0,Fruits & Vegetables,Yes,569.1,17.9,7.43,13.0,5.0,5.0
ORD003768,Blinkit,Pune,31.0,Baby Care,Yes,682.38,14.5,1.79,9.0,5.0,5.0
ORD003769,BigBasket Now,Ahmedabad,48.0,Fruits & Vegetables,Yes,647.63,10.2,1.0,16.0,5.0,5.0
ORD003770,Blinkit,Bangalore,58.0,Snacks & Munchies,No,784.67,13.7,7.87,1.0,,5.0
ORD003771,JioMart Express,Chennai,31.0,Household Essentials,No,849.53,22.6,9.09,9.0,5.0,3.0
ORD003772,Zepto,Kolkata,22.0,Beverages,Yes,112.49,16.2,7.76,7.0,4.0,5.0
ORD003773,BigBasket Now,Mumbai,28.0,Baby Care,Yes,528.61,18.5,8.34,18.0,3.0,3.0
ORD003774,JioMart Express,Hyderabad,57.0,Baby Care,Yes,293.6,14.7,6.16,16.0,3.0,4.0
ORD003775,Blinkit,Mumbai,22.0,Dairy & Eggs,No,257.64,10.8,8.93,7.0,4.0,4.0
ORD003776,Swiggy Instamart,Bangalore,46.0,Household Essentials,No,564.67,14.9,5.22,,2.0,4.0
ORD003777,Swiggy Instamart,Mumbai,28.0,Bakery,Yes,142.85,10.9,9.89,9.0,3.0,4.0
ORD003778,Zepto,Mumbai,22.0,Bakery,Yes,141.08,10.6,1.48,2.0,4.0,4.0
ORD003779,BigBasket Now,Delhi,49.0,Meat & Seafood,No,590.01,26.6,8.19,5.0,5.0,4.0
ORD003780,BigBasket Now,Bangalore,53.0,Personal Care,No,540.6,13.9,6.59,9.0,4.0,4.0
ORD003781,BigBasket Now,Hyderabad,32.0,Snacks & Munchies,No,437.92,12.2,6.02,4.0,4.0,3.0
ORD003782,JioMart Express,Mumbai,36.0,Groceries,No,237.95,31.4,7.4,16.0,3.0,4.0
ORD003783,Zepto,Bangalore,39.0,Groceries,Yes,630.36,22.8,8.48,3.0,3.0,5.0
ORD003784,BigBasket Now,Mumbai,51.0,Meat & Seafood,Yes,606.79,14.2,8.7,6.0,4.0,4.0
ORD003785,JioMart Express,Hyderabad,34.0,Beverages,Yes,424.61,19.5,2.17,17.0,5.0,4.0
ORD003786,Swiggy Instamart,Hyderabad,29.0,Groceries,Yes,199.06,15.0,2.37,19.0,4.0,4.0
ORD003787,Blinkit,Hyderabad,42.0,Bakery,No,312.58,12.5,0.65,8.0,4.0,2.0
ORD003788,JioMart Express,Chennai,34.0,Fruits & Vegetables,No,666.94,19.9,1.75,10.0,5.0,4.0
ORD003789,Swiggy Instamart,Delhi,27.0,Personal Care,Yes,894.54,14.4,3.01,10.0,2.0,1.0
ORD003790,Swiggy Instamart,Chennai,45.0,Household Essentials,Yes,331.65,16.9,7.35,16.0,4.0,4.0
ORD003791,Blinkit,Bangalore,35.0,Bakery,Yes,347.3,24.7,5.02,6.0,5.0,4.0
ORD003792,Swiggy Instamart,Bangalore,35.0,Dairy & Eggs,No,366.13,23.7,7.7,8.0,4.0,2.0
ORD003793,Zepto,Hyderabad,62.0,Household Essentials,Yes,475.77,13.2,5.12,3.0,2.0,4.0
ORD003794,Blinkit,Mumbai,49.0,Groceries,Yes,284.68,20.0,5.78,2.0,3.0,5.0
ORD003795,Swiggy Instamart,Hyderabad,31.0,Dairy & Eggs,No,100.0,10.5,1.56,10.0,4.0,4.0
ORD003796,Dunzo,Hyderabad,33.0,Household Essentials,Yes,825.23,19.7,7.88,8.0,3.0,5.0
ORD003797,JioMart Express,Delhi,35.0,Baby Care,Yes,1184.19,17.5,7.7,12.0,5.0,5.0
ORD003798,Swiggy Instamart,Mumbai,33.0,Snacks & Munchies,Yes,279.38,19.1,3.42,12.0,1.0,5.0
ORD003799,Zepto,Mumbai,34.0,Bakery,Yes,212.73,14.6,3.62,9.0,3.0,5.0
ORD003800,BigBasket Now,Pune,24.0,Dairy & Eggs,Yes,371.57,37.8,2.59,19.0,3.0,4.0
ORD003801,Swiggy Instamart,Chennai,29.0,Meat & Seafood,Yes,360.5,11.5,8.23,15.0,5.0,4.0
ORD003802,BigBasket Now,Mumbai,51.0,Snacks & Munchies,No,733.12,24.3,7.6,14.0,5.0,5.0
ORD003803,Dunzo,Delhi,27.0,Household Essentials,No,416.87,10.9,6.29,5.0,5.0,4.0
ORD003804,Swiggy Instamart,Hyderabad,22.0,Beverages,No,250.74,20.1,2.77,18.0,4.0,2.0
ORD003805,Blinkit,Kolkata,38.0,Meat & Seafood,No,182.9,20.7,2.13,12.0,5.0,3.0
ORD003806,BigBasket Now,Mumbai,20.0,Bakery,Yes,678.16,16.8,0.98,6.0,5.0,5.0
ORD003807,Dunzo,Delhi,36.0,Baby Care,No,578.08,13.5,0.93,11.0,4.0,4.0
ORD003808,Blinkit,Pune,62.0,Dairy & Eggs,Yes,762.3,17.4,2.28,,5.0,3.0
ORD003809,Blinkit,Mumbai,61.0,Fruits & Vegetables,Yes,225.67,18.3,1.46,4.0,5.0,5.0
ORD003810,Blinkit,Delhi,52.0,Dairy & Eggs,Yes,1215.68,33.6,5.78,14.0,5.0,4.0
ORD003811,Blinkit,Ahmedabad,23.0,Snacks & Munchies,Yes,141.71,11.6,3.9,5.0,5.0,4.0
ORD003812,Swiggy Instamart,Hyderabad,31.0,Dairy & Eggs,No,617.55,13.2,4.73,11.0,5.0,3.0
ORD003813,JioMart Express,Delhi,21.0,Snacks & Munchies,Yes,128.28,18.4,6.14,7.0,5.0,3.0
ORD003814,Swiggy Instamart,Mumbai,62.0,Meat & Seafood,Yes,251.09,14.8,6.76,13.0,4.0,2.0
ORD003815,Swiggy Instamart,Mumbai,35.0,Dairy & Eggs,Yes,1029.28,15.8,6.66,19.0,5.0,4.0
ORD003816,Dunzo,Delhi,46.0,Meat & Seafood,Yes,664.36,25.2,2.98,4.0,3.0,5.0
ORD003817,Dunzo,Pune,52.0,Baby Care,Yes,290.69,5.3,8.19,12.0,5.0,5.0
ORD003818,JioMart Express,Bangalore,55.0,Baby Care,Yes,295.51,12.9,9.22,14.0,5.0,3.0
ORD003819,Dunzo,Chennai,33.0,Snacks & Munchies,Yes,428.54,8.2,3.5,1.0,,5.0
ORD003820,Zepto,Pune,37.0,Household Essentials,No,549.21,10.2,0.66,8.0,5.0,2.0
ORD003821,JioMart Express,,41.0,Baby Care,Yes,854.87,43.0,9.04,16.0,4.0,2.0
ORD003822,Dunzo,Mumbai,52.0,Personal Care,Yes,306.82,20.9,9.27,19.0,4.0,5.0
ORD003823,JioMart Express,Bangalore,61.0,Dairy & Eggs,No,153.38,24.1,0.98,5.0,1.0,3.0
ORD003824,Swiggy Instamart,Pune,36.0,Personal Care,No,443.27,15.9,0.55,14.0,2.0,5.0
ORD003825,Swiggy Instamart,Kolkata,21.0,Dairy & Eggs,Yes,306.6,22.3,8.26,12.0,4.0,1.0
ORD003826,JioMart Express,Mumbai,50.0,Groceries,Yes,184.86,8.1,3.36,12.0,4.0,2.0
ORD003827,Zepto,Chennai,19.0,Meat & Seafood,No,482.32,24.9,9.19,12.0,3.0,
ORD003828,Zepto,Hyderabad,30.0,Snacks & Munchies,Yes,355.0,11.8,2.56,11.0,3.0,3.0
ORD003829,JioMart Express,Pune,62.0,Bakery,No,484.88,13.3,8.68,15.0,3.0,1.0
ORD003830,Dunzo,Mumbai,47.0,Bakery,Yes,235.88,20.1,1.15,7.0,5.0,4.0
ORD003831,BigBasket Now,Bangalore,51.0,Beverages,No,540.25,18.7,2.98,10.0,4.0,4.0
ORD003832,Zepto,Pune,47.0,Household Essentials,No,183.05,17.0,9.74,5.0,2.0,5.0
ORD003833,Blinkit,Bangalore,41.0,Snacks & Munchies,No,245.52,9.5,2.7,15.0,5.0,5.0
ORD003834,Swiggy Instamart,Bangalore,61.0,Baby Care,Yes,348.71,17.1,1.76,2.0,3.0,4.0
ORD003835,JioMart Express,Mumbai,50.0,Fruits & Vegetables,Yes,1147.21,24.1,8.64,13.0,4.0,3.0
ORD003836,Blinkit,Delhi,58.0,Household Essentials,Yes,646.06,13.3,1.62,14.0,2.0,4.0
ORD003837,JioMart Express,Delhi,27.0,Household Essentials,No,769.94,27.8,1.43,6.0,5.0,5.0
ORD003838,Swiggy Instamart,Ahmedabad,35.0,Fruits & Vegetables,No,944.11,11.6,3.57,1.0,2.0,2.0
ORD003839,Swiggy Instamart,Delhi,36.0,Meat & Seafood,Yes,3000.0,16.5,6.54,,5.0,4.0
ORD003840,Zepto,,24.0,Household Essentials,No,413.62,30.4,7.25,11.0,4.0,5.0
ORD003841,Zepto,Chennai,36.0,Groceries,Yes,946.0,12.5,8.87,13.0,2.0,4.0
ORD003842,Blinkit,Mumbai,41.0,Household Essentials,Yes,740.69,25.1,5.64,17.0,1.0,4.0
ORD003843,JioMart Express,Bangalore,32.0,Beverages,No,733.35,36.2,4.24,4.0,4.0,2.0
ORD003844,Swiggy Instamart,Chennai,58.0,Personal Care,Yes,1169.75,17.6,3.91,11.0,5.0,5.0
ORD003845,Blinkit,Pune,59.0,Bakery,Yes,313.69,13.3,8.55,1.0,1.0,2.0
ORD003846,BigBasket Now,Hyderabad,40.0,Meat & Seafood,Yes,299.1,12.1,7.38,14.0,5.0,5.0
ORD003847,Blinkit,Hyderabad,21.0,Snacks & Munchies,No,488.75,27.7,9.1,5.0,4.0,2.0
ORD003848,Dunzo,Mumbai,55.0,Baby Care,No,361.54,27.4,9.66,5.0,3.0,5.0
ORD003849,Blinkit,Ahmedabad,21.0,Groceries,No,488.38,29.4,3.35,3.0,2.0,4.0
ORD003850,Dunzo,Mumbai,22.0,Meat & Seafood,No,1030.35,16.2,5.53,,5.0,4.0
ORD003851,Dunzo,Kolkata,58.0,Personal Care,No,302.81,24.9,6.5,13.0,3.0,5.0
ORD003852,Dunzo,Delhi,61.0,Beverages,Yes,336.03,16.1,2.06,11.0,2.0,1.0
ORD003853,BigBasket Now,Pune,40.0,Personal Care,No,447.91,11.6,1.01,18.0,4.0,3.0
ORD003854,Blinkit,Chennai,57.0,Snacks & Munchies,No,351.78,25.8,8.74,10.0,3.0,5.0
ORD003855,Blinkit,Chennai,54.0,Fruits & Vegetables,No,127.94,31.6,5.59,6.0,4.0,4.0
ORD003856,BigBasket Now,Delhi,28.0,Baby Care,No,284.84,10.9,5.92,,2.0,
ORD003857,Swiggy Instamart,Bangalore,28.0,Fruits & Vegetables,No,609.37,10.9,5.77,13.0,5.0,3.0
ORD003858,Zepto,Hyderabad,30.0,Dairy & Eggs,Yes,955.78,16.7,7.67,18.0,4.0,4.0
ORD003859,Blinkit,Chennai,31.0,Beverages,Yes,201.79,24.1,1.88,10.0,5.0,2.0
ORD003860,Zepto,Mumbai,25.0,Baby Care,No,201.23,10.4,6.33,15.0,4.0,5.0
ORD003861,JioMart Express,Ahmedabad,42.0,Snacks & Munchies,No,410.81,18.0,4.96,12.0,3.0,3.0
ORD003862,JioMart Express,Pune,35.0,Meat & Seafood,No,116.12,13.0,9.02,15.0,5.0,4.0
ORD003863,BigBasket Now,Delhi,61.0,Bakery,Yes,308.9,21.8,5.44,14.0,3.0,3.0
ORD003864,JioMart Express,Kolkata,61.0,Baby Care,Yes,142.36,12.0,9.46,19.0,4.0,4.0
ORD003865,JioMart Express,Bangalore,35.0,Meat & Seafood,No,917.3,22.4,3.86,19.0,2.0,4.0
ORD003866,Swiggy Instamart,Bangalore,27.0,Meat & Seafood,No,254.27,15.4,9.69,10.0,5.0,4.0
ORD003867,Swiggy Instamart,Delhi,24.0,Dairy & Eggs,No,1087.57,11.3,8.81,1.0,2.0,4.0
ORD003868,Swiggy Instamart,Hyderabad,61.0,Groceries,Yes,786.91,16.9,6.05,7.0,5.0,3.0
ORD003869,JioMart Express,Chennai,31.0,Beverages,No,273.75,7.6,3.86,11.0,4.0,5.0
ORD003870,BigBasket Now,Bangalore,32.0,Beverages,No,212.05,13.1,4.07,4.0,2.0,5.0
ORD003871,Dunzo,Hyderabad,33.0,Dairy & Eggs,No,359.2,18.8,7.84,4.0,1.0,4.0
ORD003872,Dunzo,Chennai,19.0,Fruits & Vegetables,Yes,378.88,8.1,6.02,10.0,5.0,2.0
ORD003873,Zepto,Chennai,47.0,Fruits & Vegetables,Yes,496.55,5.9,4.32,5.0,5.0,4.0
ORD003874,Dunzo,Mumbai,47.0,Snacks & Munchies,No,253.17,6.5,6.54,16.0,4.0,1.0
ORD003875,Dunzo,Pune,35.0,Groceries,Yes,631.34,28.0,7.47,12.0,4.0,
ORD003876,Swiggy Instamart,Bangalore,48.0,Meat & Seafood,No,473.05,15.9,0.72,1.0,3.0,3.0
ORD003877,Swiggy Instamart,Delhi,61.0,Household Essentials,No,328.9,13.3,1.35,5.0,4.0,2.0
ORD003878,JioMart Express,Delhi,30.0,Household Essentials,No,263.16,24.0,1.4,18.0,4.0,3.0
ORD003879,Zepto,Bangalore,37.0,Fruits & Vegetables,Yes,361.07,14.0,2.7,4.0,5.0,5.0
ORD003880,Blinkit,Pune,52.0,Dairy & Eggs,Yes,247.12,18.3,4.56,15.0,,5.0
ORD003881,Zepto,Delhi,40.0,Groceries,No,417.83,16.6,8.13,6.0,5.0,
ORD003882,Zepto,Chennai,59.0,Personal Care,No,424.65,13.6,3.84,7.0,2.0,5.0
ORD003883,BigBasket Now,Mumbai,50.0,Bakery,Yes,472.02,18.5,0.67,19.0,2.0,3.0
ORD003884,JioMart Express,Bangalore,55.0,Groceries,Yes,1164.15,22.4,5.09,14.0,5.0,5.0
ORD003885,BigBasket Now,Ahmedabad,52.0,Snacks & Munchies,No,372.61,15.3,9.97,15.0,4.0,4.0
ORD003886,Zepto,Kolkata,53.0,Meat & Seafood,Yes,737.13,13.7,3.82,16.0,3.0,5.0
ORD003887,Zepto,Delhi,37.0,Meat & Seafood,No,463.01,14.3,9.63,15.0,5.0,4.0
ORD003888,Zepto,Bangalore,20.0,Beverages,Yes,349.69,6.6,1.46,6.0,4.0,4.0
ORD003889,Dunzo,Delhi,25.0,Baby Care,No,375.59,18.4,2.14,6.0,1.0,4.0
ORD003890,BigBasket Now,Bangalore,57.0,Baby Care,No,389.44,10.1,7.38,6.0,4.0,4.0
ORD003891,Zepto,Kolkata,49.0,Beverages,No,477.16,21.2,5.26,12.0,3.0,1.0
ORD003892,Swiggy Instamart,Kolkata,46.0,Snacks & Munchies,Yes,226.88,15.9,7.77,2.0,,5.0
ORD003893,JioMart Express,Delhi,24.0,Meat & Seafood,No,167.47,17.2,8.7,4.0,3.0,4.0
ORD003894,JioMart Express,Pune,19.0,Baby Care,Yes,597.39,21.8,2.89,6.0,4.0,4.0
ORD003895,Swiggy Instamart,Hyderabad,38.0,Baby Care,No,691.51,11.4,6.99,10.0,1.0,3.0
ORD003896,JioMart Express,Delhi,23.0,Bakery,No,631.05,19.1,6.27,19.0,5.0,3.0
ORD003897,Dunzo,Bangalore,45.0,Baby Care,No,442.74,18.3,8.68,5.0,4.0,5.0
ORD003898,Dunzo,Hyderabad,59.0,Meat & Seafood,Yes,639.28,15.3,4.59,6.0,3.0,5.0
ORD003899,Blinkit,Hyderabad,53.0,Snacks & Munchies,No,618.97,11.3,0.99,14.0,4.0,5.0
ORD003900,Blinkit,Bangalore,49.0,Personal Care,Yes,647.15,20.9,5.95,15.0,,5.0
ORD003901,Blinkit,Bangalore,62.0,Fruits & Vegetables,Yes,240.87,21.8,9.61,19.0,4.0,5.0
ORD003902,JioMart Express,Mumbai,59.0,Groceries,Yes,208.89,17.2,0.64,19.0,3.0,3.0
ORD003903,Dunzo,Kolkata,63.0,Dairy & Eggs,Yes,319.53,10.7,2.78,7.0,2.0,
ORD003904,Dunzo,Bangalore,26.0,Household Essentials,Yes,399.24,13.3,3.5,,5.0,5.0
ORD003905,Dunzo,Mumbai,28.0,Groceries,Yes,348.92,16.1,7.78,12.0,3.0,2.0
ORD003906,Swiggy Instamart,Chennai,40.0,Bakery,No,130.84,21.7,3.57,8.0,1.0,5.0
ORD003907,Dunzo,Pune,28.0,Baby Care,Yes,1133.44,8.7,2.77,3.0,4.0,
ORD003908,Swiggy Instamart,Ahmedabad,19.0,Snacks & Munchies,No,342.26,13.1,6.66,,3.0,4.0
ORD003909,Blinkit,Delhi,20.0,Personal Care,Yes,447.48,14.0,0.94,10.0,5.0,4.0
ORD003910,Blinkit,Mumbai,28.0,Household Essentials,No,851.27,15.9,2.12,19.0,5.0,4.0
ORD003911,JioMart Express,Bangalore,52.0,Beverages,No,100.0,9.8,4.38,12.0,4.0,5.0
ORD003912,Blinkit,Mumbai,32.0,Personal Care,No,296.78,15.1,3.88,3.0,5.0,5.0
ORD003913,JioMart Express,Pune,60.0,Fruits & Vegetables,No,319.81,14.5,3.8,14.0,4.0,2.0
ORD003914,Zepto,Mumbai,28.0,Baby Care,No,329.71,10.9,1.53,17.0,5.0,5.0
ORD003915,Zepto,Delhi,48.0,Dairy & Eggs,No,363.55,15.7,3.93,3.0,4.0,4.0
ORD003916,BigBasket Now,Bangalore,45.0,Household Essentials,Yes,961.29,13.2,8.08,7.0,1.0,1.0
ORD003917,JioMart Express,Bangalore,45.0,Baby Care,No,604.3,20.1,4.43,17.0,5.0,3.0
ORD003918,BigBasket Now,Kolkata,49.0,Household Essentials,Yes,716.82,11.5,6.07,15.0,5.0,4.0
ORD003919,BigBasket Now,Bangalore,42.0,Dairy & Eggs,Yes,415.0,17.0,2.05,10.0,5.0,3.0
ORD003920,Zepto,Mumbai,37.0,Fruits & Vegetables,Yes,174.23,11.9,1.16,7.0,5.0,3.0
ORD003921,JioMart Express,Delhi,45.0,Beverages,No,115.84,12.9,8.86,3.0,4.0,1.0
ORD003922,Zepto,Bangalore,42.0,Meat & Seafood,No,161.15,18.5,3.65,15.0,,5.0
ORD003923,BigBasket Now,Mumbai,28.0,Snacks & Munchies,No,500.63,18.1,3.83,5.0,3.0,
ORD003924,JioMart Express,Hyderabad,36.0,Personal Care,No,411.19,13.9,8.84,2.0,2.0,4.0
ORD003925,BigBasket Now,Hyderabad,45.0,Groceries,Yes,355.63,14.8,7.22,9.0,3.0,3.0
ORD003926,Dunzo,Chennai,18.0,Beverages,No,323.39,9.2,7.68,18.0,4.0,5.0
ORD003927,JioMart Express,Pune,22.0,Beverages,No,1348.88,28.8,6.98,13.0,,5.0
ORD003928,JioMart Express,Pune,27.0,Bakery,No,246.23,21.6,1.51,7.0,3.0,5.0
ORD003929,BigBasket Now,Ahmedabad,59.0,Household Essentials,No,703.94,21.3,9.6,4.0,4.0,4.0
ORD003930,Dunzo,Delhi,63.0,Household Essentials,No,403.89,8.7,9.14,8.0,3.0,4.0
ORD003931,Swiggy Instamart,Mumbai,51.0,Bakery,No,388.94,13.0,2.74,6.0,4.0,
ORD003932,Zepto,Delhi,53.0,Personal Care,Yes,817.28,14.4,8.14,4.0,5.0,4.0
ORD003933,BigBasket Now,,19.0,Household Essentials,Yes,970.22,7.6,4.39,5.0,4.0,2.0
ORD003934,JioMart Express,Ahmedabad,35.0,Meat & Seafood,Yes,349.42,23.5,7.0,9.0,2.0,4.0
ORD003935,Zepto,Pune,30.0,Snacks & Munchies,Yes,651.66,29.4,2.07,8.0,,2.0
ORD003936,Zepto,Mumbai,22.0,Groceries,No,501.87,37.5,5.62,2.0,5.0,5.0
ORD003937,Zepto,Ahmedabad,37.0,Groceries,No,405.23,10.8,1.7,7.0,4.0,4.0
ORD003938,Swiggy Instamart,Bangalore,19.0,Dairy & Eggs,Yes,456.03,17.2,5.59,,5.0,4.0
ORD003939,Blinkit,Mumbai,28.0,Dairy & Eggs,No,266.99,27.9,2.81,10.0,2.0,4.0
ORD003940,BigBasket Now,Bangalore,47.0,Snacks & Munchies,No,335.74,14.9,4.8,3.0,3.0,5.0
ORD003941,Blinkit,Mumbai,49.0,Baby Care,Yes,284.75,13.1,6.85,17.0,3.0,4.0
ORD003942,Blinkit,Bangalore,49.0,Baby Care,Yes,692.86,7.8,8.83,2.0,5.0,4.0
ORD003943,Blinkit,Delhi,55.0,Beverages,No,381.03,25.9,2.07,3.0,4.0,3.0
ORD003944,Zepto,Bangalore,45.0,Beverages,No,185.19,16.3,8.99,5.0,2.0,2.0
ORD003945,Dunzo,Hyderabad,27.0,Bakery,No,261.37,12.3,4.21,13.0,3.0,3.0
ORD003946,Zepto,Pune,39.0,Fruits & Vegetables,Yes,100.0,18.4,8.52,13.0,4.0,1.0
ORD003947,Zepto,Hyderabad,34.0,Dairy & Eggs,No,299.86,17.5,5.37,6.0,5.0,5.0
ORD003948,JioMart Express,Bangalore,39.0,Fruits & Vegetables,Yes,412.64,17.6,8.69,14.0,4.0,5.0
ORD003949,JioMart Express,Kolkata,60.0,Household Essentials,No,371.79,15.1,6.8,5.0,3.0,
ORD003950,Blinkit,Pune,36.0,Groceries,No,1323.58,31.5,5.33,1.0,,1.0
ORD003951,Zepto,Mumbai,34.0,Beverages,Yes,569.61,15.6,3.47,9.0,3.0,4.0
ORD003952,Blinkit,Bangalore,41.0,Baby Care,Yes,554.61,31.4,9.7,3.0,4.0,4.0
ORD003953,JioMart Express,Delhi,53.0,Snacks & Munchies,Yes,150.51,20.6,8.11,6.0,4.0,5.0
ORD003954,Dunzo,Mumbai,49.0,Dairy & Eggs,Yes,324.15,18.9,4.12,4.0,4.0,4.0
ORD003955,BigBasket Now,Hyderabad,63.0,Groceries,No,301.27,15.7,2.08,2.0,5.0,5.0
ORD003956,Blinkit,Pune,53.0,Personal Care,Yes,251.73,24.3,7.91,,3.0,2.0
ORD003957,Dunzo,,45.0,Snacks & Munchies,No,249.65,17.2,9.9,6.0,5.0,4.0
ORD003958,BigBasket Now,Kolkata,31.0,Fruits & Vegetables,Yes,136.34,11.3,3.15,14.0,5.0,5.0
ORD003959,Swiggy Instamart,Pune,53.0,Meat & Seafood,No,187.63,11.2,9.2,10.0,4.0,1.0
ORD003960,Blinkit,Pune,23.0,Fruits & Vegetables,No,681.61,19.5,1.69,4.0,2.0,4.0
ORD003961,Blinkit,Delhi,26.0,Dairy & Eggs,No,370.28,11.4,9.55,7.0,5.0,3.0
ORD003962,Swiggy Instamart,Pune,38.0,Snacks & Munchies,No,297.72,16.0,7.58,17.0,5.0,
ORD003963,Swiggy Instamart,Delhi,29.0,Meat & Seafood,Yes,402.12,25.1,3.79,5.0,3.0,3.0
ORD003964,Blinkit,Hyderabad,47.0,Household Essentials,No,812.76,18.6,3.39,14.0,4.0,5.0
ORD003965,Swiggy Instamart,Mumbai,48.0,Personal Care,Yes,404.45,12.3,6.61,16.0,4.0,5.0
ORD003966,Zepto,Mumbai,57.0,Fruits & Vegetables,Yes,557.92,28.9,6.14,8.0,3.0,5.0
ORD003967,BigBasket Now,Chennai,21.0,Personal Care,Yes,242.75,20.5,9.23,16.0,5.0,4.0
ORD003968,BigBasket Now,Bangalore,48.0,Snacks & Munchies,No,278.33,24.7,7.78,6.0,4.0,5.0
ORD003969,BigBasket Now,Delhi,44.0,Groceries,No,498.89,6.6,5.63,11.0,5.0,5.0
ORD003970,Zepto,Mumbai,42.0,Snacks & Munchies,No,1255.88,18.8,9.31,2.0,4.0,4.0
ORD003971,Swiggy Instamart,Hyderabad,22.0,Baby Care,Yes,951.33,23.0,6.13,1.0,,2.0
ORD003972,Dunzo,Mumbai,23.0,Meat & Seafood,Yes,572.32,32.5,8.57,9.0,,4.0
ORD003973,Swiggy Instamart,Kolkata,22.0,Groceries,No,441.8,9.2,8.49,5.0,3.0,5.0
ORD003974,Blinkit,Mumbai,44.0,Fruits & Vegetables,No,935.09,26.6,9.23,2.0,5.0,2.0
ORD003975,JioMart Express,Mumbai,25.0,Household Essentials,Yes,649.89,31.7,1.14,14.0,4.0,4.0
ORD003976,BigBasket Now,Bangalore,26.0,Personal Care,No,101.88,7.3,6.05,13.0,5.0,5.0
ORD003977,Swiggy Instamart,Bangalore,32.0,Snacks & Munchies,Yes,214.36,19.9,4.95,12.0,,3.0
ORD003978,Dunzo,Delhi,53.0,Bakery,Yes,494.17,21.1,5.16,9.0,4.0,3.0
ORD003979,Blinkit,Delhi,58.0,Dairy & Eggs,Yes,138.08,14.4,4.87,6.0,3.0,5.0
ORD003980,Zepto,Ahmedabad,24.0,Fruits & Vegetables,Yes,235.44,13.5,8.46,4.0,5.0,2.0
ORD003981,Zepto,Hyderabad,49.0,Dairy & Eggs,Yes,265.1,21.5,3.53,10.0,4.0,5.0
ORD003982,Dunzo,Mumbai,25.0,Groceries,No,345.95,12.9,4.9,5.0,5.0,5.0
ORD003983,Blinkit,Bangalore,64.0,Baby Care,No,339.52,15.1,2.41,4.0,4.0,4.0
ORD003984,BigBasket Now,Pune,32.0,Fruits & Vegetables,No,339.18,22.8,2.89,4.0,2.0,2.0
ORD003985,Swiggy Instamart,Delhi,54.0,Baby Care,No,661.95,33.2,6.77,13.0,5.0,1.0
ORD003986,Blinkit,Mumbai,36.0,Baby Care,No,344.08,20.4,1.61,16.0,5.0,
ORD003987,Zepto,Chennai,56.0,Household Essentials,Yes,320.29,17.3,2.28,11.0,5.0,5.0
ORD003988,Dunzo,Hyderabad,23.0,Groceries,No,179.56,13.4,5.52,19.0,2.0,4.0
ORD003989,Dunzo,Hyderabad,36.0,Snacks & Munchies,No,745.91,11.0,0.92,18.0,,5.0
ORD003990,Swiggy Instamart,Mumbai,45.0,Bakery,Yes,269.64,25.6,1.71,1.0,4.0,4.0
ORD003991,Dunzo,Mumbai,34.0,Meat & Seafood,Yes,210.14,15.5,8.7,4.0,4.0,4.0
ORD003992,Dunzo,Hyderabad,59.0,Baby Care,No,458.45,26.1,8.54,9.0,5.0,
ORD003993,Blinkit,Delhi,36.0,Groceries,No,254.64,14.4,3.8,9.0,4.0,5.0
ORD003994,BigBasket Now,Bangalore,48.0,Household Essentials,Yes,294.25,12.7,3.81,11.0,2.0,5.0
ORD003995,Swiggy Instamart,Bangalore,28.0,Fruits & Vegetables,No,471.1,19.5,9.4,5.0,4.0,3.0
ORD003996,Blinkit,Delhi,32.0,Beverages,No,331.66,15.9,0.75,6.0,4.0,5.0
ORD003997,BigBasket Now,Ahmedabad,27.0,Beverages,Yes,1614.8,10.2,6.01,6.0,5.0,4.0
ORD003998,Blinkit,Kolkata,60.0,Bakery,No,385.72,34.0,6.18,8.0,3.0,5.0
ORD003999,JioMart Express,Chennai,40.0,Household Essentials,No,584.47,12.8,7.98,19.0,5.0,4.0
ORD004000,Blinkit,Mumbai,20.0,Groceries,No,125.84,23.8,9.54,1.0,5.0,3.0
ORD004001,Dunzo,Mumbai,20.0,Household Essentials,No,240.71,23.0,3.88,,2.0,4.0
ORD004002,BigBasket Now,Bangalore,35.0,Meat & Seafood,Yes,210.16,9.9,4.66,19.0,1.0,3.0
ORD004003,Swiggy Instamart,Mumbai,42.0,Meat & Seafood,Yes,227.55,11.0,6.88,2.0,4.0,3.0
ORD004004,Swiggy Instamart,Ahmedabad,60.0,Snacks & Munchies,Yes,517.66,14.6,9.69,16.0,5.0,4.0
ORD004005,BigBasket Now,Mumbai,37.0,Beverages,No,750.95,11.6,8.96,2.0,4.0,5.0
ORD004006,Dunzo,Bangalore,46.0,Beverages,No,496.1,32.8,6.84,9.0,5.0,3.0
ORD004007,Zepto,,39.0,Meat & Seafood,No,352.13,15.2,8.64,18.0,4.0,3.0
ORD004008,Blinkit,Hyderabad,32.0,Household Essentials,Yes,276.3,23.5,1.31,16.0,4.0,5.0
ORD004009,Dunzo,Mumbai,56.0,Bakery,Yes,786.95,20.2,4.08,7.0,1.0,4.0
ORD004010,JioMart Express,Bangalore,27.0,Bakery,No,1397.94,18.3,0.62,9.0,2.0,5.0
ORD004011,BigBasket Now,Delhi,38.0,Baby Care,No,437.48,16.7,2.19,12.0,5.0,3.0
ORD004012,Blinkit,Pune,46.0,Fruits & Vegetables,No,708.83,27.0,6.49,19.0,5.0,4.0
ORD004013,Swiggy Instamart,Mumbai,49.0,Beverages,No,495.73,11.8,8.91,1.0,4.0,2.0
ORD004014,Zepto,Pune,27.0,Meat & Seafood,No,634.8,32.8,6.51,6.0,4.0,5.0
ORD004015,JioMart Express,Kolkata,30.0,Household Essentials,Yes,200.59,9.8,6.81,2.0,4.0,5.0
ORD004016,Swiggy Instamart,Delhi,64.0,Groceries,Yes,301.0,22.5,1.49,17.0,2.0,5.0
ORD004017,BigBasket Now,Kolkata,40.0,Fruits & Vegetables,No,511.47,9.4,6.82,14.0,4.0,3.0
ORD004018,Blinkit,Mumbai,40.0,Bakery,No,835.05,14.5,4.82,13.0,4.0,5.0
ORD004019,BigBasket Now,Ahmedabad,48.0,Dairy & Eggs,Yes,246.93,17.1,6.69,11.0,4.0,5.0
ORD004020,Blinkit,Bangalore,21.0,Dairy & Eggs,No,119.11,13.5,3.6,16.0,4.0,4.0
ORD004021,Dunzo,Delhi,20.0,Household Essentials,No,299.18,15.3,6.02,18.0,5.0,4.0
ORD004022,Zepto,Delhi,38.0,Personal Care,Yes,739.58,9.4,4.53,3.0,3.0,5.0
ORD004023,Dunzo,,19.0,Personal Care,No,155.97,11.1,5.81,1.0,4.0,4.0
ORD004024,Dunzo,Ahmedabad,21.0,Beverages,No,199.11,20.1,1.9,14.0,4.0,
ORD004025,BigBasket Now,Mumbai,18.0,Groceries,Yes,442.99,16.6,4.26,17.0,5.0,5.0
ORD004026,Zepto,Hyderabad,32.0,Baby Care,No,376.31,12.5,4.06,3.0,4.0,4.0
ORD004027,Blinkit,Bangalore,50.0,Household Essentials,No,576.33,27.9,7.5,12.0,3.0,5.0
ORD004028,Blinkit,Ahmedabad,23.0,Dairy & Eggs,Yes,193.01,10.1,7.21,2.0,5.0,4.0
ORD004029,JioMart Express,Delhi,24.0,Dairy & Eggs,No,331.96,14.2,9.13,2.0,4.0,1.0
ORD004030,Swiggy Instamart,Bangalore,36.0,Groceries,Yes,826.43,13.4,6.5,12.0,2.0,4.0
ORD004031,JioMart Express,Bangalore,61.0,Beverages,Yes,197.21,21.0,3.49,5.0,4.0,5.0
ORD004032,JioMart Express,Chennai,18.0,Personal Care,Yes,978.62,16.8,7.94,16.0,5.0,1.0
ORD004033,Blinkit,Mumbai,56.0,Snacks & Munchies,Yes,212.63,15.7,5.22,5.0,4.0,4.0
ORD004034,BigBasket Now,Mumbai,36.0,Beverages,Yes,671.58,7.9,2.34,3.0,4.0,3.0
ORD004035,Dunzo,Delhi,62.0,Beverages,No,322.54,23.2,7.6,6.0,3.0,4.0
ORD004036,Dunzo,Chennai,43.0,Bakery,Yes,202.97,15.1,1.76,19.0,4.0,5.0
ORD004037,Dunzo,Mumbai,61.0,Baby Care,No,299.42,17.2,2.19,12.0,3.0,4.0
ORD004038,Zepto,Hyderabad,29.0,Baby Care,No,559.45,12.2,7.71,8.0,4.0,4.0
ORD004039,Blinkit,Delhi,39.0,Dairy & Eggs,Yes,401.77,11.4,7.82,6.0,4.0,4.0
ORD004040,BigBasket Now,Pune,30.0,Baby Care,No,789.25,30.0,8.01,14.0,4.0,4.0
ORD004041,Zepto,Ahmedabad,45.0,Dairy & Eggs,No,954.74,8.1,3.29,3.0,,4.0
ORD004042,Swiggy Instamart,Bangalore,31.0,Beverages,No,198.38,10.8,8.73,11.0,4.0,5.0
ORD004043,BigBasket Now,Delhi,39.0,Groceries,Yes,189.85,29.7,7.37,7.0,3.0,5.0
ORD004044,JioMart Express,Delhi,47.0,Snacks & Munchies,No,184.4,21.2,8.42,9.0,2.0,4.0
ORD004045,BigBasket Now,Mumbai,61.0,Groceries,No,235.21,14.4,7.23,11.0,3.0,5.0
ORD004046,BigBasket Now,Delhi,37.0,Beverages,Yes,782.53,27.1,6.01,13.0,3.0,5.0
ORD004047,Dunzo,Hyderabad,61.0,Meat & Seafood,Yes,564.66,19.7,1.54,18.0,5.0,2.0
ORD004048,BigBasket Now,Bangalore,44.0,Household Essentials,No,290.9,18.0,7.25,10.0,5.0,4.0
ORD004049,JioMart Express,Ahmedabad,55.0,Personal Care,Yes,400.75,18.0,7.06,2.0,5.0,5.0
ORD004050,JioMart Express,Bangalore,59.0,Household Essentials,No,936.91,19.8,3.47,7.0,4.0,5.0
ORD004051,Blinkit,Chennai,58.0,Snacks & Munchies,Yes,1267.51,20.1,7.49,15.0,3.0,4.0
ORD004052,BigBasket Now,Bangalore,51.0,Baby Care,Yes,471.36,39.6,5.73,10.0,5.0,5.0
ORD004053,Dunzo,Bangalore,56.0,Household Essentials,No,100.0,15.2,5.81,12.0,4.0,4.0
ORD004054,BigBasket Now,Delhi,58.0,Baby Care,Yes,482.21,15.4,3.99,9.0,1.0,2.0
ORD004055,Swiggy Instamart,Bangalore,61.0,Beverages,Yes,706.87,10.0,1.61,19.0,5.0,5.0
ORD004056,Swiggy Instamart,Bangalore,54.0,Snacks & Munchies,Yes,461.64,16.1,2.56,6.0,2.0,5.0
ORD004057,Dunzo,,18.0,Bakery,Yes,623.85,34.6,7.8,19.0,4.0,4.0
ORD004058,Blinkit,Ahmedabad,32.0,Personal Care,No,499.82,24.4,3.08,1.0,4.0,1.0
ORD004059,Blinkit,Delhi,49.0,Personal Care,No,192.33,13.2,0.52,,5.0,5.0
ORD004060,JioMart Express,Mumbai,25.0,Meat & Seafood,Yes,237.05,16.6,9.97,15.0,5.0,4.0
ORD004061,JioMart Express,Bangalore,50.0,Bakery,No,332.72,9.8,2.5,11.0,5.0,2.0
ORD004062,Zepto,Bangalore,35.0,Dairy & Eggs,Yes,764.52,11.2,6.73,18.0,4.0,3.0
ORD004063,Dunzo,Mumbai,62.0,Personal Care,No,254.8,17.5,9.31,,4.0,3.0
ORD004064,BigBasket Now,Chennai,46.0,Fruits & Vegetables,Yes,530.35,13.5,6.2,4.0,2.0,4.0
ORD004065,Dunzo,Ahmedabad,49.0,Dairy & Eggs,Yes,484.06,10.8,8.09,4.0,4.0,3.0
ORD004066,Zepto,Ahmedabad,50.0,Personal Care,No,1044.94,20.0,9.78,4.0,5.0,2.0
ORD004067,JioMart Express,Mumbai,22.0,Beverages,Yes,393.47,15.9,8.67,18.0,4.0,5.0
ORD004068,Dunzo,Pune,35.0,Snacks & Munchies,Yes,140.77,8.8,5.8,1.0,2.0,5.0
ORD004069,Dunzo,Chennai,27.0,Snacks & Munchies,No,594.74,7.2,3.96,7.0,3.0,3.0
ORD004070,JioMart Express,Bangalore,53.0,Fruits & Vegetables,No,1455.1,13.1,5.08,14.0,4.0,3.0
ORD004071,Zepto,Bangalore,50.0,Beverages,No,618.58,8.7,8.5,16.0,3.0,4.0
ORD004072,JioMart Express,Kolkata,40.0,Fruits & Vegetables,No,251.49,7.8,8.61,15.0,4.0,3.0
ORD004073,Blinkit,Bangalore,57.0,Baby Care,No,210.78,25.8,8.54,5.0,3.0,3.0
ORD004074,BigBasket Now,Delhi,22.0,Groceries,Yes,227.74,15.8,6.17,13.0,3.0,4.0
ORD004075,JioMart Express,Bangalore,51.0,Personal Care,Yes,1342.1,14.8,5.03,5.0,2.0,5.0
ORD004076,Zepto,Hyderabad,41.0,Beverages,No,331.49,15.3,3.46,18.0,5.0,5.0
ORD004077,Swiggy Instamart,Mumbai,34.0,Groceries,No,271.08,10.4,0.53,5.0,4.0,5.0
ORD004078,Blinkit,Pune,48.0,Groceries,No,366.84,19.4,7.76,5.0,4.0,4.0
ORD004079,Swiggy Instamart,Chennai,24.0,Snacks & Munchies,No,333.57,15.6,3.13,6.0,4.0,5.0
ORD004080,JioMart Express,Hyderabad,34.0,Snacks & Munchies,Yes,1033.38,12.1,3.63,14.0,4.0,4.0
ORD004081,Blinkit,Mumbai,45.0,Bakery,Yes,219.49,12.9,8.51,2.0,5.0,4.0
ORD004082,BigBasket Now,Hyderabad,55.0,Baby Care,Yes,819.25,10.1,1.0,15.0,5.0,4.0
ORD004083,JioMart Express,Mumbai,39.0,Beverages,No,434.09,14.0,9.31,16.0,1.0,5.0
ORD004084,BigBasket Now,Mumbai,32.0,Meat & Seafood,No,832.32,14.9,0.51,5.0,2.0,2.0
ORD004085,Dunzo,Bangalore,54.0,Beverages,No,1042.7,13.8,9.42,16.0,4.0,3.0
ORD004086,Swiggy Instamart,,32.0,Baby Care,No,424.49,16.8,4.82,1.0,3.0,5.0
ORD004087,Blinkit,Hyderabad,42.0,Snacks & Munchies,No,333.94,15.9,1.47,8.0,,4.0
ORD004088,BigBasket Now,Mumbai,38.0,Snacks & Munchies,No,419.77,18.0,6.9,1.0,4.0,3.0
ORD004089,Zepto,Bangalore,55.0,Personal Care,No,381.13,24.0,9.01,7.0,4.0,4.0
ORD004090,BigBasket Now,Mumbai,19.0,Household Essentials,No,149.28,20.8,4.66,6.0,4.0,3.0
ORD004091,Zepto,Ahmedabad,44.0,Snacks & Munchies,No,1024.02,24.1,7.07,8.0,4.0,2.0
ORD004092,JioMart Express,Hyderabad,49.0,Fruits & Vegetables,Yes,467.53,11.7,9.8,5.0,2.0,3.0
ORD004093,Blinkit,Chennai,38.0,Personal Care,Yes,200.77,13.4,2.79,15.0,5.0,4.0
ORD004094,BigBasket Now,Delhi,21.0,Dairy & Eggs,No,116.69,21.4,8.29,16.0,1.0,3.0
ORD004095,BigBasket Now,Mumbai,61.0,Household Essentials,No,100.0,21.5,3.3,17.0,5.0,4.0
ORD004096,Blinkit,Ahmedabad,36.0,Household Essentials,Yes,640.53,12.5,4.55,11.0,3.0,2.0
ORD004097,BigBasket Now,Delhi,19.0,Fruits & Vegetables,Yes,278.28,21.0,3.18,2.0,5.0,
ORD004098,Zepto,Bangalore,43.0,Household Essentials,No,307.07,11.3,4.74,1.0,1.0,5.0
ORD004099,BigBasket Now,Hyderabad,51.0,Meat & Seafood,No,540.72,19.9,0.55,17.0,4.0,5.0
ORD004100,Swiggy Instamart,Mumbai,31.0,Snacks & Munchies,Yes,296.0,16.3,3.38,1.0,4.0,4.0
ORD004101,JioMart Express,Kolkata,32.0,Snacks & Munchies,No,559.99,9.5,4.73,2.0,2.0,1.0
ORD004102,Dunzo,Bangalore,37.0,Personal Care,No,427.16,13.8,6.51,17.0,4.0,3.0
ORD004103,Zepto,Delhi,51.0,Baby Care,No,383.57,39.4,6.55,4.0,3.0,5.0
ORD004104,Swiggy Instamart,Mumbai,53.0,Fruits & Vegetables,Yes,157.02,17.8,6.05,12.0,,3.0
ORD004105,JioMart Express,Mumbai,36.0,Snacks & Munchies,Yes,246.7,41.3,3.28,10.0,4.0,5.0
ORD004106,Blinkit,Pune,26.0,Groceries,Yes,579.13,9.2,9.5,10.0,5.0,4.0
ORD004107,Zepto,Chennai,24.0,Bakery,Yes,267.95,22.2,4.22,15.0,2.0,5.0
ORD004108,Dunzo,Delhi,47.0,Snacks & Munchies,Yes,831.49,6.0,2.56,11.0,2.0,4.0
ORD004109,JioMart Express,Mumbai,30.0,Beverages,No,1648.86,16.4,5.77,7.0,4.0,4.0
ORD004110,Dunzo,Chennai,44.0,Groceries,Yes,598.14,21.2,7.61,10.0,5.0,3.0
ORD004111,Blinkit,Hyderabad,61.0,Baby Care,No,988.02,23.0,0.62,19.0,5.0,4.0
ORD004112,Blinkit,Bangalore,52.0,Groceries,No,621.69,11.9,3.13,18.0,4.0,5.0
ORD004113,Zepto,Delhi,30.0,Household Essentials,Yes,292.79,24.9,8.34,2.0,5.0,1.0
ORD004114,BigBasket Now,Delhi,32.0,Bakery,No,454.91,13.3,5.32,7.0,5.0,4.0
ORD004115,Blinkit,Hyderabad,63.0,Dairy & Eggs,No,1350.18,15.4,4.38,14.0,3.0,4.0
ORD004116,JioMart Express,Ahmedabad,26.0,Bakery,No,294.67,13.8,9.34,11.0,3.0,4.0
ORD004117,BigBasket Now,Mumbai,62.0,Snacks & Munchies,Yes,216.24,10.4,1.35,1.0,3.0,2.0
ORD004118,Swiggy Instamart,Hyderabad,40.0,Personal Care,No,204.28,30.8,6.35,5.0,3.0,5.0
ORD004119,Dunzo,Bangalore,53.0,Meat & Seafood,Yes,354.07,16.8,3.75,4.0,,4.0
ORD004120,BigBasket Now,Bangalore,57.0,Baby Care,No,220.95,25.4,1.17,14.0,4.0,5.0
ORD004121,Dunzo,Delhi,20.0,Personal Care,Yes,1101.48,25.0,2.53,3.0,4.0,
ORD004122,BigBasket Now,Kolkata,51.0,Snacks & Munchies,No,459.35,11.2,6.47,18.0,3.0,3.0
ORD004123,Swiggy Instamart,Bangalore,36.0,Personal Care,Yes,722.73,26.7,0.77,18.0,5.0,3.0
ORD004124,Blinkit,Bangalore,45.0,Beverages,Yes,337.24,20.1,6.13,4.0,4.0,
ORD004125,Swiggy Instamart,Delhi,40.0,Groceries,No,203.54,10.8,9.59,3.0,4.0,4.0
ORD004126,Blinkit,Mumbai,57.0,Meat & Seafood,No,183.89,19.7,8.05,10.0,,1.0
ORD004127,Blinkit,Mumbai,62.0,Snacks & Munchies,Yes,233.97,10.9,3.78,16.0,3.0,5.0
ORD004128,Dunzo,Chennai,24.0,Household Essentials,Yes,496.96,31.3,1.81,3.0,4.0,4.0
ORD004129,JioMart Express,Mumbai,58.0,Baby Care,No,551.11,22.8,4.92,19.0,4.0,3.0
ORD004130,Swiggy Instamart,Chennai,29.0,Household Essentials,No,579.36,16.0,4.23,15.0,5.0,4.0
ORD004131,BigBasket Now,Bangalore,31.0,Groceries,Yes,165.14,27.3,9.73,5.0,2.0,5.0
ORD004132,Swiggy Instamart,Bangalore,63.0,Meat & Seafood,No,403.33,8.7,9.9,11.0,5.0,2.0
ORD004133,Dunzo,Bangalore,32.0,Groceries,No,217.97,12.2,4.4,9.0,5.0,4.0
ORD004134,Blinkit,Delhi,20.0,Fruits & Vegetables,Yes,513.31,14.9,1.91,13.0,4.0,3.0
ORD004135,Dunzo,Mumbai,32.0,Household Essentials,No,537.78,40.2,9.15,11.0,3.0,5.0
ORD004136,Zepto,Delhi,41.0,Groceries,No,199.68,10.7,8.04,14.0,4.0,5.0
ORD004137,Zepto,Hyderabad,63.0,Groceries,No,721.13,8.3,5.36,1.0,3.0,4.0
ORD004138,BigBasket Now,Hyderabad,25.0,Personal Care,Yes,1641.38,9.2,3.97,9.0,4.0,4.0
ORD004139,Dunzo,Delhi,22.0,Snacks & Munchies,No,665.74,23.6,4.76,13.0,5.0,4.0
ORD004140,BigBasket Now,Bangalore,21.0,Personal Care,Yes,365.88,13.0,9.07,2.0,4.0,4.0
ORD004141,BigBasket Now,Mumbai,31.0,Fruits & Vegetables,No,333.64,15.4,2.25,4.0,2.0,
ORD004142,Zepto,Delhi,33.0,Bakery,Yes,355.87,22.3,8.16,16.0,3.0,4.0
ORD004143,BigBasket Now,,37.0,Bakery,No,255.59,15.4,0.67,10.0,4.0,5.0
ORD004144,Zepto,Pune,41.0,Personal Care,No,469.39,17.8,9.25,6.0,4.0,5.0
ORD004145,Blinkit,,23.0,Dairy & Eggs,Yes,203.76,20.4,5.25,9.0,4.0,2.0
ORD004146,Dunzo,Delhi,48.0,Household Essentials,No,129.82,13.8,2.65,,5.0,5.0
ORD004147,BigBasket Now,Delhi,23.0,Personal Care,No,460.25,15.4,0.53,1.0,4.0,3.0
ORD004148,Zepto,Mumbai,52.0,Beverages,Yes,408.6,18.1,5.82,12.0,5.0,4.0
ORD004149,Swiggy Instamart,Hyderabad,32.0,Beverages,No,286.37,23.3,2.82,16.0,5.0,4.0
ORD004150,BigBasket Now,Mumbai,46.0,Baby Care,No,186.86,12.0,6.5,2.0,2.0,5.0
ORD004151,JioMart Express,Mumbai,20.0,Fruits & Vegetables,Yes,480.03,5.0,3.17,,3.0,3.0
ORD004152,Blinkit,Hyderabad,28.0,Fruits & Vegetables,No,222.72,21.6,1.34,8.0,3.0,5.0
ORD004153,Blinkit,Delhi,20.0,Personal Care,No,371.16,23.8,5.3,1.0,3.0,5.0
ORD004154,Swiggy Instamart,Chennai,45.0,Meat & Seafood,Yes,1163.26,17.8,5.86,5.0,3.0,2.0
ORD004155,Zepto,Hyderabad,27.0,Groceries,No,596.28,18.3,4.8,10.0,4.0,5.0
ORD004156,BigBasket Now,Delhi,50.0,Snacks & Munchies,Yes,177.42,13.1,4.85,3.0,2.0,3.0
ORD004157,Zepto,Hyderabad,33.0,Groceries,No,187.75,20.1,6.1,11.0,2.0,2.0
ORD004158,Blinkit,Mumbai,27.0,Groceries,No,441.9,23.1,5.5,5.0,2.0,5.0
ORD004159,Zepto,Bangalore,50.0,Fruits & Vegetables,Yes,176.76,16.8,1.76,12.0,1.0,4.0
ORD004160,Blinkit,Bangalore,53.0,Fruits & Vegetables,No,121.38,44.5,2.37,12.0,4.0,4.0
ORD004161,Zepto,Delhi,20.0,Beverages,No,555.25,8.8,1.85,13.0,3.0,4.0
ORD004162,Swiggy Instamart,Hyderabad,22.0,Fruits & Vegetables,Yes,489.1,17.6,7.09,14.0,5.0,3.0
ORD004163,Dunzo,Pune,29.0,Personal Care,No,528.67,10.3,5.52,4.0,2.0,4.0
ORD004164,Swiggy Instamart,Ahmedabad,61.0,Beverages,No,472.4,23.4,4.58,3.0,5.0,1.0
ORD004165,Swiggy Instamart,Hyderabad,30.0,Household Essentials,No,387.93,8.7,8.08,17.0,2.0,3.0
ORD004166,Dunzo,Bangalore,41.0,Groceries,No,271.15,9.6,3.6,8.0,4.0,5.0
ORD004167,Dunzo,Delhi,61.0,Household Essentials,Yes,549.87,12.8,5.9,16.0,3.0,5.0
ORD004168,BigBasket Now,Delhi,49.0,Groceries,Yes,1010.23,18.3,1.21,11.0,5.0,4.0
ORD004169,BigBasket Now,Bangalore,33.0,Groceries,No,298.65,13.0,7.57,5.0,2.0,3.0
ORD004170,Swiggy Instamart,Delhi,49.0,Baby Care,No,218.67,13.0,7.1,16.0,5.0,4.0
ORD004171,Swiggy Instamart,Pune,62.0,Groceries,No,204.16,15.3,8.12,9.0,1.0,5.0
ORD004172,Blinkit,Delhi,54.0,Meat & Seafood,Yes,239.84,14.9,8.9,13.0,3.0,2.0
ORD004173,Blinkit,Delhi,53.0,Household Essentials,No,455.57,29.8,7.7,8.0,4.0,2.0
ORD004174,BigBasket Now,Bangalore,38.0,Groceries,No,111.75,21.6,8.52,5.0,5.0,5.0
ORD004175,JioMart Express,Kolkata,64.0,Dairy & Eggs,Yes,525.05,14.4,3.78,9.0,5.0,4.0
ORD004176,JioMart Express,Hyderabad,29.0,Dairy & Eggs,Yes,593.68,38.0,3.76,6.0,4.0,2.0
ORD004177,BigBasket Now,Hyderabad,38.0,Dairy & Eggs,No,137.16,20.0,9.47,2.0,5.0,3.0
ORD004178,Blinkit,Delhi,38.0,Personal Care,Yes,224.19,11.2,9.19,7.0,5.0,5.0
ORD004179,Blinkit,Kolkata,60.0,Beverages,Yes,423.18,18.2,5.71,17.0,4.0,4.0
ORD004180,JioMart Express,Mumbai,23.0,Household Essentials,No,370.15,20.4,3.98,12.0,,3.0
ORD004181,Zepto,Pune,26.0,Groceries,No,551.03,12.5,8.73,1.0,1.0,5.0
ORD004182,Zepto,Bangalore,18.0,Bakery,No,370.67,10.8,3.57,15.0,4.0,5.0
ORD004183,Blinkit,Bangalore,29.0,Beverages,No,861.66,17.0,1.96,11.0,5.0,1.0
ORD004184,Zepto,Bangalore,31.0,Bakery,No,332.72,14.2,6.58,10.0,4.0,4.0
ORD004185,Dunzo,Hyderabad,23.0,Snacks & Munchies,No,223.67,29.7,0.9,16.0,5.0,3.0
ORD004186,BigBasket Now,Mumbai,18.0,Meat & Seafood,Yes,213.14,22.1,4.1,9.0,,4.0
ORD004187,BigBasket Now,Pune,39.0,Snacks & Munchies,Yes,627.21,12.7,8.17,12.0,5.0,3.0
ORD004188,Blinkit,Bangalore,51.0,Fruits & Vegetables,Yes,410.66,19.5,3.3,15.0,2.0,3.0
ORD004189,Swiggy Instamart,Delhi,28.0,Beverages,Yes,590.06,27.3,9.35,16.0,3.0,4.0
ORD004190,JioMart Express,Mumbai,20.0,Bakery,Yes,582.82,9.4,9.58,1.0,1.0,4.0
ORD004191,Blinkit,Bangalore,59.0,Baby Care,Yes,120.07,10.9,8.25,6.0,5.0,4.0
ORD004192,Zepto,Bangalore,23.0,Groceries,Yes,203.56,16.4,9.88,13.0,3.0,2.0
ORD004193,JioMart Express,Bangalore,23.0,Personal Care,Yes,218.68,16.7,5.54,,4.0,5.0
ORD004194,Swiggy Instamart,Chennai,37.0,Household Essentials,No,247.24,16.1,5.91,13.0,3.0,3.0
ORD004195,Zepto,Bangalore,38.0,Groceries,Yes,313.5,14.5,8.44,5.0,1.0,4.0
ORD004196,Dunzo,Ahmedabad,19.0,Household Essentials,No,734.72,14.4,5.18,3.0,3.0,2.0
ORD004197,Zepto,Hyderabad,43.0,Baby Care,Yes,828.06,19.2,4.36,12.0,2.0,4.0
ORD004198,Dunzo,Kolkata,48.0,Groceries,No,338.41,25.9,6.34,10.0,4.0,2.0
ORD004199,JioMart Express,Mumbai,43.0,Meat & Seafood,No,346.97,13.6,6.75,9.0,5.0,3.0
ORD004200,Dunzo,,49.0,Fruits & Vegetables,No,264.21,43.6,7.63,17.0,4.0,4.0
ORD004201,JioMart Express,,27.0,Dairy & Eggs,No,425.61,36.0,6.85,6.0,5.0,
ORD004202,JioMart Express,Hyderabad,40.0,Baby Care,No,455.55,28.0,7.58,14.0,4.0,4.0
ORD004203,JioMart Express,Pune,23.0,Fruits & Vegetables,Yes,654.51,21.1,6.91,3.0,5.0,
ORD004204,JioMart Express,Mumbai,40.0,Groceries,No,651.36,36.7,5.06,18.0,5.0,
ORD004205,JioMart Express,Mumbai,45.0,Bakery,No,101.37,14.6,1.78,7.0,5.0,5.0
ORD004206,Zepto,Pune,47.0,Fruits & Vegetables,No,368.14,11.8,7.96,9.0,2.0,1.0
ORD004207,JioMart Express,Delhi,31.0,Personal Care,Yes,925.62,13.3,0.79,15.0,5.0,2.0
ORD004208,Zepto,Hyderabad,54.0,Fruits & Vegetables,No,310.17,11.0,9.93,19.0,3.0,3.0
ORD004209,JioMart Express,Bangalore,49.0,Snacks & Munchies,No,799.15,17.3,8.37,16.0,4.0,1.0
ORD004210,Dunzo,Kolkata,51.0,Meat & Seafood,No,335.67,18.5,6.87,19.0,3.0,2.0
ORD004211,JioMart Express,Mumbai,58.0,Baby Care,No,448.07,17.8,9.68,19.0,4.0,3.0
ORD004212,Swiggy Instamart,Mumbai,61.0,Dairy & Eggs,Yes,203.95,16.4,6.32,17.0,4.0,2.0
ORD004213,JioMart Express,Hyderabad,39.0,Groceries,Yes,208.61,17.3,1.04,6.0,2.0,5.0
ORD004214,JioMart Express,Ahmedabad,48.0,Baby Care,Yes,623.47,32.9,5.81,1.0,5.0,2.0
ORD004215,Dunzo,Bangalore,24.0,Beverages,Yes,684.78,21.1,3.13,19.0,4.0,5.0
ORD004216,BigBasket Now,Delhi,58.0,Baby Care,Yes,409.88,23.8,4.01,15.0,1.0,5.0
ORD004217,Dunzo,Hyderabad,38.0,Personal Care,Yes,193.15,17.7,4.87,3.0,4.0,2.0
ORD004218,Swiggy Instamart,Pune,33.0,Baby Care,Yes,414.17,8.6,7.86,17.0,4.0,1.0
ORD004219,BigBasket Now,Kolkata,37.0,Beverages,No,857.77,8.0,5.28,6.0,2.0,1.0
ORD004220,Blinkit,Ahmedabad,60.0,Fruits & Vegetables,Yes,1147.93,37.8,5.01,4.0,3.0,4.0
ORD004221,Blinkit,Mumbai,61.0,Snacks & Munchies,No,333.61,13.3,3.37,8.0,5.0,4.0
ORD004222,Swiggy Instamart,Mumbai,64.0,Fruits & Vegetables,No,149.02,12.8,5.63,4.0,5.0,4.0
ORD004223,Dunzo,Hyderabad,36.0,Fruits & Vegetables,No,667.95,18.1,2.86,2.0,2.0,4.0
ORD004224,Zepto,Kolkata,49.0,Beverages,Yes,341.87,20.5,2.98,10.0,4.0,3.0
ORD004225,Swiggy Instamart,Delhi,32.0,Household Essentials,No,710.4,21.6,7.69,12.0,4.0,5.0
ORD004226,BigBasket Now,Delhi,22.0,Dairy & Eggs,No,477.54,33.4,3.75,1.0,4.0,3.0
ORD004227,BigBasket Now,Kolkata,28.0,Beverages,No,237.44,30.0,0.99,12.0,4.0,5.0
ORD004228,JioMart Express,Mumbai,32.0,Fruits & Vegetables,No,417.78,11.9,3.76,10.0,1.0,
ORD004229,Blinkit,Delhi,46.0,Baby Care,No,884.48,24.2,6.57,12.0,3.0,3.0
ORD004230,BigBasket Now,Bangalore,62.0,Dairy & Eggs,No,368.89,14.1,8.23,19.0,2.0,5.0
ORD004231,Swiggy Instamart,,21.0,Groceries,Yes,216.83,15.6,9.64,3.0,4.0,4.0
ORD004232,BigBasket Now,Chennai,53.0,Bakery,Yes,155.53,10.6,7.59,19.0,5.0,5.0
ORD004233,Swiggy Instamart,Delhi,40.0,Groceries,No,253.84,8.4,4.57,7.0,5.0,4.0
ORD004234,Zepto,Hyderabad,32.0,Personal Care,Yes,315.42,16.2,3.34,1.0,5.0,5.0
ORD004235,JioMart Express,Hyderabad,63.0,Fruits & Vegetables,Yes,659.84,11.2,1.73,13.0,5.0,5.0
ORD004236,Blinkit,Bangalore,61.0,Baby Care,No,205.92,23.8,6.46,9.0,1.0,4.0
ORD004237,BigBasket Now,Hyderabad,20.0,Household Essentials,Yes,1024.8,14.7,5.34,16.0,5.0,3.0
ORD004238,Swiggy Instamart,Delhi,49.0,Snacks & Munchies,No,180.86,18.6,6.94,18.0,3.0,4.0
ORD004239,Dunzo,Mumbai,27.0,Snacks & Munchies,No,1634.17,28.4,2.75,15.0,5.0,5.0
ORD004240,Blinkit,Mumbai,57.0,Dairy & Eggs,Yes,1136.05,9.1,3.57,15.0,5.0,4.0
ORD004241,Zepto,,55.0,Household Essentials,Yes,439.09,12.3,3.27,15.0,4.0,5.0
ORD004242,Swiggy Instamart,Bangalore,39.0,Bakery,Yes,150.11,17.7,8.08,10.0,4.0,4.0
ORD004243,JioMart Express,Kolkata,31.0,Groceries,Yes,390.23,18.6,2.13,,3.0,5.0
ORD004244,JioMart Express,Chennai,34.0,Bakery,Yes,319.86,25.6,6.28,15.0,3.0,2.0
ORD004245,Zepto,Kolkata,38.0,Meat & Seafood,Yes,187.81,23.3,0.99,12.0,5.0,4.0
ORD004246,Zepto,Delhi,32.0,Groceries,Yes,480.39,17.1,5.72,1.0,5.0,4.0
ORD004247,JioMart Express,Bangalore,32.0,Groceries,Yes,246.12,18.6,1.11,13.0,3.0,4.0
ORD004248,BigBasket Now,Bangalore,18.0,Groceries,No,262.71,18.8,2.17,17.0,3.0,3.0
ORD004249,BigBasket Now,,41.0,Baby Care,No,357.02,9.1,1.57,17.0,2.0,5.0
ORD004250,Swiggy Instamart,Mumbai,29.0,Beverages,No,285.73,15.4,3.79,7.0,5.0,5.0
ORD004251,Dunzo,Hyderabad,27.0,Baby Care,No,1403.74,18.2,3.77,11.0,5.0,5.0
ORD004252,Swiggy Instamart,Ahmedabad,63.0,Snacks & Munchies,Yes,292.53,19.8,8.35,12.0,4.0,2.0
ORD004253,Dunzo,Mumbai,59.0,Baby Care,No,525.59,11.4,2.64,9.0,4.0,2.0
ORD004254,Zepto,Mumbai,59.0,Bakery,Yes,440.24,9.9,1.32,15.0,5.0,4.0
ORD004255,Blinkit,Kolkata,48.0,Baby Care,Yes,498.52,15.0,6.23,1.0,,5.0
ORD004256,Swiggy Instamart,Delhi,28.0,Beverages,No,521.89,36.1,7.03,11.0,5.0,2.0
ORD004257,Swiggy Instamart,Kolkata,33.0,Dairy & Eggs,Yes,684.59,11.8,3.3,5.0,4.0,4.0
ORD004258,Dunzo,Chennai,26.0,Household Essentials,Yes,473.37,26.3,6.23,19.0,2.0,4.0
ORD004259,Zepto,Ahmedabad,64.0,Dairy & Eggs,No,461.71,31.0,7.87,18.0,4.0,5.0
ORD004260,Zepto,Bangalore,31.0,Meat & Seafood,No,417.83,16.7,3.8,18.0,4.0,4.0
ORD004261,Dunzo,Hyderabad,36.0,Snacks & Munchies,Yes,371.28,12.5,5.49,18.0,,4.0
ORD004262,Zepto,Bangalore,48.0,Meat & Seafood,Yes,233.44,20.2,1.89,7.0,4.0,3.0
ORD004263,JioMart Express,Hyderabad,26.0,Meat & Seafood,No,388.96,17.8,0.72,14.0,5.0,3.0
ORD004264,BigBasket Now,Bangalore,53.0,Household Essentials,No,466.27,11.7,9.82,1.0,5.0,5.0
ORD004265,JioMart Express,Mumbai,56.0,Household Essentials,Yes,513.53,12.6,3.35,9.0,4.0,3.0
ORD004266,Blinkit,Bangalore,43.0,Beverages,No,449.52,19.7,3.15,16.0,4.0,5.0
ORD004267,Swiggy Instamart,,25.0,Beverages,No,350.8,23.9,9.75,6.0,3.0,1.0
ORD004268,Blinkit,,41.0,Dairy & Eggs,Yes,389.85,14.5,7.42,7.0,4.0,4.0
ORD004269,Swiggy Instamart,Chennai,25.0,Beverages,No,289.4,16.0,6.06,18.0,3.0,3.0
ORD004270,BigBasket Now,Hyderabad,36.0,Beverages,No,486.84,21.5,7.14,1.0,5.0,5.0
ORD004271,Zepto,Mumbai,64.0,Personal Care,Yes,353.3,15.3,7.24,16.0,5.0,5.0
ORD004272,JioMart Express,Chennai,47.0,Fruits & Vegetables,No,449.59,14.6,7.75,18.0,3.0,3.0
ORD004273,Dunzo,Bangalore,39.0,Dairy & Eggs,Yes,735.45,12.2,1.14,18.0,5.0,3.0
ORD004274,JioMart Express,Pune,26.0,Household Essentials,No,263.59,12.1,4.42,19.0,5.0,5.0
ORD004275,BigBasket Now,Pune,61.0,Dairy & Eggs,No,577.1,47.8,3.3,13.0,5.0,5.0
ORD004276,Blinkit,Mumbai,21.0,Household Essentials,Yes,411.55,15.2,1.17,19.0,,4.0
ORD004277,Dunzo,Kolkata,54.0,Baby Care,No,1356.57,28.4,4.42,3.0,5.0,5.0
ORD004278,Zepto,Mumbai,25.0,Fruits & Vegetables,No,354.33,32.3,6.35,17.0,4.0,2.0
ORD004279,BigBasket Now,Delhi,18.0,Personal Care,Yes,612.22,15.3,2.2,11.0,2.0,4.0
ORD004280,Dunzo,Bangalore,45.0,Personal Care,Yes,407.16,19.1,3.4,17.0,1.0,5.0
ORD004281,BigBasket Now,Mumbai,23.0,Bakery,Yes,175.39,17.1,6.57,12.0,2.0,3.0
ORD004282,BigBasket Now,Chennai,64.0,Snacks & Munchies,No,295.18,8.6,6.0,12.0,,5.0
ORD004283,Zepto,Mumbai,53.0,Household Essentials,No,684.22,8.8,8.75,16.0,3.0,5.0
ORD004284,Swiggy Instamart,Mumbai,28.0,Snacks & Munchies,No,311.18,16.8,8.02,1.0,5.0,5.0
ORD004285,Dunzo,Hyderabad,22.0,Baby Care,Yes,106.47,13.9,9.67,13.0,5.0,3.0
ORD004286,Zepto,Chennai,41.0,Personal Care,No,395.9,35.0,6.17,2.0,5.0,3.0
ORD004287,BigBasket Now,Pune,64.0,Baby Care,Yes,209.47,15.0,7.14,16.0,3.0,4.0
ORD004288,Zepto,Chennai,35.0,Meat & Seafood,Yes,436.63,35.9,8.67,7.0,5.0,3.0
ORD004289,Swiggy Instamart,Chennai,37.0,Fruits & Vegetables,No,1023.2,13.6,8.48,2.0,4.0,5.0
ORD004290,JioMart Express,Bangalore,45.0,Bakery,No,640.13,35.3,7.33,18.0,4.0,3.0
ORD004291,Dunzo,Mumbai,30.0,Baby Care,No,1014.34,20.1,5.25,17.0,4.0,5.0
ORD004292,Swiggy Instamart,Mumbai,22.0,Bakery,No,288.04,20.6,3.1,16.0,5.0,
ORD004293,Blinkit,Bangalore,47.0,Fruits & Vegetables,No,370.22,13.4,8.83,18.0,,4.0
ORD004294,Dunzo,Chennai,18.0,Dairy & Eggs,No,215.58,20.7,7.88,16.0,5.0,1.0
ORD004295,Swiggy Instamart,Bangalore,39.0,Baby Care,Yes,267.62,32.4,8.46,1.0,5.0,3.0
ORD004296,BigBasket Now,Chennai,35.0,Beverages,No,231.34,15.5,1.84,5.0,5.0,4.0
ORD004297,Dunzo,Bangalore,63.0,Groceries,No,184.19,14.4,3.49,15.0,5.0,4.0
ORD004298,Dunzo,Mumbai,22.0,Personal Care,No,915.54,14.9,4.54,13.0,4.0,5.0
ORD004299,Zepto,Mumbai,48.0,Personal Care,Yes,114.99,31.4,8.46,5.0,5.0,1.0
ORD004300,BigBasket Now,Kolkata,23.0,Personal Care,No,917.9,23.2,8.98,18.0,5.0,3.0
ORD004301,Blinkit,Chennai,44.0,Dairy & Eggs,No,852.04,29.3,3.21,5.0,5.0,5.0
ORD004302,JioMart Express,Pune,42.0,Groceries,Yes,544.5,18.6,7.02,16.0,5.0,5.0
ORD004303,Swiggy Instamart,Mumbai,46.0,Fruits & Vegetables,No,206.71,16.7,1.24,11.0,5.0,3.0
ORD004304,Zepto,Ahmedabad,45.0,Dairy & Eggs,No,156.13,19.5,4.39,11.0,2.0,3.0
ORD004305,Swiggy Instamart,Delhi,33.0,Personal Care,Yes,290.31,25.2,5.12,3.0,5.0,2.0
ORD004306,Blinkit,Mumbai,29.0,Personal Care,Yes,587.03,14.9,7.77,19.0,3.0,3.0
ORD004307,Blinkit,Ahmedabad,37.0,Snacks & Munchies,No,404.17,28.4,8.97,10.0,4.0,1.0
ORD004308,Dunzo,Delhi,35.0,Bakery,Yes,215.7,19.0,3.7,2.0,4.0,4.0
ORD004309,Blinkit,Hyderabad,51.0,Bakery,No,803.46,6.3,5.51,17.0,3.0,5.0
ORD004310,Swiggy Instamart,Mumbai,40.0,Snacks & Munchies,No,1108.35,23.4,6.65,3.0,3.0,3.0
ORD004311,BigBasket Now,Hyderabad,62.0,Meat & Seafood,Yes,352.14,9.9,3.62,3.0,5.0,5.0
ORD004312,BigBasket Now,Pune,44.0,Snacks & Munchies,No,430.78,23.2,9.86,8.0,5.0,4.0
ORD004313,Dunzo,Delhi,34.0,Bakery,No,163.15,23.6,8.82,16.0,4.0,5.0
ORD004314,JioMart Express,Chennai,38.0,Personal Care,No,314.62,18.8,3.32,12.0,4.0,5.0
ORD004315,Swiggy Instamart,Mumbai,57.0,Beverages,No,547.99,20.4,5.33,19.0,5.0,5.0
ORD004316,Swiggy Instamart,Hyderabad,48.0,Bakery,No,499.15,25.5,2.69,1.0,4.0,4.0
ORD004317,Blinkit,Delhi,20.0,Groceries,Yes,297.5,13.5,5.39,19.0,4.0,5.0
ORD004318,Swiggy Instamart,Delhi,34.0,Beverages,Yes,342.22,22.6,6.99,4.0,4.0,4.0
ORD004319,Zepto,Delhi,43.0,Dairy & Eggs,Yes,308.49,26.2,1.31,17.0,5.0,3.0
ORD004320,JioMart Express,Mumbai,40.0,Bakery,Yes,341.35,33.2,8.77,19.0,4.0,
ORD004321,Blinkit,Pune,23.0,Fruits & Vegetables,No,520.06,10.6,6.14,4.0,5.0,5.0
ORD004322,Zepto,Bangalore,45.0,Baby Care,No,123.9,19.4,9.9,15.0,3.0,2.0
ORD004323,Dunzo,Delhi,25.0,Baby Care,No,385.83,11.2,0.74,7.0,2.0,5.0
ORD004324,BigBasket Now,Bangalore,62.0,Groceries,Yes,497.69,11.0,8.4,17.0,3.0,4.0
ORD004325,Dunzo,Delhi,25.0,Household Essentials,Yes,286.49,19.0,8.02,9.0,4.0,3.0
ORD004326,BigBasket Now,Chennai,36.0,Baby Care,No,302.6,17.0,1.76,7.0,4.0,4.0
ORD004327,Dunzo,Ahmedabad,55.0,Groceries,Yes,307.9,26.0,3.69,4.0,4.0,4.0
ORD004328,Swiggy Instamart,Bangalore,46.0,Household Essentials,No,302.65,14.3,8.91,17.0,4.0,4.0
ORD004329,Zepto,Pune,40.0,Dairy & Eggs,Yes,404.86,15.6,5.43,15.0,4.0,3.0
ORD004330,BigBasket Now,Hyderabad,64.0,Household Essentials,No,435.9,17.9,4.31,9.0,5.0,5.0
ORD004331,Blinkit,Mumbai,49.0,Fruits & Vegetables,No,114.4,11.6,9.1,16.0,5.0,5.0
ORD004332,Zepto,Chennai,27.0,Bakery,No,596.89,12.3,1.39,6.0,5.0,
ORD004333,Blinkit,Bangalore,44.0,Baby Care,Yes,339.0,25.7,4.99,17.0,5.0,4.0
ORD004334,Zepto,Hyderabad,18.0,Personal Care,No,1286.63,13.2,6.7,7.0,4.0,1.0
ORD004335,Zepto,Pune,56.0,Snacks & Munchies,No,197.36,26.4,6.28,17.0,,5.0
ORD004336,Dunzo,Bangalore,46.0,Bakery,No,239.75,21.0,3.01,14.0,3.0,5.0
ORD004337,BigBasket Now,Pune,62.0,Dairy & Eggs,Yes,357.19,8.9,5.85,15.0,3.0,4.0
ORD004338,BigBasket Now,Chennai,20.0,Dairy & Eggs,Yes,516.94,20.3,7.23,18.0,4.0,5.0
ORD004339,Zepto,Bangalore,64.0,Groceries,Yes,125.15,20.3,6.06,19.0,5.0,5.0
ORD004340,Swiggy Instamart,Hyderabad,54.0,Meat & Seafood,Yes,245.31,19.5,7.0,18.0,5.0,4.0
ORD004341,Swiggy Instamart,Delhi,48.0,Household Essentials,No,575.24,15.5,2.93,14.0,3.0,4.0
ORD004342,Blinkit,Ahmedabad,28.0,Household Essentials,Yes,228.41,11.3,8.41,5.0,,3.0
ORD004343,Blinkit,Hyderabad,39.0,Groceries,Yes,917.83,28.2,4.77,7.0,4.0,3.0
ORD004344,Dunzo,Mumbai,35.0,Snacks & Munchies,No,307.25,15.8,9.88,12.0,5.0,4.0
ORD004345,Zepto,Delhi,52.0,Personal Care,No,235.19,11.5,0.72,17.0,1.0,3.0
ORD004346,Blinkit,Hyderabad,23.0,Dairy & Eggs,No,581.81,19.7,4.11,19.0,4.0,3.0
ORD004347,Blinkit,Mumbai,20.0,Bakery,No,1058.46,12.2,2.21,16.0,5.0,1.0
ORD004348,JioMart Express,Mumbai,22.0,Snacks & Munchies,Yes,517.93,11.2,5.78,2.0,5.0,4.0
ORD004349,Zepto,Bangalore,26.0,Personal Care,No,859.42,14.2,2.81,,3.0,5.0
ORD004350,Dunzo,Delhi,45.0,Meat & Seafood,Yes,1103.21,12.6,7.51,17.0,1.0,5.0
ORD004351,Blinkit,Bangalore,36.0,Bakery,Yes,232.03,11.4,8.88,3.0,4.0,5.0
ORD004352,Dunzo,Delhi,45.0,Groceries,Yes,708.42,22.7,2.5,8.0,5.0,5.0
ORD004353,BigBasket Now,,44.0,Bakery,Yes,161.73,15.7,2.03,5.0,3.0,4.0
ORD004354,Dunzo,Chennai,30.0,Fruits & Vegetables,Yes,520.58,27.1,8.82,17.0,5.0,3.0
ORD004355,Swiggy Instamart,Bangalore,55.0,Meat & Seafood,Yes,386.53,11.7,3.93,14.0,3.0,4.0
ORD004356,Swiggy Instamart,Delhi,60.0,Groceries,No,850.45,8.2,4.63,14.0,4.0,2.0
ORD004357,Dunzo,Delhi,38.0,Groceries,No,815.13,17.5,2.6,4.0,5.0,4.0
ORD004358,Swiggy Instamart,Hyderabad,44.0,Groceries,No,567.86,34.5,4.54,15.0,3.0,3.0
ORD004359,BigBasket Now,Mumbai,63.0,Baby Care,No,482.54,20.3,2.7,2.0,4.0,5.0
ORD004360,Zepto,Mumbai,23.0,Snacks & Munchies,Yes,547.31,59.5,6.83,4.0,4.0,3.0
ORD004361,Swiggy Instamart,Mumbai,55.0,Personal Care,Yes,418.66,18.8,5.24,17.0,5.0,3.0
ORD004362,Swiggy Instamart,Kolkata,28.0,Household Essentials,Yes,388.88,18.1,7.99,,2.0,5.0
ORD004363,Dunzo,Chennai,64.0,Dairy & Eggs,Yes,958.67,6.9,3.47,16.0,4.0,2.0
ORD004364,BigBasket Now,Chennai,58.0,Dairy & Eggs,No,1030.43,19.5,5.3,12.0,4.0,4.0
ORD004365,Zepto,Chennai,34.0,Fruits & Vegetables,No,370.56,17.6,2.97,3.0,4.0,2.0
ORD004366,Dunzo,Hyderabad,56.0,Fruits & Vegetables,Yes,465.25,14.0,9.38,5.0,5.0,2.0
ORD004367,Dunzo,Bangalore,24.0,Fruits & Vegetables,Yes,423.69,15.6,5.46,16.0,4.0,4.0
ORD004368,JioMart Express,Hyderabad,47.0,Beverages,Yes,153.39,16.0,2.15,7.0,4.0,4.0
ORD004369,BigBasket Now,Mumbai,38.0,Fruits & Vegetables,Yes,329.69,15.3,3.09,,4.0,3.0
ORD004370,Zepto,Hyderabad,18.0,Dairy & Eggs,Yes,1053.45,37.9,1.29,17.0,5.0,5.0
ORD004371,BigBasket Now,Kolkata,42.0,Meat & Seafood,No,257.27,14.2,0.76,2.0,2.0,5.0
ORD004372,Zepto,Bangalore,49.0,Personal Care,Yes,1434.72,17.6,5.5,12.0,5.0,3.0
ORD004373,BigBasket Now,Delhi,25.0,Fruits & Vegetables,No,815.07,14.0,3.7,13.0,1.0,3.0
ORD004374,Dunzo,Delhi,22.0,Meat & Seafood,Yes,513.32,22.5,9.66,5.0,4.0,5.0
ORD004375,Dunzo,Hyderabad,47.0,Beverages,Yes,564.82,17.6,2.13,16.0,4.0,5.0
ORD004376,Blinkit,Chennai,25.0,Beverages,No,232.68,14.7,8.04,8.0,3.0,3.0
ORD004377,Swiggy Instamart,Pune,36.0,Household Essentials,No,344.08,7.6,3.5,14.0,1.0,4.0
ORD004378,JioMart Express,Delhi,61.0,Baby Care,Yes,957.99,18.1,2.62,8.0,2.0,3.0
ORD004379,BigBasket Now,Chennai,47.0,Baby Care,No,279.02,14.5,9.71,,3.0,3.0
ORD004380,JioMart Express,Hyderabad,32.0,Bakery,Yes,762.56,16.0,8.12,12.0,5.0,3.0
ORD004381,Blinkit,Pune,53.0,Baby Care,Yes,176.58,10.2,6.49,11.0,5.0,5.0
ORD004382,Swiggy Instamart,Bangalore,61.0,Bakery,No,196.59,29.2,7.12,16.0,2.0,5.0
ORD004383,BigBasket Now,Bangalore,44.0,Snacks & Munchies,No,1262.48,23.2,9.92,15.0,3.0,5.0
ORD004384,Zepto,Hyderabad,30.0,Baby Care,Yes,400.57,29.1,6.14,13.0,5.0,3.0
ORD004385,Swiggy Instamart,Chennai,31.0,Beverages,Yes,292.04,26.0,1.47,18.0,3.0,1.0
ORD004386,Dunzo,Ahmedabad,54.0,Household Essentials,No,913.83,20.8,1.12,1.0,5.0,2.0
ORD004387,Blinkit,Mumbai,47.0,Meat & Seafood,Yes,851.92,10.4,6.83,1.0,3.0,4.0
ORD004388,Swiggy Instamart,Mumbai,56.0,Fruits & Vegetables,Yes,700.96,34.4,6.75,1.0,5.0,3.0
ORD004389,Swiggy Instamart,Pune,64.0,Baby Care,No,286.59,11.3,7.61,9.0,4.0,3.0
ORD004390,Dunzo,Bangalore,30.0,Bakery,No,339.63,14.8,1.53,14.0,2.0,1.0
ORD004391,BigBasket Now,Hyderabad,33.0,Meat & Seafood,Yes,486.37,21.8,9.48,18.0,3.0,5.0
ORD004392,Zepto,Bangalore,61.0,Groceries,No,611.94,22.3,5.74,1.0,4.0,4.0
ORD004393,Dunzo,Mumbai,24.0,Dairy & Eggs,No,297.35,20.7,6.67,,3.0,
ORD004394,Zepto,Chennai,44.0,Baby Care,Yes,446.95,14.0,0.83,2.0,4.0,5.0
ORD004395,BigBasket Now,Chennai,62.0,Dairy & Eggs,No,473.63,12.9,9.63,19.0,3.0,5.0
ORD004396,Swiggy Instamart,Delhi,52.0,Baby Care,No,873.11,45.3,5.84,2.0,4.0,3.0
ORD004397,Zepto,Delhi,32.0,Groceries,Yes,634.4,16.2,5.85,19.0,4.0,3.0
ORD004398,Blinkit,Kolkata,45.0,Fruits & Vegetables,Yes,163.35,15.4,9.46,2.0,4.0,5.0
ORD004399,Blinkit,Mumbai,52.0,Snacks & Munchies,No,354.89,12.4,9.33,6.0,,3.0
ORD004400,Dunzo,Pune,24.0,Personal Care,No,231.07,18.1,2.59,15.0,4.0,5.0
ORD004401,BigBasket Now,Delhi,63.0,Meat & Seafood,Yes,567.28,17.8,9.35,11.0,4.0,1.0
ORD004402,Dunzo,Hyderabad,63.0,Meat & Seafood,No,701.97,16.3,7.5,16.0,5.0,4.0
ORD004403,Dunzo,Pune,37.0,Fruits & Vegetables,No,428.78,19.2,0.68,3.0,5.0,
ORD004404,JioMart Express,Chennai,49.0,Household Essentials,No,343.48,33.3,2.78,3.0,3.0,4.0
ORD004405,Dunzo,Bangalore,55.0,Beverages,No,420.52,13.0,4.42,19.0,3.0,5.0
ORD004406,JioMart Express,Chennai,57.0,Baby Care,Yes,457.31,16.7,6.04,11.0,2.0,4.0
ORD004407,Blinkit,Delhi,49.0,Personal Care,Yes,274.77,12.7,7.16,6.0,2.0,2.0
ORD004408,Blinkit,Delhi,43.0,Household Essentials,No,194.18,18.5,2.5,9.0,3.0,3.0
ORD004409,Dunzo,Ahmedabad,56.0,Personal Care,Yes,117.91,13.1,8.45,5.0,3.0,5.0
ORD004410,Blinkit,Chennai,37.0,Beverages,No,862.91,13.3,8.53,7.0,3.0,5.0
ORD004411,BigBasket Now,Hyderabad,35.0,Dairy & Eggs,Yes,543.39,9.2,6.53,1.0,3.0,3.0
ORD004412,JioMart Express,Delhi,32.0,Baby Care,Yes,501.45,17.1,9.25,3.0,3.0,5.0
ORD004413,JioMart Express,Mumbai,39.0,Beverages,No,861.88,19.5,8.22,11.0,2.0,4.0
ORD004414,Dunzo,Mumbai,39.0,Meat & Seafood,No,189.94,34.6,2.61,10.0,3.0,3.0
ORD004415,Blinkit,Hyderabad,38.0,Meat & Seafood,No,142.4,19.8,8.09,13.0,4.0,4.0
ORD004416,Zepto,Chennai,19.0,Baby Care,No,508.03,13.7,9.56,3.0,3.0,4.0
ORD004417,JioMart Express,Bangalore,57.0,Snacks & Munchies,Yes,481.05,9.5,1.81,11.0,3.0,5.0
ORD004418,Dunzo,Kolkata,60.0,Fruits & Vegetables,Yes,142.77,10.1,9.8,9.0,2.0,4.0
ORD004419,Dunzo,Mumbai,35.0,Fruits & Vegetables,No,500.55,9.8,0.74,11.0,4.0,5.0
ORD004420,BigBasket Now,Delhi,40.0,Meat & Seafood,Yes,317.31,34.9,5.46,9.0,5.0,5.0
ORD004421,Swiggy Instamart,Delhi,30.0,Meat & Seafood,No,248.58,18.5,7.85,13.0,2.0,4.0
ORD004422,Swiggy Instamart,Bangalore,58.0,Beverages,No,330.28,13.0,8.01,9.0,4.0,3.0
ORD004423,JioMart Express,Mumbai,26.0,Groceries,Yes,100.0,11.2,7.48,14.0,4.0,
ORD004424,BigBasket Now,Ahmedabad,24.0,Bakery,No,282.92,11.7,5.53,16.0,4.0,4.0
ORD004425,BigBasket Now,Delhi,58.0,Snacks & Munchies,Yes,264.39,12.9,6.68,17.0,5.0,5.0
ORD004426,BigBasket Now,Pune,18.0,Household Essentials,No,563.55,27.8,7.15,15.0,5.0,3.0
ORD004427,JioMart Express,Bangalore,19.0,Bakery,Yes,366.89,16.2,5.2,11.0,2.0,
ORD004428,Swiggy Instamart,Ahmedabad,21.0,Beverages,Yes,591.89,9.2,6.16,12.0,4.0,5.0
ORD004429,BigBasket Now,Hyderabad,31.0,Bakery,No,100.0,41.4,8.54,11.0,,5.0
ORD004430,Blinkit,Pune,49.0,Bakery,No,243.85,10.4,3.47,18.0,5.0,3.0
ORD004431,Dunzo,Mumbai,53.0,Beverages,No,563.18,13.0,5.47,12.0,5.0,4.0
ORD004432,Dunzo,Chennai,19.0,Meat & Seafood,No,335.18,27.8,0.58,8.0,3.0,2.0
ORD004433,Zepto,Pune,57.0,Meat & Seafood,No,670.0,19.4,7.03,10.0,3.0,3.0
ORD004434,Zepto,Mumbai,31.0,Baby Care,Yes,136.62,13.6,2.36,3.0,5.0,3.0
ORD004435,JioMart Express,Mumbai,37.0,Bakery,No,625.57,10.0,5.07,4.0,4.0,
ORD004436,JioMart Express,Bangalore,42.0,Household Essentials,No,274.93,11.2,2.5,13.0,4.0,4.0
ORD004437,Dunzo,Pune,59.0,Beverages,Yes,259.38,11.4,0.72,8.0,4.0,3.0
ORD004438,Blinkit,Bangalore,25.0,Household Essentials,No,731.16,16.5,5.09,2.0,2.0,5.0
ORD004439,Swiggy Instamart,Bangalore,45.0,Personal Care,No,810.09,17.8,4.54,2.0,5.0,5.0
ORD004440,Swiggy Instamart,Mumbai,63.0,Fruits & Vegetables,Yes,750.56,15.5,4.54,6.0,5.0,5.0
ORD004441,JioMart Express,Mumbai,38.0,Baby Care,No,1370.85,16.2,2.48,7.0,4.0,5.0
ORD004442,Blinkit,Kolkata,40.0,Fruits & Vegetables,Yes,862.71,10.8,9.5,4.0,4.0,5.0
ORD004443,JioMart Express,Mumbai,49.0,Baby Care,Yes,250.32,18.5,0.53,8.0,4.0,3.0
ORD004444,Swiggy Instamart,Hyderabad,25.0,Snacks & Munchies,Yes,439.21,27.4,8.97,18.0,3.0,5.0
ORD004445,JioMart Express,Pune,48.0,Beverages,No,325.02,15.4,7.5,10.0,2.0,3.0
ORD004446,BigBasket Now,Delhi,54.0,Fruits & Vegetables,Yes,1363.01,15.3,2.13,11.0,1.0,4.0
ORD004447,JioMart Express,Hyderabad,33.0,Household Essentials,No,782.84,17.0,4.99,7.0,5.0,5.0
ORD004448,Dunzo,Mumbai,57.0,Beverages,No,360.2,25.7,9.89,5.0,3.0,3.0
ORD004449,JioMart Express,Hyderabad,59.0,Household Essentials,No,683.17,11.5,6.62,11.0,2.0,4.0
ORD004450,Dunzo,Mumbai,44.0,Bakery,No,192.61,29.4,1.71,,4.0,4.0
ORD004451,Blinkit,Chennai,57.0,Fruits & Vegetables,No,468.79,19.5,4.85,16.0,2.0,3.0
ORD004452,Swiggy Instamart,Delhi,58.0,Bakery,No,229.81,16.6,4.95,19.0,2.0,1.0
ORD004453,Zepto,Bangalore,35.0,Meat & Seafood,No,146.47,26.7,8.12,5.0,4.0,5.0
ORD004454,Zepto,Hyderabad,52.0,Personal Care,No,645.95,10.2,9.2,7.0,4.0,3.0
ORD004455,Swiggy Instamart,Mumbai,32.0,Snacks & Munchies,No,695.86,20.3,1.28,3.0,4.0,5.0
ORD004456,Zepto,Chennai,44.0,Snacks & Munchies,No,530.77,19.5,3.48,10.0,4.0,4.0
ORD004457,JioMart Express,Delhi,34.0,Fruits & Vegetables,Yes,361.48,11.3,3.34,19.0,4.0,4.0
ORD004458,Blinkit,Hyderabad,57.0,Dairy & Eggs,No,188.7,19.8,9.96,5.0,4.0,5.0
ORD004459,Blinkit,Mumbai,19.0,Personal Care,Yes,200.98,18.4,5.81,5.0,4.0,4.0
ORD004460,Swiggy Instamart,Chennai,48.0,Groceries,Yes,225.53,15.3,8.86,11.0,3.0,
ORD004461,Zepto,Mumbai,54.0,Baby Care,No,350.65,23.2,4.55,19.0,4.0,3.0
ORD004462,JioMart Express,Bangalore,58.0,Snacks & Munchies,No,769.47,13.1,7.37,12.0,4.0,4.0
ORD004463,Blinkit,Delhi,58.0,Beverages,No,762.23,18.3,3.22,17.0,3.0,4.0
ORD004464,Blinkit,Chennai,51.0,Meat & Seafood,No,150.03,15.6,9.16,15.0,3.0,3.0
ORD004465,BigBasket Now,Delhi,51.0,Bakery,No,266.15,12.9,4.82,18.0,2.0,4.0
ORD004466,BigBasket Now,Pune,20.0,Groceries,Yes,261.88,20.1,8.14,9.0,4.0,4.0
ORD004467,Blinkit,Pune,34.0,Beverages,No,100.0,15.1,2.93,17.0,4.0,5.0
ORD004468,Swiggy Instamart,Mumbai,31.0,Fruits & Vegetables,Yes,566.61,9.1,7.09,11.0,3.0,4.0
ORD004469,Dunzo,Hyderabad,31.0,Personal Care,Yes,348.04,8.0,4.35,6.0,5.0,5.0
ORD004470,Dunzo,Mumbai,63.0,Snacks & Munchies,No,376.95,22.5,0.8,12.0,4.0,4.0
ORD004471,JioMart Express,Bangalore,55.0,Baby Care,Yes,904.63,10.1,4.42,11.0,5.0,5.0
ORD004472,Blinkit,Chennai,52.0,Groceries,Yes,425.38,18.4,5.73,17.0,4.0,4.0
ORD004473,Blinkit,Hyderabad,18.0,Snacks & Munchies,No,311.55,16.8,1.94,10.0,3.0,4.0
ORD004474,Blinkit,Hyderabad,46.0,Dairy & Eggs,Yes,568.64,14.2,2.25,13.0,5.0,4.0
ORD004475,Swiggy Instamart,Delhi,21.0,Dairy & Eggs,Yes,761.53,36.0,4.92,5.0,5.0,4.0
ORD004476,BigBasket Now,Delhi,50.0,Dairy & Eggs,Yes,481.97,17.7,3.76,4.0,4.0,5.0
ORD004477,Blinkit,Mumbai,34.0,Meat & Seafood,Yes,610.03,22.2,4.69,7.0,3.0,3.0
ORD004478,Blinkit,Chennai,45.0,Bakery,Yes,369.69,18.4,4.88,15.0,,2.0
ORD004479,Zepto,Bangalore,43.0,Fruits & Vegetables,No,384.09,15.0,1.83,2.0,5.0,5.0
ORD004480,Swiggy Instamart,Chennai,25.0,Beverages,Yes,431.74,16.3,2.22,,2.0,4.0
ORD004481,JioMart Express,Delhi,51.0,Snacks & Munchies,No,256.76,29.5,8.56,8.0,4.0,3.0
ORD004482,Blinkit,Delhi,35.0,Beverages,Yes,286.91,25.4,2.05,16.0,4.0,4.0
ORD004483,Zepto,Delhi,48.0,Beverages,No,922.17,35.9,6.83,3.0,3.0,4.0
ORD004484,Dunzo,Mumbai,44.0,Snacks & Munchies,No,1345.84,18.0,4.48,17.0,5.0,4.0
ORD004485,JioMart Express,Delhi,33.0,Bakery,No,1048.71,11.6,9.7,5.0,5.0,5.0
ORD004486,Blinkit,Kolkata,27.0,Meat & Seafood,No,182.37,13.8,1.13,,4.0,
ORD004487,Blinkit,Pune,57.0,Meat & Seafood,No,172.1,10.2,8.39,14.0,4.0,4.0
ORD004488,Zepto,Bangalore,29.0,Personal Care,Yes,197.47,22.3,5.17,14.0,5.0,5.0
ORD004489,Swiggy Instamart,Bangalore,39.0,Fruits & Vegetables,No,437.31,13.0,0.55,11.0,4.0,5.0
ORD004490,Blinkit,Mumbai,33.0,Personal Care,No,100.0,5.0,3.0,13.0,,3.0
ORD004491,Dunzo,Pune,29.0,Bakery,Yes,283.36,44.1,4.37,9.0,4.0,4.0
ORD004492,Blinkit,Mumbai,28.0,Beverages,Yes,938.48,13.1,3.48,2.0,2.0,4.0
ORD004493,Dunzo,Ahmedabad,37.0,Fruits & Vegetables,Yes,727.39,13.1,3.94,12.0,5.0,5.0
ORD004494,JioMart Express,Bangalore,18.0,Personal Care,No,297.24,32.1,9.21,8.0,4.0,5.0
ORD004495,JioMart Express,Delhi,44.0,Personal Care,Yes,311.06,10.1,3.93,16.0,3.0,4.0
ORD004496,BigBasket Now,Pune,20.0,Dairy & Eggs,Yes,566.99,25.9,4.48,1.0,5.0,5.0
ORD004497,BigBasket Now,Mumbai,29.0,Meat & Seafood,No,707.09,13.0,7.73,16.0,4.0,4.0
ORD004498,Dunzo,Hyderabad,47.0,Household Essentials,No,292.98,9.7,8.04,6.0,3.0,5.0
ORD004499,Swiggy Instamart,Bangalore,26.0,Personal Care,Yes,350.51,32.5,1.3,6.0,5.0,5.0
ORD004500,Blinkit,Delhi,54.0,Groceries,Yes,287.26,23.8,7.19,3.0,2.0,5.0
ORD004501,Blinkit,,18.0,Dairy & Eggs,No,181.49,23.8,5.08,9.0,4.0,5.0
ORD004502,BigBasket Now,Hyderabad,59.0,Beverages,No,353.6,19.0,1.77,19.0,4.0,4.0
ORD004503,Dunzo,Chennai,21.0,Baby Care,No,337.8,20.9,3.01,3.0,3.0,3.0
ORD004504,Blinkit,Mumbai,32.0,Meat & Seafood,No,189.35,10.0,0.93,7.0,5.0,4.0
ORD004505,Blinkit,Pune,44.0,Bakery,Yes,594.46,17.2,3.92,14.0,4.0,5.0
ORD004506,Swiggy Instamart,Mumbai,25.0,Snacks & Munchies,Yes,539.15,11.3,2.93,14.0,,5.0
ORD004507,Zepto,Delhi,40.0,Bakery,No,612.43,9.4,4.13,3.0,4.0,4.0
ORD004508,BigBasket Now,Delhi,32.0,Dairy & Eggs,No,254.46,19.4,6.01,5.0,5.0,1.0
ORD004509,BigBasket Now,Mumbai,44.0,Groceries,No,122.71,26.1,7.46,5.0,3.0,4.0
ORD004510,Zepto,Mumbai,48.0,Bakery,No,534.0,14.1,6.25,,4.0,4.0
ORD004511,Blinkit,Ahmedabad,56.0,Groceries,No,270.84,15.1,6.94,10.0,,2.0
ORD004512,Swiggy Instamart,Delhi,64.0,Snacks & Munchies,Yes,236.42,10.4,8.72,,2.0,5.0
ORD004513,Swiggy Instamart,Mumbai,25.0,Baby Care,Yes,189.76,16.5,8.8,16.0,,3.0
ORD004514,BigBasket Now,Mumbai,47.0,Meat & Seafood,Yes,342.0,22.3,8.68,9.0,5.0,4.0
ORD004515,Swiggy Instamart,Chennai,59.0,Meat & Seafood,Yes,1039.4,22.6,1.96,6.0,5.0,2.0
ORD004516,JioMart Express,Pune,35.0,Household Essentials,Yes,297.89,20.5,2.89,5.0,5.0,5.0
ORD004517,Zepto,Delhi,21.0,Groceries,No,209.79,12.8,5.27,4.0,4.0,5.0
ORD004518,Blinkit,Mumbai,64.0,Snacks & Munchies,Yes,596.55,12.7,3.91,18.0,4.0,4.0
ORD004519,JioMart Express,Delhi,60.0,Personal Care,Yes,447.5,22.6,1.75,16.0,3.0,4.0
ORD004520,Zepto,Mumbai,39.0,Personal Care,Yes,113.12,22.8,3.23,7.0,4.0,3.0
ORD004521,Dunzo,Mumbai,20.0,Beverages,No,600.29,15.4,9.77,14.0,4.0,5.0
ORD004522,BigBasket Now,Bangalore,32.0,Groceries,No,1446.76,13.9,3.8,17.0,1.0,5.0
ORD004523,Swiggy Instamart,Delhi,52.0,Fruits & Vegetables,No,100.0,26.2,4.48,8.0,4.0,5.0
ORD004524,Dunzo,Bangalore,64.0,Bakery,No,192.21,14.2,0.56,,4.0,3.0
ORD004525,Swiggy Instamart,Delhi,55.0,Beverages,No,100.0,22.2,7.33,17.0,4.0,1.0
ORD004526,JioMart Express,Ahmedabad,50.0,Beverages,Yes,385.61,15.6,4.43,14.0,4.0,4.0
ORD004527,Blinkit,Pune,31.0,Beverages,Yes,730.87,10.8,1.48,9.0,5.0,
ORD004528,Blinkit,Hyderabad,18.0,Snacks & Munchies,Yes,429.79,31.3,9.7,6.0,4.0,5.0
ORD004529,Blinkit,Delhi,43.0,Meat & Seafood,No,930.01,17.3,7.89,8.0,4.0,4.0
ORD004530,Swiggy Instamart,Bangalore,25.0,Beverages,Yes,664.03,12.4,7.4,17.0,4.0,4.0
ORD004531,Dunzo,Bangalore,33.0,Meat & Seafood,Yes,1120.23,9.4,9.6,13.0,3.0,2.0
ORD004532,Blinkit,Chennai,55.0,Meat & Seafood,No,809.27,9.8,4.37,13.0,4.0,5.0
ORD004533,Dunzo,Bangalore,27.0,Groceries,No,316.79,14.2,7.33,17.0,4.0,5.0
ORD004534,Swiggy Instamart,Pune,59.0,Snacks & Munchies,No,419.91,35.5,2.46,19.0,,3.0
ORD004535,JioMart Express,Ahmedabad,54.0,Meat & Seafood,Yes,239.56,13.0,7.12,,5.0,4.0
ORD004536,Dunzo,Delhi,43.0,Beverages,No,351.29,29.3,0.63,18.0,4.0,4.0
ORD004537,JioMart Express,Hyderabad,45.0,Snacks & Munchies,No,418.68,15.6,1.7,4.0,3.0,3.0
ORD004538,Swiggy Instamart,Mumbai,29.0,Beverages,Yes,383.39,10.3,4.54,7.0,4.0,5.0
ORD004539,Swiggy Instamart,,37.0,Dairy & Eggs,No,902.67,13.6,0.61,16.0,,5.0
ORD004540,BigBasket Now,Bangalore,31.0,Bakery,No,330.93,9.9,4.89,19.0,4.0,5.0
ORD004541,Swiggy Instamart,Delhi,63.0,Dairy & Eggs,Yes,230.61,11.7,5.47,15.0,5.0,5.0
ORD004542,Swiggy Instamart,Pune,52.0,Dairy & Eggs,Yes,239.42,11.5,6.41,14.0,5.0,5.0
ORD004543,Zepto,Mumbai,46.0,Groceries,No,597.68,7.7,1.45,13.0,2.0,4.0
ORD004544,Blinkit,Bangalore,29.0,Fruits & Vegetables,Yes,173.84,30.1,2.22,7.0,2.0,5.0
ORD004545,BigBasket Now,Hyderabad,35.0,Bakery,No,357.55,17.9,6.33,15.0,4.0,4.0
ORD004546,BigBasket Now,Chennai,61.0,Groceries,Yes,894.71,12.5,6.75,1.0,3.0,3.0
ORD004547,BigBasket Now,Bangalore,19.0,Beverages,No,480.85,18.0,0.75,2.0,4.0,4.0
ORD004548,Zepto,Pune,19.0,Groceries,No,385.77,11.8,5.63,3.0,5.0,4.0
ORD004549,JioMart Express,Hyderabad,34.0,Beverages,No,394.83,5.6,7.96,5.0,4.0,5.0
ORD004550,Swiggy Instamart,Bangalore,27.0,Fruits & Vegetables,Yes,217.51,53.7,1.16,16.0,4.0,4.0
ORD004551,Blinkit,Mumbai,35.0,Meat & Seafood,Yes,241.22,17.7,4.43,17.0,4.0,
ORD004552,Dunzo,Bangalore,39.0,Groceries,Yes,358.85,13.0,3.6,,2.0,3.0
ORD004553,JioMart Express,Kolkata,36.0,Household Essentials,Yes,474.74,7.6,9.18,16.0,5.0,5.0
ORD004554,Swiggy Instamart,Hyderabad,18.0,Meat & Seafood,Yes,712.58,9.0,2.27,11.0,4.0,5.0
ORD004555,Zepto,Kolkata,41.0,Baby Care,No,426.47,31.9,3.52,3.0,4.0,5.0
ORD004556,Swiggy Instamart,Bangalore,53.0,Groceries,Yes,908.38,30.0,9.04,10.0,3.0,2.0
ORD004557,Swiggy Instamart,Mumbai,42.0,Beverages,No,1056.92,22.2,3.64,18.0,5.0,1.0
ORD004558,Zepto,Mumbai,53.0,Bakery,Yes,650.12,10.5,5.55,16.0,4.0,4.0
ORD004559,BigBasket Now,Delhi,48.0,Groceries,No,841.33,30.1,0.81,9.0,2.0,5.0
ORD004560,BigBasket Now,Chennai,48.0,Beverages,No,222.64,19.7,9.86,1.0,5.0,5.0
ORD004561,Blinkit,Kolkata,19.0,Fruits & Vegetables,Yes,202.45,21.4,8.34,11.0,5.0,5.0
ORD004562,Blinkit,Delhi,36.0,Dairy & Eggs,No,550.48,19.7,6.53,11.0,4.0,4.0
ORD004563,BigBasket Now,Bangalore,29.0,Groceries,No,180.42,9.0,1.08,13.0,4.0,5.0
ORD004564,JioMart Express,Bangalore,27.0,Personal Care,No,338.92,10.2,1.21,8.0,5.0,3.0
ORD004565,Dunzo,,48.0,Baby Care,No,640.8,13.4,5.68,19.0,5.0,1.0
ORD004566,Swiggy Instamart,Delhi,62.0,Personal Care,Yes,942.02,21.3,3.21,9.0,4.0,5.0
ORD004567,Dunzo,Mumbai,39.0,Meat & Seafood,Yes,346.36,9.5,6.42,6.0,4.0,3.0
ORD004568,Swiggy Instamart,Mumbai,40.0,Meat & Seafood,Yes,273.15,15.3,6.18,4.0,3.0,5.0
ORD004569,BigBasket Now,Mumbai,40.0,Dairy & Eggs,No,488.96,15.3,8.47,9.0,3.0,4.0
ORD004570,Blinkit,Mumbai,32.0,Dairy & Eggs,No,211.85,22.6,3.17,15.0,3.0,3.0
ORD004571,JioMart Express,Mumbai,43.0,Meat & Seafood,No,363.59,21.5,5.99,18.0,3.0,3.0
ORD004572,Blinkit,Hyderabad,20.0,Groceries,Yes,401.5,11.0,7.88,4.0,5.0,3.0
ORD004573,Dunzo,Delhi,40.0,Snacks & Munchies,No,396.71,29.3,5.16,19.0,2.0,5.0
ORD004574,Blinkit,Ahmedabad,37.0,Groceries,No,425.43,10.3,8.39,16.0,5.0,1.0
ORD004575,BigBasket Now,Mumbai,62.0,Baby Care,Yes,244.52,25.5,1.75,,4.0,4.0
ORD004576,JioMart Express,Delhi,57.0,Meat & Seafood,Yes,260.81,13.2,7.47,12.0,4.0,4.0
ORD004577,Dunzo,Delhi,56.0,Personal Care,Yes,257.68,17.6,9.46,15.0,3.0,3.0
ORD004578,JioMart Express,Mumbai,25.0,Dairy & Eggs,No,152.62,18.0,3.65,15.0,4.0,2.0
ORD004579,Swiggy Instamart,Kolkata,35.0,Personal Care,No,495.27,17.8,3.98,15.0,3.0,4.0
ORD004580,Blinkit,Mumbai,58.0,Meat & Seafood,Yes,690.07,21.5,1.29,16.0,4.0,3.0
ORD004581,JioMart Express,Ahmedabad,23.0,Fruits & Vegetables,Yes,650.53,19.2,6.59,,5.0,4.0
ORD004582,Zepto,Pune,44.0,Meat & Seafood,No,344.64,22.5,5.75,8.0,4.0,
ORD004583,Blinkit,Bangalore,53.0,Household Essentials,No,247.99,19.8,0.88,2.0,5.0,1.0
ORD004584,Swiggy Instamart,Bangalore,32.0,Baby Care,No,630.55,9.9,7.65,15.0,5.0,5.0
ORD004585,JioMart Express,Hyderabad,54.0,Household Essentials,No,591.91,18.3,8.38,8.0,5.0,4.0
ORD004586,Dunzo,Bangalore,22.0,Bakery,Yes,459.64,13.1,9.12,11.0,3.0,4.0
ORD004587,Swiggy Instamart,Hyderabad,56.0,Personal Care,No,1148.93,10.6,5.68,16.0,5.0,5.0
ORD004588,Zepto,Mumbai,26.0,Fruits & Vegetables,Yes,397.08,14.6,4.8,8.0,4.0,4.0
ORD004589,JioMart Express,Mumbai,24.0,Baby Care,No,345.8,17.7,8.82,5.0,5.0,2.0
ORD004590,BigBasket Now,Bangalore,58.0,Beverages,Yes,317.38,18.2,4.29,4.0,4.0,3.0
ORD004591,Blinkit,Bangalore,37.0,Bakery,No,158.14,25.1,6.73,12.0,4.0,5.0
ORD004592,Dunzo,Pune,27.0,Snacks & Munchies,Yes,599.92,27.7,6.35,10.0,,3.0
ORD004593,BigBasket Now,Mumbai,43.0,Household Essentials,No,378.69,18.8,4.04,4.0,3.0,4.0
ORD004594,JioMart Express,Kolkata,21.0,Baby Care,Yes,547.83,20.2,1.33,19.0,4.0,4.0
ORD004595,JioMart Express,Delhi,55.0,Baby Care,Yes,1218.2,17.1,0.7,10.0,2.0,3.0
ORD004596,Swiggy Instamart,Bangalore,41.0,Household Essentials,No,319.11,22.4,4.57,19.0,3.0,5.0
ORD004597,JioMart Express,Delhi,31.0,Bakery,Yes,100.0,20.0,5.07,,5.0,5.0
ORD004598,Dunzo,Bangalore,58.0,Fruits & Vegetables,No,538.42,16.1,8.32,11.0,1.0,4.0
ORD004599,BigBasket Now,Mumbai,18.0,Fruits & Vegetables,No,445.91,38.9,4.44,13.0,5.0,4.0
ORD004600,Dunzo,Bangalore,34.0,Dairy & Eggs,No,259.96,13.2,3.17,2.0,4.0,3.0
ORD004601,Zepto,Kolkata,62.0,Groceries,No,512.02,29.4,4.89,14.0,4.0,4.0
ORD004602,Zepto,Bangalore,41.0,Bakery,No,646.55,9.6,2.76,18.0,3.0,5.0
ORD004603,Blinkit,Bangalore,44.0,Personal Care,No,228.61,22.8,1.37,16.0,2.0,4.0
ORD004604,Blinkit,Kolkata,24.0,Personal Care,No,336.7,29.2,1.57,4.0,5.0,5.0
ORD004605,Zepto,Chennai,26.0,Bakery,Yes,978.53,7.7,3.53,1.0,5.0,1.0
ORD004606,JioMart Express,Bangalore,60.0,Household Essentials,Yes,261.65,17.4,0.62,3.0,3.0,5.0
ORD004607,Dunzo,Delhi,52.0,Personal Care,No,419.89,21.9,2.59,12.0,2.0,4.0
ORD004608,Zepto,Pune,29.0,Personal Care,Yes,100.0,18.2,7.98,3.0,3.0,5.0
ORD004609,Blinkit,Hyderabad,38.0,Groceries,No,165.82,19.1,2.73,18.0,3.0,4.0
ORD004610,Zepto,Delhi,20.0,Baby Care,Yes,443.42,17.4,1.55,4.0,5.0,4.0
ORD004611,JioMart Express,Delhi,32.0,Baby Care,Yes,842.85,10.6,9.52,17.0,5.0,5.0
ORD004612,Zepto,Kolkata,38.0,Bakery,No,178.18,42.4,6.41,12.0,4.0,5.0
ORD004613,Dunzo,Mumbai,27.0,Meat & Seafood,No,421.89,13.4,1.07,8.0,5.0,4.0
ORD004614,BigBasket Now,Ahmedabad,50.0,Baby Care,No,322.01,19.6,1.09,17.0,3.0,3.0
ORD004615,JioMart Express,Mumbai,63.0,Household Essentials,No,714.69,12.7,6.32,14.0,4.0,4.0
ORD004616,Blinkit,Kolkata,23.0,Beverages,Yes,194.28,6.6,5.63,11.0,5.0,5.0
ORD004617,Dunzo,Bangalore,19.0,Meat & Seafood,Yes,522.2,11.4,1.15,8.0,2.0,4.0
ORD004618,Zepto,Bangalore,46.0,Groceries,Yes,272.54,9.2,2.63,1.0,4.0,4.0
ORD004619,Zepto,Pune,57.0,Household Essentials,No,461.2,25.4,9.33,17.0,4.0,5.0
ORD004620,BigBasket Now,Bangalore,50.0,Fruits & Vegetables,Yes,420.46,12.9,5.93,18.0,4.0,4.0
ORD004621,Blinkit,Bangalore,21.0,Groceries,Yes,346.86,13.4,4.68,10.0,4.0,4.0
ORD004622,Blinkit,,21.0,Dairy & Eggs,No,537.37,10.7,2.88,9.0,4.0,2.0
ORD004623,Swiggy Instamart,Mumbai,46.0,Personal Care,No,414.13,17.1,1.77,2.0,4.0,5.0
ORD004624,Blinkit,Delhi,54.0,Snacks & Munchies,Yes,372.53,12.3,4.33,3.0,2.0,4.0
ORD004625,BigBasket Now,Chennai,37.0,Fruits & Vegetables,Yes,325.76,24.5,9.26,1.0,,2.0
ORD004626,Swiggy Instamart,Mumbai,58.0,Meat & Seafood,No,422.66,18.6,0.96,1.0,4.0,4.0
ORD004627,Swiggy Instamart,Mumbai,40.0,Household Essentials,No,460.92,13.1,9.91,18.0,3.0,3.0
ORD004628,Zepto,Bangalore,62.0,Fruits & Vegetables,Yes,222.85,23.1,2.47,8.0,5.0,4.0
ORD004629,Zepto,Hyderabad,35.0,Dairy & Eggs,Yes,327.12,16.5,4.38,18.0,5.0,4.0
ORD004630,Blinkit,Chennai,42.0,Household Essentials,No,214.2,16.6,0.93,1.0,3.0,5.0
ORD004631,Swiggy Instamart,Mumbai,18.0,Snacks & Munchies,No,393.9,9.2,6.06,17.0,5.0,3.0
ORD004632,Zepto,Mumbai,32.0,Meat & Seafood,No,282.76,16.0,5.09,10.0,,2.0
ORD004633,BigBasket Now,Ahmedabad,51.0,Groceries,No,640.64,18.7,6.83,9.0,3.0,4.0
ORD004634,Zepto,Delhi,37.0,Bakery,No,604.04,28.0,5.66,10.0,4.0,2.0
ORD004635,JioMart Express,Pune,54.0,Fruits & Vegetables,Yes,231.91,12.2,4.28,1.0,4.0,4.0
ORD004636,JioMart Express,,44.0,Snacks & Munchies,Yes,402.87,40.9,7.51,16.0,2.0,5.0
ORD004637,Zepto,Kolkata,39.0,Dairy & Eggs,No,591.77,20.5,0.74,7.0,3.0,
ORD004638,Swiggy Instamart,Mumbai,22.0,Fruits & Vegetables,No,363.15,9.0,5.64,3.0,1.0,3.0
ORD004639,Swiggy Instamart,Kolkata,51.0,Beverages,No,260.62,11.7,1.58,17.0,,3.0
ORD004640,Dunzo,Chennai,56.0,Beverages,Yes,209.47,29.0,4.64,9.0,3.0,3.0
ORD004641,JioMart Express,Hyderabad,20.0,Meat & Seafood,No,673.55,27.0,8.02,15.0,4.0,3.0
ORD004642,BigBasket Now,Delhi,34.0,Groceries,Yes,693.41,16.6,1.85,8.0,3.0,3.0
ORD004643,Swiggy Instamart,Delhi,41.0,Meat & Seafood,No,356.11,17.5,9.39,4.0,1.0,2.0
ORD004644,Blinkit,Mumbai,41.0,Meat & Seafood,Yes,638.86,10.3,8.94,19.0,3.0,5.0
ORD004645,JioMart Express,Bangalore,20.0,Personal Care,No,100.0,27.9,4.44,2.0,5.0,5.0
ORD004646,BigBasket Now,Hyderabad,62.0,Groceries,No,894.74,11.1,0.56,2.0,,4.0
ORD004647,BigBasket Now,Delhi,24.0,Personal Care,Yes,367.17,23.1,8.0,13.0,4.0,2.0
ORD004648,Swiggy Instamart,Bangalore,42.0,Household Essentials,Yes,439.25,28.2,8.87,19.0,,5.0
ORD004649,BigBasket Now,Delhi,20.0,Snacks & Munchies,No,332.85,16.8,2.16,1.0,5.0,2.0
ORD004650,Swiggy Instamart,Hyderabad,32.0,Snacks & Munchies,No,932.09,24.2,9.2,15.0,4.0,2.0
ORD004651,Zepto,Pune,46.0,Groceries,Yes,213.48,34.4,9.18,2.0,2.0,3.0
ORD004652,JioMart Express,Mumbai,46.0,Groceries,Yes,977.19,18.3,4.98,16.0,3.0,4.0
ORD004653,Dunzo,Bangalore,27.0,Household Essentials,Yes,511.71,15.3,8.08,,3.0,4.0
ORD004654,Zepto,Mumbai,49.0,Snacks & Munchies,No,586.16,16.0,4.73,6.0,4.0,3.0
ORD004655,JioMart Express,Hyderabad,40.0,Household Essentials,Yes,331.12,12.2,5.86,11.0,1.0,2.0
ORD004656,Swiggy Instamart,Chennai,56.0,Bakery,Yes,184.02,12.1,3.54,14.0,3.0,5.0
ORD004657,JioMart Express,Pune,26.0,Dairy & Eggs,No,705.08,19.6,2.01,4.0,4.0,4.0
ORD004658,Swiggy Instamart,Delhi,54.0,Beverages,No,486.31,15.4,7.59,17.0,4.0,3.0
ORD004659,Zepto,Ahmedabad,57.0,Bakery,Yes,913.22,18.7,0.51,16.0,5.0,4.0
ORD004660,Blinkit,Mumbai,31.0,Meat & Seafood,No,359.15,9.1,6.01,6.0,4.0,1.0
ORD004661,Blinkit,Hyderabad,21.0,Fruits & Vegetables,No,313.71,15.8,8.71,8.0,5.0,4.0
ORD004662,JioMart Express,Mumbai,37.0,Personal Care,No,927.83,24.8,2.6,13.0,5.0,3.0
ORD004663,Blinkit,Pune,45.0,Baby Care,Yes,1270.46,10.5,3.66,,5.0,4.0
ORD004664,Swiggy Instamart,Bangalore,31.0,Fruits & Vegetables,No,405.7,16.6,6.08,16.0,5.0,4.0
ORD004665,BigBasket Now,Hyderabad,61.0,Groceries,Yes,256.81,7.8,2.85,17.0,3.0,5.0
ORD004666,Swiggy Instamart,Kolkata,51.0,Dairy & Eggs,Yes,656.1,9.8,8.55,4.0,5.0,3.0
ORD004667,BigBasket Now,Mumbai,30.0,Bakery,Yes,346.4,22.7,3.98,16.0,3.0,4.0
ORD004668,Zepto,Mumbai,48.0,Baby Care,No,577.99,14.5,6.03,2.0,5.0,5.0
ORD004669,Dunzo,Pune,50.0,Baby Care,No,345.31,34.1,2.65,13.0,4.0,5.0
ORD004670,BigBasket Now,Delhi,56.0,Groceries,No,1031.13,19.6,0.89,3.0,3.0,5.0
ORD004671,Blinkit,Mumbai,45.0,Bakery,Yes,265.15,20.3,2.15,10.0,5.0,5.0
ORD004672,Swiggy Instamart,Bangalore,42.0,Baby Care,No,538.25,10.7,0.94,18.0,,4.0
ORD004673,Zepto,Hyderabad,49.0,Bakery,No,300.9,14.1,4.95,3.0,5.0,3.0
ORD004674,Blinkit,Mumbai,26.0,Personal Care,Yes,340.73,12.3,6.07,1.0,4.0,5.0
ORD004675,Zepto,Delhi,45.0,Personal Care,No,315.06,10.7,0.92,11.0,3.0,4.0
ORD004676,Dunzo,Mumbai,48.0,Baby Care,Yes,628.39,21.4,1.36,5.0,4.0,4.0
ORD004677,Swiggy Instamart,Bangalore,34.0,Baby Care,No,699.96,23.2,5.11,3.0,2.0,4.0
ORD004678,JioMart Express,Pune,40.0,Groceries,Yes,563.77,19.3,8.09,11.0,5.0,4.0
ORD004679,Swiggy Instamart,Ahmedabad,30.0,Bakery,No,378.12,11.8,6.47,1.0,5.0,4.0
ORD004680,Dunzo,Hyderabad,27.0,Snacks & Munchies,No,438.83,18.8,1.49,15.0,5.0,4.0
ORD004681,Swiggy Instamart,Mumbai,33.0,Household Essentials,No,691.34,7.7,8.93,7.0,5.0,1.0
ORD004682,JioMart Express,Pune,23.0,Household Essentials,Yes,704.57,27.9,9.22,2.0,2.0,5.0
ORD004683,BigBasket Now,Bangalore,28.0,Fruits & Vegetables,Yes,100.0,9.8,3.59,15.0,4.0,5.0
ORD004684,Zepto,Mumbai,20.0,Fruits & Vegetables,Yes,342.64,10.5,6.35,18.0,3.0,4.0
ORD004685,JioMart Express,Pune,45.0,Baby Care,No,352.64,17.2,5.18,4.0,4.0,3.0
ORD004686,Blinkit,Chennai,58.0,Beverages,No,602.78,17.8,9.45,,3.0,1.0
ORD004687,Dunzo,Chennai,32.0,Personal Care,Yes,387.59,16.0,5.33,9.0,4.0,1.0
ORD004688,BigBasket Now,Chennai,30.0,Meat & Seafood,Yes,621.11,10.5,9.62,9.0,4.0,2.0
ORD004689,Blinkit,Delhi,59.0,Bakery,No,211.2,25.9,2.39,6.0,2.0,4.0
ORD004690,Blinkit,Delhi,62.0,Dairy & Eggs,No,471.55,8.4,3.78,14.0,2.0,3.0
ORD004691,Dunzo,Chennai,34.0,Dairy & Eggs,Yes,692.37,9.1,7.92,9.0,1.0,3.0
ORD004692,BigBasket Now,Delhi,24.0,Personal Care,Yes,166.56,15.8,7.94,2.0,5.0,4.0
ORD004693,Blinkit,Bangalore,45.0,Fruits & Vegetables,Yes,1822.9,9.9,7.46,,3.0,5.0
ORD004694,Blinkit,Kolkata,55.0,Groceries,No,824.3,26.8,8.67,13.0,3.0,3.0
ORD004695,BigBasket Now,Kolkata,30.0,Dairy & Eggs,No,403.76,10.3,7.17,12.0,5.0,4.0
ORD004696,Swiggy Instamart,Bangalore,34.0,Baby Care,No,245.42,30.7,6.54,10.0,2.0,5.0
ORD004697,Blinkit,Kolkata,32.0,Beverages,No,363.2,24.9,4.86,5.0,4.0,5.0
ORD004698,Zepto,Kolkata,53.0,Dairy & Eggs,No,424.23,27.0,4.94,12.0,5.0,4.0
ORD004699,BigBasket Now,Hyderabad,45.0,Household Essentials,Yes,525.52,35.0,4.36,1.0,4.0,3.0
ORD004700,Blinkit,Delhi,32.0,Beverages,Yes,992.67,17.0,6.39,4.0,4.0,3.0
ORD004701,Dunzo,Delhi,63.0,Beverages,No,303.18,11.0,4.36,13.0,3.0,3.0
ORD004702,JioMart Express,Delhi,28.0,Dairy & Eggs,Yes,565.45,15.8,1.9,18.0,,4.0
ORD004703,Zepto,Mumbai,48.0,Groceries,Yes,185.78,13.1,1.51,2.0,4.0,4.0
ORD004704,JioMart Express,Delhi,21.0,Groceries,No,314.77,12.4,9.28,11.0,1.0,5.0
ORD004705,JioMart Express,Delhi,52.0,Fruits & Vegetables,Yes,505.74,17.5,0.74,4.0,5.0,3.0
ORD004706,Blinkit,Bangalore,51.0,Personal Care,No,610.79,14.5,1.5,18.0,4.0,5.0
ORD004707,Zepto,Pune,44.0,Baby Care,No,256.74,12.2,4.73,7.0,4.0,3.0
ORD004708,Zepto,Mumbai,27.0,Meat & Seafood,No,309.68,14.9,3.0,,3.0,4.0
ORD004709,Swiggy Instamart,Chennai,47.0,Snacks & Munchies,Yes,969.07,20.5,4.36,2.0,5.0,4.0
ORD004710,JioMart Express,Chennai,62.0,Meat & Seafood,Yes,810.09,24.1,1.62,4.0,4.0,4.0
ORD004711,Zepto,Mumbai,37.0,Household Essentials,Yes,457.18,8.7,1.74,14.0,4.0,3.0
ORD004712,Swiggy Instamart,Pune,46.0,Groceries,Yes,105.43,14.6,8.11,17.0,4.0,3.0
ORD004713,BigBasket Now,,46.0,Fruits & Vegetables,No,1820.16,15.5,7.71,1.0,4.0,3.0
ORD004714,Swiggy Instamart,Delhi,40.0,Household Essentials,Yes,398.63,10.2,1.49,3.0,4.0,4.0
ORD004715,Dunzo,Chennai,38.0,Meat & Seafood,Yes,334.44,15.7,6.84,1.0,4.0,2.0
ORD004716,Blinkit,,60.0,Beverages,No,294.88,17.4,6.29,13.0,4.0,4.0
ORD004717,BigBasket Now,Chennai,27.0,Personal Care,No,505.64,20.2,7.28,14.0,3.0,2.0
ORD004718,BigBasket Now,Mumbai,58.0,Beverages,No,508.75,17.0,5.01,12.0,2.0,4.0
ORD004719,Dunzo,Kolkata,29.0,Meat & Seafood,Yes,713.64,11.6,3.06,11.0,1.0,4.0
ORD004720,Swiggy Instamart,Bangalore,47.0,Dairy & Eggs,No,231.45,36.8,6.8,18.0,3.0,4.0
ORD004721,Blinkit,Hyderabad,50.0,Personal Care,No,334.46,22.9,4.03,2.0,3.0,3.0
ORD004722,Swiggy Instamart,Delhi,35.0,Fruits & Vegetables,Yes,1364.21,20.5,2.58,3.0,5.0,4.0
ORD004723,Zepto,Chennai,31.0,Bakery,Yes,461.63,24.6,4.38,4.0,4.0,5.0
ORD004724,Swiggy Instamart,Kolkata,39.0,Beverages,Yes,363.76,18.1,7.75,9.0,,3.0
ORD004725,BigBasket Now,Bangalore,38.0,Dairy & Eggs,No,229.3,27.5,5.02,11.0,3.0,3.0
ORD004726,Blinkit,Hyderabad,18.0,Household Essentials,Yes,546.51,16.8,3.35,9.0,4.0,4.0
ORD004727,Swiggy Instamart,Bangalore,60.0,Bakery,No,748.9,16.5,8.4,17.0,5.0,5.0
ORD004728,Blinkit,Pune,32.0,Household Essentials,No,681.81,21.2,8.88,15.0,4.0,3.0
ORD004729,Blinkit,Bangalore,53.0,Groceries,No,345.41,30.9,4.62,9.0,4.0,4.0
ORD004730,Zepto,Kolkata,64.0,Bakery,Yes,501.07,30.1,4.06,7.0,4.0,5.0
ORD004731,Zepto,Kolkata,39.0,Personal Care,Yes,1099.92,20.8,6.32,8.0,4.0,4.0
ORD004732,BigBasket Now,Bangalore,49.0,Groceries,Yes,767.03,20.2,1.05,3.0,5.0,3.0
ORD004733,Dunzo,Delhi,63.0,Personal Care,Yes,252.02,21.7,7.07,1.0,4.0,4.0
ORD004734,Blinkit,Bangalore,50.0,Baby Care,No,100.0,24.4,7.93,4.0,5.0,1.0
ORD004735,Dunzo,Kolkata,58.0,Dairy & Eggs,Yes,482.06,27.6,4.28,17.0,5.0,4.0
ORD004736,BigBasket Now,Delhi,56.0,Meat & Seafood,Yes,651.41,15.0,2.16,1.0,4.0,3.0
ORD004737,Blinkit,Bangalore,40.0,Household Essentials,Yes,209.87,27.9,0.77,4.0,1.0,3.0
ORD004738,Blinkit,Kolkata,60.0,Meat & Seafood,Yes,401.31,18.9,6.55,8.0,1.0,3.0
ORD004739,JioMart Express,Delhi,19.0,Bakery,No,344.39,21.3,3.06,17.0,2.0,5.0
ORD004740,Dunzo,Hyderabad,19.0,Beverages,No,429.48,28.6,4.91,12.0,2.0,5.0
ORD004741,Swiggy Instamart,Delhi,55.0,Beverages,No,290.96,22.2,4.17,16.0,4.0,4.0
ORD004742,Zepto,,46.0,Household Essentials,Yes,875.07,23.7,2.16,5.0,2.0,1.0
ORD004743,Swiggy Instamart,Kolkata,63.0,Groceries,No,440.88,14.1,5.33,13.0,4.0,5.0
ORD004744,Dunzo,Mumbai,20.0,Household Essentials,No,238.08,29.9,4.87,13.0,,4.0
ORD004745,Zepto,Delhi,56.0,Baby Care,Yes,699.58,21.7,6.43,,4.0,5.0
ORD004746,Swiggy Instamart,Pune,24.0,Baby Care,Yes,188.95,17.3,2.89,3.0,2.0,4.0
ORD004747,JioMart Express,Delhi,53.0,Meat & Seafood,No,871.92,25.5,2.54,12.0,5.0,5.0
ORD004748,Zepto,Ahmedabad,46.0,Bakery,No,731.16,46.3,8.24,11.0,5.0,3.0
ORD004749,Blinkit,Ahmedabad,54.0,Baby Care,No,928.77,10.3,7.17,10.0,4.0,3.0
ORD004750,Swiggy Instamart,Delhi,53.0,Dairy & Eggs,Yes,366.89,11.9,7.84,16.0,5.0,4.0
ORD004751,Zepto,Mumbai,40.0,Groceries,Yes,299.57,48.1,1.67,6.0,3.0,4.0
ORD004752,JioMart Express,Chennai,62.0,Groceries,No,424.29,19.5,2.63,17.0,5.0,5.0
ORD004753,Zepto,Bangalore,33.0,Baby Care,No,383.5,17.7,5.97,13.0,4.0,5.0
ORD004754,Zepto,Mumbai,48.0,Snacks & Munchies,No,272.7,15.7,8.64,18.0,3.0,5.0
ORD004755,JioMart Express,Chennai,51.0,Beverages,No,289.4,26.7,8.98,12.0,2.0,
ORD004756,Swiggy Instamart,Mumbai,18.0,Snacks & Munchies,Yes,323.82,46.7,8.4,5.0,,5.0
ORD004757,BigBasket Now,Pune,35.0,Bakery,No,199.94,12.6,0.91,16.0,5.0,4.0
ORD004758,Swiggy Instamart,Mumbai,57.0,Bakery,No,605.94,15.8,8.3,3.0,4.0,5.0
ORD004759,Dunzo,Mumbai,60.0,Personal Care,No,390.97,14.3,9.04,16.0,3.0,3.0
ORD004760,JioMart Express,Mumbai,32.0,Bakery,Yes,335.28,22.0,1.04,11.0,4.0,3.0
ORD004761,Swiggy Instamart,Ahmedabad,34.0,Personal Care,Yes,207.22,26.8,4.45,14.0,2.0,5.0
ORD004762,Zepto,Chennai,61.0,Groceries,No,201.09,31.4,5.6,13.0,,5.0
ORD004763,JioMart Express,Kolkata,27.0,Dairy & Eggs,No,1288.91,22.3,2.71,11.0,5.0,5.0
ORD004764,Blinkit,Bangalore,37.0,Fruits & Vegetables,No,276.9,45.0,5.41,14.0,4.0,3.0
ORD004765,Swiggy Instamart,Delhi,23.0,Beverages,No,581.91,13.1,8.92,10.0,4.0,5.0
ORD004766,JioMart Express,Delhi,25.0,Personal Care,No,444.78,11.8,8.74,18.0,5.0,4.0
ORD004767,Swiggy Instamart,Bangalore,62.0,Meat & Seafood,No,100.0,29.6,9.43,7.0,4.0,4.0
ORD004768,JioMart Express,Hyderabad,51.0,Dairy & Eggs,Yes,1182.6,17.3,5.1,18.0,3.0,4.0
ORD004769,Zepto,Hyderabad,49.0,Household Essentials,Yes,608.17,9.5,4.4,2.0,3.0,5.0
ORD004770,Blinkit,Delhi,59.0,Meat & Seafood,Yes,254.52,14.5,6.82,8.0,4.0,4.0
ORD004771,Blinkit,Ahmedabad,21.0,Dairy & Eggs,No,396.62,18.2,4.46,15.0,4.0,3.0
ORD004772,Dunzo,Mumbai,61.0,Meat & Seafood,Yes,202.45,12.7,0.9,6.0,1.0,4.0
ORD004773,JioMart Express,Ahmedabad,56.0,Baby Care,No,1206.81,11.0,7.34,13.0,4.0,5.0
ORD004774,Swiggy Instamart,Mumbai,37.0,Meat & Seafood,No,234.02,15.1,3.17,5.0,5.0,3.0
ORD004775,Blinkit,Bangalore,41.0,Personal Care,No,294.76,10.7,0.97,3.0,4.0,3.0
ORD004776,Blinkit,Delhi,41.0,Dairy & Eggs,No,260.41,21.2,0.7,15.0,5.0,4.0
ORD004777,BigBasket Now,Bangalore,43.0,Household Essentials,Yes,423.36,7.6,9.35,9.0,3.0,3.0
ORD004778,BigBasket Now,Hyderabad,42.0,Bakery,No,917.99,17.1,2.89,17.0,3.0,3.0
ORD004779,Blinkit,Bangalore,53.0,Meat & Seafood,Yes,1180.42,20.2,4.76,17.0,4.0,5.0
ORD004780,JioMart Express,Bangalore,24.0,Household Essentials,Yes,317.54,15.9,9.53,13.0,3.0,3.0
ORD004781,Dunzo,Chennai,27.0,Dairy & Eggs,Yes,506.21,25.5,4.94,18.0,2.0,4.0
ORD004782,Blinkit,Chennai,64.0,Household Essentials,Yes,423.75,9.5,1.25,5.0,2.0,4.0
ORD004783,Zepto,Kolkata,29.0,Fruits & Vegetables,Yes,223.86,12.4,5.74,13.0,5.0,4.0
ORD004784,Swiggy Instamart,Delhi,18.0,Fruits & Vegetables,No,1725.95,14.4,1.34,7.0,1.0,4.0
ORD004785,Dunzo,Hyderabad,42.0,Meat & Seafood,Yes,913.84,21.9,1.4,4.0,3.0,5.0
ORD004786,Zepto,Hyderabad,33.0,Meat & Seafood,No,451.9,17.9,8.59,13.0,2.0,4.0
ORD004787,Dunzo,,22.0,Meat & Seafood,Yes,1042.24,38.8,3.25,17.0,5.0,4.0
ORD004788,Zepto,Bangalore,36.0,Beverages,Yes,834.86,11.9,6.95,8.0,4.0,4.0
ORD004789,Swiggy Instamart,,21.0,Baby Care,No,423.74,9.4,5.33,3.0,3.0,4.0
ORD004790,Swiggy Instamart,Mumbai,23.0,Household Essentials,No,490.57,33.6,2.61,16.0,5.0,1.0
ORD004791,BigBasket Now,Delhi,43.0,Snacks & Munchies,No,999.52,9.3,5.42,2.0,5.0,5.0
ORD004792,JioMart Express,Mumbai,56.0,Groceries,No,228.68,21.6,1.16,1.0,4.0,3.0
ORD004793,Zepto,Chennai,56.0,Meat & Seafood,No,1101.26,11.1,3.8,8.0,3.0,4.0
ORD004794,BigBasket Now,Hyderabad,26.0,Personal Care,No,352.46,7.2,5.47,3.0,4.0,5.0
ORD004795,Zepto,Ahmedabad,62.0,Fruits & Vegetables,No,1007.08,14.2,2.67,17.0,5.0,5.0
ORD004796,BigBasket Now,Chennai,31.0,Fruits & Vegetables,No,402.17,23.6,6.77,19.0,2.0,3.0
ORD004797,Swiggy Instamart,,26.0,Bakery,Yes,494.01,10.1,0.99,16.0,3.0,4.0
ORD004798,Dunzo,Pune,32.0,Groceries,No,395.21,20.7,5.11,10.0,3.0,2.0
ORD004799,BigBasket Now,Pune,54.0,Household Essentials,Yes,293.21,22.3,7.29,15.0,4.0,5.0
ORD004800,Zepto,Bangalore,37.0,Dairy & Eggs,Yes,343.08,9.9,4.58,7.0,4.0,4.0
ORD004801,Zepto,Hyderabad,25.0,Groceries,No,922.85,15.0,8.81,16.0,3.0,3.0
ORD004802,JioMart Express,Ahmedabad,49.0,Baby Care,Yes,100.64,30.9,6.51,17.0,3.0,5.0
ORD004803,Swiggy Instamart,Bangalore,64.0,Meat & Seafood,Yes,191.83,21.3,9.61,13.0,5.0,4.0
ORD004804,Zepto,Pune,38.0,Personal Care,Yes,261.05,14.8,3.2,10.0,5.0,2.0
ORD004805,Blinkit,Mumbai,58.0,Household Essentials,No,211.24,19.4,9.42,9.0,,4.0
ORD004806,Dunzo,Mumbai,36.0,Household Essentials,Yes,998.23,12.5,6.26,7.0,5.0,3.0
ORD004807,BigBasket Now,Bangalore,46.0,Meat & Seafood,Yes,858.0,25.7,7.58,12.0,4.0,5.0
ORD004808,JioMart Express,Hyderabad,48.0,Baby Care,No,575.49,25.7,9.07,1.0,2.0,4.0
ORD004809,Dunzo,Kolkata,23.0,Meat & Seafood,No,275.15,17.3,5.74,16.0,4.0,4.0
ORD004810,Swiggy Instamart,Ahmedabad,21.0,Meat & Seafood,Yes,898.77,18.0,8.69,4.0,,5.0
ORD004811,JioMart Express,Bangalore,60.0,Groceries,Yes,155.57,11.0,5.65,14.0,4.0,4.0
ORD004812,BigBasket Now,Mumbai,46.0,Personal Care,Yes,1458.54,9.6,6.19,17.0,4.0,4.0
ORD004813,BigBasket Now,Kolkata,59.0,Household Essentials,Yes,267.53,14.1,4.73,12.0,5.0,
ORD004814,Blinkit,Hyderabad,20.0,Bakery,Yes,344.74,15.9,1.88,15.0,2.0,5.0
ORD004815,Swiggy Instamart,Mumbai,18.0,Meat & Seafood,Yes,311.81,25.2,5.76,12.0,3.0,5.0
ORD004816,JioMart Express,Bangalore,61.0,Beverages,No,211.9,23.8,9.79,3.0,4.0,3.0
ORD004817,JioMart Express,Chennai,32.0,Dairy & Eggs,No,1280.58,17.7,7.98,10.0,5.0,4.0
ORD004818,Zepto,Kolkata,64.0,Meat & Seafood,No,647.64,26.5,7.6,17.0,5.0,
ORD004819,Blinkit,Bangalore,38.0,Meat & Seafood,Yes,836.55,11.3,6.61,14.0,4.0,4.0
ORD004820,Blinkit,Delhi,63.0,Household Essentials,Yes,193.6,25.3,3.81,13.0,1.0,4.0
ORD004821,JioMart Express,Ahmedabad,48.0,Fruits & Vegetables,No,449.69,12.0,2.11,13.0,4.0,4.0
ORD004822,JioMart Express,Hyderabad,24.0,Snacks & Munchies,Yes,551.49,27.0,2.63,8.0,5.0,5.0
ORD004823,Dunzo,Bangalore,34.0,Dairy & Eggs,No,474.59,16.4,0.56,14.0,4.0,5.0
ORD004824,Dunzo,Delhi,36.0,Fruits & Vegetables,No,201.09,7.4,6.9,2.0,5.0,5.0
ORD004825,Dunzo,Chennai,56.0,Groceries,No,769.16,22.0,8.21,19.0,3.0,5.0
ORD004826,Blinkit,Delhi,20.0,Beverages,Yes,433.95,22.7,3.05,2.0,1.0,5.0
ORD004827,Zepto,Mumbai,47.0,Snacks & Munchies,Yes,227.47,13.7,1.37,12.0,,1.0
ORD004828,BigBasket Now,Bangalore,52.0,Dairy & Eggs,No,132.54,14.2,3.69,12.0,5.0,2.0
ORD004829,Dunzo,Delhi,46.0,Fruits & Vegetables,No,580.56,15.4,3.27,19.0,5.0,5.0
ORD004830,Zepto,Hyderabad,31.0,Personal Care,Yes,1755.09,7.6,4.78,16.0,5.0,1.0
ORD004831,Swiggy Instamart,Mumbai,52.0,Personal Care,No,219.39,6.4,3.01,2.0,4.0,5.0
ORD004832,Dunzo,Hyderabad,45.0,Baby Care,Yes,446.87,27.7,3.73,8.0,4.0,5.0
ORD004833,BigBasket Now,Delhi,47.0,Meat & Seafood,Yes,785.48,11.8,9.12,2.0,5.0,4.0
ORD004834,Swiggy Instamart,Mumbai,43.0,Beverages,No,188.33,34.5,3.68,,1.0,4.0
ORD004835,Swiggy Instamart,,24.0,Snacks & Munchies,No,302.48,28.5,7.96,,,3.0
ORD004836,BigBasket Now,Pune,56.0,Dairy & Eggs,No,240.79,30.8,6.45,7.0,4.0,1.0
ORD004837,Dunzo,Pune,48.0,Personal Care,Yes,728.37,12.7,3.71,19.0,5.0,5.0
ORD004838,Blinkit,Delhi,22.0,Beverages,Yes,893.65,8.6,8.27,3.0,5.0,2.0
ORD004839,BigBasket Now,Kolkata,52.0,Snacks & Munchies,No,443.82,10.6,6.15,17.0,3.0,5.0
ORD004840,BigBasket Now,Hyderabad,64.0,Baby Care,Yes,243.46,13.8,0.58,8.0,3.0,3.0
ORD004841,BigBasket Now,Ahmedabad,31.0,Personal Care,Yes,309.3,6.4,1.15,4.0,4.0,5.0
ORD004842,Swiggy Instamart,Delhi,53.0,Household Essentials,No,276.36,13.6,7.65,1.0,3.0,2.0
ORD004843,Zepto,Chennai,44.0,Personal Care,Yes,224.45,15.2,4.74,18.0,4.0,4.0
ORD004844,Blinkit,Mumbai,41.0,Bakery,No,379.47,9.8,4.35,1.0,4.0,4.0
ORD004845,Dunzo,Bangalore,57.0,Household Essentials,Yes,569.58,10.8,1.89,9.0,4.0,1.0
ORD004846,Dunzo,Ahmedabad,46.0,Beverages,No,541.4,15.1,1.99,14.0,2.0,4.0
ORD004847,Zepto,Bangalore,62.0,Baby Care,No,401.44,19.0,8.08,7.0,5.0,5.0
ORD004848,BigBasket Now,Delhi,39.0,Fruits & Vegetables,Yes,417.48,11.5,8.38,8.0,4.0,1.0
ORD004849,Blinkit,Mumbai,25.0,Groceries,Yes,384.16,18.5,5.82,8.0,5.0,3.0
ORD004850,Dunzo,Chennai,32.0,Meat & Seafood,Yes,185.24,17.4,3.3,1.0,2.0,5.0
ORD004851,JioMart Express,Hyderabad,22.0,Meat & Seafood,Yes,444.11,16.8,9.36,3.0,5.0,5.0
ORD004852,Dunzo,Delhi,21.0,Personal Care,No,284.24,12.7,6.43,9.0,3.0,3.0
ORD004853,BigBasket Now,Ahmedabad,28.0,Dairy & Eggs,No,179.75,9.6,8.07,8.0,4.0,2.0
ORD004854,JioMart Express,Mumbai,35.0,Household Essentials,No,503.92,32.4,0.53,5.0,4.0,1.0
ORD004855,Zepto,Delhi,59.0,Bakery,No,279.49,21.2,4.78,1.0,5.0,3.0
ORD004856,Blinkit,Pune,47.0,Personal Care,Yes,462.5,24.6,8.77,2.0,3.0,2.0
ORD004857,Zepto,Delhi,32.0,Baby Care,Yes,670.87,15.9,3.71,,2.0,4.0
ORD004858,Zepto,Delhi,23.0,Groceries,No,228.12,15.4,7.4,14.0,5.0,4.0
ORD004859,Blinkit,Bangalore,33.0,Fruits & Vegetables,No,426.36,20.0,6.75,15.0,3.0,4.0
ORD004860,Blinkit,Kolkata,64.0,Groceries,No,136.15,7.9,1.95,10.0,3.0,3.0
ORD004861,Dunzo,Mumbai,57.0,Bakery,Yes,1011.83,10.5,7.86,9.0,4.0,4.0
ORD004862,Dunzo,Ahmedabad,26.0,Groceries,No,178.49,12.0,1.57,12.0,2.0,1.0
ORD004863,Blinkit,Kolkata,60.0,Groceries,Yes,296.22,13.7,7.42,10.0,3.0,3.0
ORD004864,JioMart Express,Mumbai,51.0,Beverages,No,900.57,11.6,9.91,9.0,4.0,4.0
ORD004865,Swiggy Instamart,Chennai,44.0,Baby Care,No,350.47,18.8,9.6,18.0,3.0,2.0
ORD004866,Dunzo,Bangalore,30.0,Baby Care,Yes,196.68,17.0,8.1,,4.0,5.0
ORD004867,Swiggy Instamart,Bangalore,53.0,Snacks & Munchies,No,618.84,28.7,5.58,19.0,4.0,3.0
ORD004868,JioMart Express,Kolkata,44.0,Personal Care,No,610.53,44.2,6.91,17.0,5.0,5.0
ORD004869,Blinkit,,26.0,Dairy & Eggs,No,275.91,9.9,7.42,2.0,5.0,4.0
ORD004870,JioMart Express,Mumbai,22.0,Snacks & Munchies,No,294.43,17.4,0.58,10.0,2.0,4.0
ORD004871,Dunzo,Bangalore,39.0,Baby Care,Yes,310.68,17.4,1.47,5.0,5.0,4.0
ORD004872,Zepto,Bangalore,48.0,Meat & Seafood,No,356.3,16.4,6.17,7.0,5.0,1.0
ORD004873,Blinkit,Delhi,20.0,Personal Care,Yes,129.57,10.7,0.56,6.0,4.0,2.0
ORD004874,BigBasket Now,Delhi,47.0,Bakery,Yes,361.82,11.4,9.13,2.0,5.0,3.0
ORD004875,Swiggy Instamart,Mumbai,38.0,Beverages,Yes,1176.56,18.1,5.15,8.0,3.0,4.0
ORD004876,JioMart Express,Chennai,52.0,Fruits & Vegetables,No,235.67,11.3,2.95,4.0,5.0,4.0
ORD004877,Blinkit,Bangalore,23.0,Meat & Seafood,Yes,284.26,17.5,4.24,18.0,4.0,4.0
ORD004878,JioMart Express,Mumbai,45.0,Baby Care,Yes,198.31,14.9,8.58,4.0,3.0,1.0
ORD004879,Blinkit,Kolkata,49.0,Personal Care,Yes,582.48,17.4,9.31,8.0,5.0,5.0
ORD004880,Dunzo,Kolkata,59.0,Baby Care,No,830.41,11.2,1.6,17.0,4.0,3.0
ORD004881,Dunzo,Bangalore,54.0,Household Essentials,No,819.09,17.5,7.89,,3.0,3.0
ORD004882,Dunzo,Delhi,42.0,Snacks & Munchies,Yes,190.79,11.6,5.99,8.0,3.0,5.0
ORD004883,JioMart Express,Hyderabad,49.0,Fruits & Vegetables,No,544.5,17.5,6.06,14.0,5.0,1.0
ORD004884,BigBasket Now,,52.0,Fruits & Vegetables,Yes,953.61,28.1,7.9,8.0,5.0,5.0
ORD004885,Dunzo,Delhi,39.0,Dairy & Eggs,No,547.74,18.3,2.62,14.0,4.0,1.0
ORD004886,Blinkit,Chennai,41.0,Household Essentials,No,537.56,18.7,5.54,11.0,4.0,2.0
ORD004887,Dunzo,Mumbai,56.0,Groceries,No,304.0,22.8,3.53,9.0,3.0,3.0
ORD004888,Zepto,Mumbai,47.0,Household Essentials,Yes,460.39,9.4,1.4,17.0,4.0,4.0
ORD004889,Dunzo,Mumbai,49.0,Fruits & Vegetables,No,847.08,32.7,1.5,17.0,5.0,
ORD004890,JioMart Express,Mumbai,48.0,Meat & Seafood,No,491.24,10.8,1.8,12.0,5.0,2.0
ORD004891,BigBasket Now,Mumbai,40.0,Dairy & Eggs,No,190.76,23.4,6.34,2.0,4.0,2.0
ORD004892,Zepto,Ahmedabad,57.0,Bakery,No,306.85,22.2,1.51,17.0,5.0,1.0
ORD004893,JioMart Express,Delhi,50.0,Meat & Seafood,Yes,833.45,11.5,5.92,,5.0,3.0
ORD004894,JioMart Express,,42.0,Personal Care,No,490.22,24.6,6.09,9.0,2.0,5.0
ORD004895,JioMart Express,Delhi,53.0,Groceries,Yes,433.3,20.1,9.09,18.0,4.0,4.0
ORD004896,Blinkit,Pune,41.0,Snacks & Munchies,No,289.34,35.0,6.45,6.0,2.0,5.0
ORD004897,JioMart Express,Bangalore,48.0,Bakery,Yes,823.17,17.8,9.86,4.0,4.0,3.0
ORD004898,Blinkit,Delhi,56.0,Meat & Seafood,No,1093.84,15.7,0.79,14.0,5.0,2.0
ORD004899,JioMart Express,Pune,63.0,Personal Care,Yes,860.84,13.4,7.19,10.0,3.0,4.0
ORD004900,Swiggy Instamart,Bangalore,30.0,Baby Care,Yes,958.68,8.2,0.75,4.0,5.0,5.0
ORD004901,Zepto,Delhi,27.0,Beverages,Yes,325.31,14.5,7.43,15.0,4.0,5.0
ORD004902,Swiggy Instamart,Delhi,40.0,Groceries,Yes,298.84,14.7,4.17,9.0,5.0,4.0
ORD004903,JioMart Express,Delhi,35.0,Snacks & Munchies,No,367.31,18.3,6.31,12.0,1.0,3.0
ORD004904,Zepto,Delhi,49.0,Dairy & Eggs,No,412.87,9.3,3.44,8.0,2.0,
ORD004905,Zepto,Chennai,50.0,Household Essentials,No,952.04,14.9,2.01,5.0,4.0,4.0
ORD004906,BigBasket Now,Delhi,53.0,Beverages,No,812.03,20.7,7.37,16.0,5.0,3.0
ORD004907,Swiggy Instamart,Hyderabad,45.0,Groceries,No,557.29,21.5,9.09,15.0,5.0,5.0
ORD004908,BigBasket Now,Mumbai,33.0,Bakery,Yes,170.94,7.8,2.24,17.0,4.0,4.0
ORD004909,Zepto,Mumbai,33.0,Baby Care,Yes,146.52,21.8,9.25,1.0,3.0,5.0
ORD004910,Blinkit,Bangalore,35.0,Dairy & Eggs,Yes,466.04,14.9,1.83,12.0,3.0,4.0
ORD004911,Zepto,Pune,25.0,Fruits & Vegetables,No,684.14,15.3,7.49,19.0,5.0,5.0
ORD004912,BigBasket Now,Delhi,59.0,Meat & Seafood,Yes,384.62,6.4,9.61,5.0,2.0,3.0
ORD004913,Swiggy Instamart,Hyderabad,33.0,Meat & Seafood,Yes,1272.76,29.9,1.9,15.0,4.0,4.0
ORD004914,JioMart Express,Delhi,28.0,Dairy & Eggs,No,210.72,17.6,4.63,9.0,4.0,1.0
ORD004915,JioMart Express,Mumbai,23.0,Fruits & Vegetables,No,195.39,8.9,3.71,3.0,4.0,4.0
ORD004916,Swiggy Instamart,,18.0,Meat & Seafood,No,270.81,19.1,4.19,12.0,4.0,4.0
ORD004917,JioMart Express,Delhi,29.0,Groceries,No,264.71,18.9,7.65,19.0,5.0,5.0
ORD004918,JioMart Express,Mumbai,55.0,Dairy & Eggs,No,553.23,26.8,6.78,15.0,5.0,5.0
ORD004919,BigBasket Now,Mumbai,45.0,Dairy & Eggs,No,313.24,14.5,9.7,3.0,5.0,4.0
ORD004920,Swiggy Instamart,Chennai,62.0,Bakery,No,159.38,16.5,2.26,18.0,4.0,2.0
ORD004921,Dunzo,Mumbai,34.0,Fruits & Vegetables,No,688.8,12.7,5.66,16.0,2.0,5.0
ORD004922,Blinkit,Hyderabad,18.0,Bakery,Yes,140.33,20.9,4.77,15.0,5.0,
ORD004923,Blinkit,Delhi,49.0,Fruits & Vegetables,Yes,212.14,12.0,9.23,5.0,2.0,5.0
ORD004924,JioMart Express,Bangalore,25.0,Bakery,Yes,152.38,11.5,0.6,10.0,4.0,4.0
ORD004925,Blinkit,Hyderabad,57.0,Dairy & Eggs,No,456.81,16.0,9.9,10.0,3.0,5.0
ORD004926,Swiggy Instamart,Delhi,60.0,Household Essentials,No,451.07,10.1,5.06,13.0,4.0,4.0
ORD004927,Swiggy Instamart,Delhi,63.0,Household Essentials,Yes,1273.94,31.2,6.44,18.0,3.0,4.0
ORD004928,Zepto,Chennai,41.0,Household Essentials,Yes,698.05,35.5,3.92,10.0,5.0,4.0
ORD004929,Zepto,Pune,27.0,Dairy & Eggs,No,958.13,13.7,8.6,16.0,5.0,5.0
ORD004930,Blinkit,Mumbai,64.0,Meat & Seafood,No,479.7,9.4,5.84,2.0,4.0,3.0
ORD004931,Dunzo,Mumbai,56.0,Baby Care,No,224.49,18.8,6.8,18.0,2.0,5.0
ORD004932,Zepto,Pune,56.0,Snacks & Munchies,No,435.66,13.6,6.66,4.0,,3.0
ORD004933,Zepto,Delhi,27.0,Baby Care,No,575.62,26.3,3.96,19.0,4.0,5.0
ORD004934,Swiggy Instamart,Hyderabad,53.0,Household Essentials,No,615.41,12.0,1.22,5.0,5.0,3.0
ORD004935,Dunzo,Delhi,42.0,Meat & Seafood,Yes,303.86,20.4,8.17,,2.0,3.0
ORD004936,JioMart Express,Mumbai,27.0,Dairy & Eggs,Yes,540.92,17.2,3.25,2.0,2.0,5.0
ORD004937,Blinkit,,36.0,Personal Care,Yes,230.48,12.5,8.56,15.0,4.0,5.0
ORD004938,Zepto,Bangalore,63.0,Meat & Seafood,No,215.73,18.1,6.28,6.0,5.0,4.0
ORD004939,Dunzo,Delhi,62.0,Personal Care,No,206.55,23.4,3.86,18.0,4.0,5.0
ORD004940,Dunzo,Bangalore,32.0,Dairy & Eggs,No,409.43,17.0,6.15,14.0,3.0,3.0
ORD004941,Blinkit,Kolkata,33.0,Groceries,No,199.0,17.1,6.63,12.0,3.0,3.0
ORD004942,Dunzo,Hyderabad,19.0,Fruits & Vegetables,Yes,312.67,11.6,7.21,6.0,3.0,3.0
ORD004943,Dunzo,Mumbai,46.0,Snacks & Munchies,No,693.5,26.0,8.31,18.0,3.0,3.0
ORD004944,Dunzo,Bangalore,21.0,Baby Care,No,217.57,25.0,2.02,3.0,5.0,3.0
ORD004945,Zepto,,46.0,Bakery,Yes,298.1,14.0,9.47,6.0,2.0,4.0
ORD004946,Blinkit,Kolkata,48.0,Bakery,No,421.15,15.6,4.4,4.0,4.0,3.0
ORD004947,Dunzo,Hyderabad,34.0,Fruits & Vegetables,Yes,467.84,29.0,8.67,,5.0,3.0
ORD004948,Dunzo,Mumbai,27.0,Meat & Seafood,Yes,298.99,10.4,2.59,17.0,1.0,4.0
ORD004949,Zepto,Chennai,44.0,Bakery,No,646.85,20.9,0.78,11.0,5.0,3.0
ORD004950,Blinkit,Chennai,58.0,Beverages,No,574.94,13.2,5.95,14.0,5.0,4.0
ORD004951,Swiggy Instamart,Mumbai,32.0,Bakery,Yes,799.44,33.5,3.58,11.0,2.0,2.0
ORD004952,Zepto,Bangalore,61.0,Dairy & Eggs,No,384.15,16.9,9.85,,5.0,5.0
ORD004953,Blinkit,Delhi,48.0,Fruits & Vegetables,No,296.58,27.2,1.49,17.0,4.0,3.0
ORD004954,Dunzo,Hyderabad,38.0,Snacks & Munchies,No,267.85,12.1,0.95,4.0,4.0,5.0
ORD004955,Blinkit,Delhi,58.0,Fruits & Vegetables,Yes,485.03,10.0,0.93,12.0,5.0,4.0
ORD004956,Blinkit,Hyderabad,63.0,Snacks & Munchies,Yes,321.73,15.0,2.56,4.0,5.0,3.0
ORD004957,JioMart Express,Pune,62.0,Beverages,Yes,286.72,18.3,6.0,12.0,4.0,3.0
ORD004958,Blinkit,Kolkata,43.0,Bakery,No,308.29,13.4,5.3,17.0,3.0,4.0
ORD004959,Swiggy Instamart,Pune,55.0,Fruits & Vegetables,Yes,267.68,22.3,3.83,15.0,3.0,5.0
ORD004960,Blinkit,Ahmedabad,53.0,Personal Care,No,454.6,15.1,1.34,7.0,5.0,3.0
ORD004961,Swiggy Instamart,Mumbai,34.0,Household Essentials,No,172.85,7.2,2.72,1.0,5.0,2.0
ORD004962,Dunzo,Hyderabad,20.0,Beverages,No,483.87,20.5,2.25,5.0,2.0,4.0
ORD004963,Swiggy Instamart,Bangalore,31.0,Meat & Seafood,No,605.42,11.6,7.58,12.0,1.0,4.0
ORD004964,Dunzo,Pune,30.0,Personal Care,No,284.71,14.2,7.91,7.0,5.0,5.0
ORD004965,Dunzo,Delhi,58.0,Snacks & Munchies,Yes,1278.22,30.6,7.88,15.0,4.0,4.0
ORD004966,Swiggy Instamart,Ahmedabad,44.0,Fruits & Vegetables,Yes,407.72,33.4,9.71,5.0,,2.0
ORD004967,Zepto,Hyderabad,18.0,Snacks & Munchies,No,158.09,13.1,8.9,9.0,3.0,5.0
ORD004968,BigBasket Now,Kolkata,34.0,Snacks & Munchies,No,340.79,20.7,5.23,1.0,3.0,4.0
ORD004969,Blinkit,Mumbai,51.0,Beverages,No,418.88,13.2,4.44,6.0,5.0,4.0
ORD004970,JioMart Express,Mumbai,31.0,Personal Care,No,528.15,14.7,9.2,16.0,5.0,4.0
ORD004971,BigBasket Now,Chennai,34.0,Fruits & Vegetables,No,345.69,12.9,6.31,15.0,3.0,2.0
ORD004972,Blinkit,Mumbai,20.0,Bakery,No,219.87,8.3,3.3,2.0,5.0,
ORD004973,Blinkit,Kolkata,51.0,Groceries,No,209.14,17.1,5.86,13.0,3.0,2.0
ORD004974,Dunzo,Mumbai,57.0,Baby Care,No,272.56,18.5,9.93,5.0,5.0,5.0
ORD004975,Blinkit,Hyderabad,42.0,Baby Care,Yes,288.68,12.6,8.57,16.0,3.0,5.0
ORD004976,JioMart Express,Delhi,19.0,Beverages,Yes,204.18,25.4,3.17,1.0,5.0,3.0
ORD004977,Blinkit,Hyderabad,51.0,Meat & Seafood,No,259.9,13.8,9.55,10.0,4.0,4.0
ORD004978,Swiggy Instamart,Chennai,43.0,Dairy & Eggs,Yes,599.25,12.7,9.82,16.0,3.0,4.0
ORD004979,BigBasket Now,Delhi,48.0,Groceries,No,1084.69,20.3,2.7,13.0,5.0,1.0
ORD004980,Swiggy Instamart,Mumbai,26.0,Fruits & Vegetables,Yes,634.78,8.9,9.01,2.0,3.0,4.0
ORD004981,JioMart Express,Mumbai,47.0,Baby Care,Yes,883.17,23.6,8.89,4.0,5.0,5.0
ORD004982,Blinkit,,37.0,Meat & Seafood,Yes,723.77,14.0,0.88,1.0,2.0,3.0
ORD004983,JioMart Express,Bangalore,38.0,Dairy & Eggs,Yes,665.06,24.4,6.86,11.0,1.0,5.0
ORD004984,Dunzo,Chennai,46.0,Personal Care,Yes,329.42,27.5,3.4,9.0,5.0,4.0
ORD004985,Swiggy Instamart,Bangalore,42.0,Fruits & Vegetables,Yes,439.02,21.2,6.91,6.0,4.0,1.0
ORD004986,Swiggy Instamart,Bangalore,55.0,Snacks & Munchies,No,313.45,11.9,9.18,1.0,4.0,5.0
ORD004987,Zepto,Bangalore,61.0,Meat & Seafood,Yes,353.73,10.0,5.24,8.0,2.0,1.0
ORD004988,Blinkit,Mumbai,42.0,Fruits & Vegetables,Yes,420.27,9.3,4.44,8.0,4.0,5.0
ORD004989,Dunzo,Delhi,26.0,Groceries,Yes,619.02,25.6,9.25,4.0,4.0,4.0
ORD004990,Swiggy Instamart,Ahmedabad,56.0,Snacks & Munchies,No,520.09,15.6,9.75,4.0,4.0,4.0
ORD004991,Swiggy Instamart,Pune,61.0,Groceries,No,366.1,12.9,1.09,1.0,4.0,5.0
ORD004992,Dunzo,Delhi,43.0,Household Essentials,No,417.1,15.6,9.27,8.0,,3.0
ORD004993,JioMart Express,Hyderabad,54.0,Baby Care,Yes,523.26,25.3,1.29,18.0,5.0,4.0
ORD004994,JioMart Express,Kolkata,33.0,Dairy & Eggs,Yes,602.11,22.5,3.7,19.0,4.0,4.0
ORD004995,Blinkit,Bangalore,54.0,Meat & Seafood,No,162.16,19.6,7.74,11.0,3.0,4.0
ORD004996,Zepto,Mumbai,29.0,Snacks & Munchies,No,211.36,21.2,7.88,10.0,3.0,3.0
ORD004997,Swiggy Instamart,Mumbai,41.0,Baby Care,Yes,783.98,17.7,7.4,6.0,4.0,5.0
ORD004998,Zepto,Bangalore,43.0,Beverages,No,388.96,18.6,0.87,7.0,,5.0
ORD004999,JioMart Express,Ahmedabad,37.0,Groceries,Yes,312.8,18.0,1.76,2.0,4.0,3.0
ORD005000,JioMart Express,Chennai,26.0,Household Essentials,Yes,344.43,16.4,9.39,18.0,5.0,4.0
